event_id,signal_id,start_ts,end_ts,duration_hours,n_points,peak_score,mean_score,severity_label
1,CF_Solar,2022-01-10 08:00:00,2022-01-10 10:00:00,2.0,3,0.621582497486024,0.5872381510656829,LOW
2,CF_Solar,2022-01-10 16:00:00,2022-01-10 16:00:00,0.0,1,0.6030782302517947,0.6030782302517947,LOW
3,CF_Solar,2022-01-11 09:00:00,2022-01-11 09:00:00,0.0,1,0.4085679036420986,0.4085679036420986,LOW
4,CF_Solar,2022-01-11 15:00:00,2022-01-11 16:00:00,1.0,2,0.8162942106057107,0.7035331539003866,LOW
5,CF_Solar,2022-01-12 16:00:00,2022-01-12 16:00:00,0.0,1,0.4639436572116304,0.4639436572116304,LOW
6,CF_Solar,2022-01-13 16:00:00,2022-01-13 16:00:00,0.0,1,0.2366295633121158,0.2366295633121158,LOW
7,CF_Solar,2022-01-14 16:00:00,2022-01-14 16:00:00,0.0,1,0.3170595242110472,0.3170595242110472,LOW
8,CF_Solar,2022-01-17 08:00:00,2022-01-17 09:00:00,1.0,2,0.452954243705151,0.45285893627098317,LOW
9,CF_Solar,2022-01-17 16:00:00,2022-01-17 16:00:00,0.0,1,0.4860835938212826,0.4860835938212826,LOW
10,CF_Solar,2022-01-18 08:00:00,2022-01-18 08:00:00,0.0,1,0.6583804425714201,0.6583804425714201,LOW
11,CF_Solar,2022-01-18 16:00:00,2022-01-18 16:00:00,0.0,1,0.5813169053678564,0.5813169053678564,LOW
12,CF_Solar,2022-01-20 16:00:00,2022-01-20 16:00:00,0.0,1,0.0592087521619113,0.0592087521619113,LOW
13,CF_Solar,2022-01-21 08:00:00,2022-01-21 08:00:00,0.0,1,0.1445136280006751,0.1445136280006751,LOW
14,CF_Solar,2022-01-21 15:00:00,2022-01-21 16:00:00,1.0,2,0.5504429190719762,0.5464960491954294,LOW
15,CF_Solar,2022-01-26 16:00:00,2022-01-26 16:00:00,0.0,1,0.1639698126666999,0.1639698126666999,LOW
16,CF_Solar,2022-01-28 07:00:00,2022-01-28 08:00:00,1.0,2,0.3389118913999711,0.3111953012056304,LOW
17,CF_Solar,2022-01-28 16:00:00,2022-01-28 16:00:00,0.0,1,0.846770591713871,0.846770591713871,LOW
18,CF_Solar,2022-01-30 07:00:00,2022-01-30 07:00:00,0.0,1,0.1135640983858441,0.1135640983858441,LOW
19,CF_Solar,2022-01-31 08:00:00,2022-01-31 08:00:00,0.0,1,0.0868779628035167,0.0868779628035167,LOW
20,CF_Solar,2022-02-02 07:00:00,2022-02-02 07:00:00,0.0,1,0.1674520290042924,0.1674520290042924,LOW
21,CF_Solar,2022-02-07 07:00:00,2022-02-07 07:00:00,0.0,1,0.0810681902192993,0.0810681902192993,LOW
22,CF_Solar,2022-02-07 17:00:00,2022-02-07 17:00:00,0.0,1,0.787391430437369,0.787391430437369,LOW
23,CF_Solar,2022-02-08 17:00:00,2022-02-08 17:00:00,0.0,1,0.4214482752974906,0.4214482752974906,LOW
24,CF_Solar,2022-02-11 17:00:00,2022-02-11 17:00:00,0.0,1,0.1249853062357864,0.1249853062357864,LOW
25,CF_Solar,2022-02-17 07:00:00,2022-02-17 07:00:00,0.0,1,0.0148973005292796,0.0148973005292796,LOW
26,CF_Solar,2022-02-28 07:00:00,2022-02-28 07:00:00,0.0,1,0.199038209016559,0.199038209016559,LOW
27,CF_Solar,2022-03-03 06:00:00,2022-03-03 06:00:00,0.0,1,2.2531783327252786,2.2531783327252786,HIGH
28,CF_Solar,2022-03-04 06:00:00,2022-03-04 08:00:00,2.0,3,2.2572372077830622,1.7564694717674,HIGH
29,CF_Solar,2022-03-04 17:00:00,2022-03-04 17:00:00,0.0,1,1.7693040313762058,1.7693040313762058,HIGH
30,CF_Solar,2022-03-05 06:00:00,2022-03-05 06:00:00,0.0,1,1.3655484972603822,1.3655484972603822,MEDIUM
31,CF_Solar,2022-03-06 06:00:00,2022-03-06 06:00:00,0.0,1,1.0031927986292224,1.0031927986292224,MEDIUM
32,CF_Solar,2022-03-07 06:00:00,2022-03-07 07:00:00,1.0,2,2.143841515476631,1.9556973100752915,HIGH
33,CF_Solar,2022-03-07 17:00:00,2022-03-07 17:00:00,0.0,1,2.02610716102555,2.02610716102555,HIGH
34,CF_Solar,2022-03-08 06:00:00,2022-03-08 07:00:00,1.0,2,2.2318158151463194,2.230628759231954,HIGH
35,CF_Solar,2022-03-08 17:00:00,2022-03-08 17:00:00,0.0,1,1.8241203394742729,1.8241203394742729,HIGH
36,CF_Solar,2022-03-09 06:00:00,2022-03-09 06:00:00,0.0,1,2.168995374199861,2.168995374199861,HIGH
37,CF_Solar,2022-03-09 16:00:00,2022-03-09 17:00:00,1.0,2,1.7376560226637292,1.7067372633210447,HIGH
38,CF_Solar,2022-03-10 06:00:00,2022-03-10 07:00:00,1.0,2,1.9519548649041347,1.9016043111379464,HIGH
39,CF_Solar,2022-03-14 06:00:00,2022-03-14 07:00:00,1.0,2,1.3590166939324833,1.1376913192036031,MEDIUM
40,CF_Solar,2022-03-15 16:00:00,2022-03-15 17:00:00,1.0,2,0.7194001506721535,0.6771033382683552,LOW
41,CF_Solar,2022-03-28 06:00:00,2022-03-28 06:00:00,0.0,1,0.7542079715310945,0.7542079715310945,LOW
42,CF_Solar,2022-03-31 08:00:00,2022-03-31 09:00:00,1.0,2,0.4345578433083514,0.3563176051370204,LOW
43,CF_Solar,2022-04-01 06:00:00,2022-04-01 08:00:00,2.0,3,0.3392312884442612,0.26196109562765296,LOW
44,CF_Solar,2022-04-02 06:00:00,2022-04-02 07:00:00,1.0,2,0.4048197536593003,0.26807481119558313,LOW
45,CF_Solar,2022-04-03 05:00:00,2022-04-03 05:00:00,0.0,1,0.1141949396482433,0.1141949396482433,LOW
46,CF_Solar,2022-04-05 17:00:00,2022-04-05 18:00:00,1.0,2,0.2632514311911045,0.1995580977025776,LOW
47,CF_Solar,2022-04-08 05:00:00,2022-04-08 06:00:00,1.0,2,0.3680486846733084,0.3296958601228669,LOW
48,CF_Solar,2022-04-11 05:00:00,2022-04-11 05:00:00,0.0,1,0.8220699062741474,0.8220699062741474,LOW
49,CF_Solar,2022-04-13 05:00:00,2022-04-13 05:00:00,0.0,1,0.2915840300333563,0.2915840300333563,LOW
50,CF_Solar,2022-04-14 05:00:00,2022-04-14 05:00:00,0.0,1,0.4982988971252802,0.4982988971252802,LOW
51,CF_Solar,2022-04-15 05:00:00,2022-04-15 05:00:00,0.0,1,0.1382439525437089,0.1382439525437089,LOW
52,CF_Solar,2022-04-16 05:00:00,2022-04-16 05:00:00,0.0,1,0.2656091050667679,0.2656091050667679,LOW
53,CF_Solar,2022-04-19 05:00:00,2022-04-19 08:00:00,3.0,4,1.3755986054014893,0.6923056067801084,MEDIUM
54,CF_Solar,2022-04-22 05:00:00,2022-04-22 05:00:00,0.0,1,0.0470383960379154,0.0470383960379154,LOW
55,CF_Solar,2022-04-25 05:00:00,2022-04-25 07:00:00,2.0,3,0.6343798355221233,0.3035936390510679,LOW
56,CF_Solar,2022-04-25 17:00:00,2022-04-25 17:00:00,0.0,1,0.2452008496137541,0.2452008496137541,LOW
57,CF_Solar,2022-04-28 05:00:00,2022-04-28 05:00:00,0.0,1,0.7795897390701187,0.7795897390701187,LOW
58,CF_Solar,2022-05-02 05:00:00,2022-05-02 07:00:00,2.0,3,1.195495326929828,0.9614765185034626,MEDIUM
59,CF_Solar,2022-05-03 19:00:00,2022-05-03 19:00:00,0.0,1,0.8657832747642971,0.8657832747642971,LOW
60,CF_Solar,2022-05-05 04:00:00,2022-05-05 04:00:00,0.0,1,1.2663560482041305,1.2663560482041305,MEDIUM
61,CF_Solar,2022-05-06 04:00:00,2022-05-06 04:00:00,0.0,1,0.9173389392747572,0.9173389392747572,LOW
62,CF_Solar,2022-05-09 04:00:00,2022-05-09 05:00:00,1.0,2,1.10784417337875,0.9174267579574433,MEDIUM
63,CF_Solar,2022-05-11 04:00:00,2022-05-11 04:00:00,0.0,1,0.9140811107595944,0.9140811107595944,LOW
64,CF_Solar,2022-05-13 04:00:00,2022-05-13 06:00:00,2.0,3,0.6675764688709711,0.40432821299356353,LOW
65,CF_Solar,2022-05-14 04:00:00,2022-05-14 04:00:00,0.0,1,0.1585554378935343,0.1585554378935343,LOW
66,CF_Solar,2022-05-16 04:00:00,2022-05-16 04:00:00,0.0,1,0.56143620859276,0.56143620859276,LOW
67,CF_Solar,2022-05-17 04:00:00,2022-05-17 05:00:00,1.0,2,0.8657084624129157,0.6310002364664911,LOW
68,CF_Solar,2022-05-17 19:00:00,2022-05-17 19:00:00,0.0,1,0.8243894725601559,0.8243894725601559,LOW
69,CF_Solar,2022-05-18 04:00:00,2022-05-18 04:00:00,0.0,1,0.7391601887207739,0.7391601887207739,LOW
70,CF_Solar,2022-05-19 04:00:00,2022-05-19 04:00:00,0.0,1,0.3034575986309755,0.3034575986309755,LOW
71,CF_Solar,2022-05-20 04:00:00,2022-05-20 04:00:00,0.0,1,0.3964199740220056,0.3964199740220056,LOW
72,CF_Solar,2022-05-21 04:00:00,2022-05-21 05:00:00,1.0,2,0.3955533212869784,0.34530263744428036,LOW
73,CF_Solar,2022-05-22 04:00:00,2022-05-22 04:00:00,0.0,1,0.1765382209281585,0.1765382209281585,LOW
74,CF_Solar,2022-05-23 04:00:00,2022-05-23 04:00:00,0.0,1,0.3592478886653443,0.3592478886653443,LOW
75,CF_Solar,2022-05-25 04:00:00,2022-05-25 05:00:00,1.0,2,0.3492482448303264,0.3110582192354757,LOW
76,CF_Solar,2022-05-28 06:00:00,2022-05-28 06:00:00,0.0,1,0.0718910162710346,0.0718910162710346,LOW
77,CF_Solar,2022-05-31 19:00:00,2022-05-31 19:00:00,0.0,1,0.7528009396297932,0.7528009396297932,LOW
78,CF_Solar,2022-06-01 04:00:00,2022-06-01 04:00:00,0.0,1,0.7663236365473993,0.7663236365473993,LOW
79,CF_Solar,2022-06-07 04:00:00,2022-06-07 04:00:00,0.0,1,0.6821511335889434,0.6821511335889434,LOW
80,CF_Solar,2022-06-09 19:00:00,2022-06-09 19:00:00,0.0,1,0.2953903005553877,0.2953903005553877,LOW
81,CF_Solar,2022-06-10 04:00:00,2022-06-10 07:00:00,3.0,4,0.6306569008731691,0.5117740515061022,LOW
82,CF_Solar,2022-06-12 04:00:00,2022-06-12 04:00:00,0.0,1,0.7829396853580841,0.7829396853580841,LOW
83,CF_Solar,2022-06-13 04:00:00,2022-06-13 04:00:00,0.0,1,0.4794009236318191,0.4794009236318191,LOW
84,CF_Solar,2022-06-14 04:00:00,2022-06-14 05:00:00,1.0,2,0.860977801730102,0.584424069971298,LOW
85,CF_Solar,2022-06-17 04:00:00,2022-06-17 06:00:00,2.0,3,1.6411705993610464,0.992415250719696,HIGH
86,CF_Solar,2022-06-18 04:00:00,2022-06-18 04:00:00,0.0,1,1.0225242770840977,1.0225242770840977,MEDIUM
87,CF_Solar,2022-06-20 04:00:00,2022-06-20 04:00:00,0.0,1,1.3248889739366143,1.3248889739366143,MEDIUM
88,CF_Solar,2022-06-21 04:00:00,2022-06-21 04:00:00,0.0,1,1.2455667201586895,1.2455667201586895,MEDIUM
89,CF_Solar,2022-06-22 19:00:00,2022-06-22 19:00:00,0.0,1,2.1791765847754423,2.1791765847754423,HIGH
90,CF_Solar,2022-06-23 04:00:00,2022-06-23 04:00:00,0.0,1,2.202530510622297,2.202530510622297,HIGH
91,CF_Solar,2022-06-24 04:00:00,2022-06-24 04:00:00,0.0,1,1.3622319939494931,1.3622319939494931,MEDIUM
92,CF_Solar,2022-06-25 04:00:00,2022-06-25 05:00:00,1.0,2,0.6669277925101265,0.4652493970999706,LOW
93,CF_Solar,2022-06-27 04:00:00,2022-06-27 04:00:00,0.0,1,1.6829348643777342,1.6829348643777342,HIGH
94,CF_Solar,2022-06-27 19:00:00,2022-06-27 19:00:00,0.0,1,1.794164500816175,1.794164500816175,HIGH
95,CF_Solar,2022-06-28 17:00:00,2022-06-28 19:00:00,2.0,3,2.486296413840389,2.3328205319610125,HIGH
96,CF_Solar,2022-06-29 17:00:00,2022-06-29 19:00:00,2.0,3,1.899324960866993,1.4075099481323938,HIGH
97,CF_Solar,2022-06-30 04:00:00,2022-06-30 04:00:00,0.0,1,1.959103880363497,1.959103880363497,HIGH
98,CF_Solar,2022-06-30 19:00:00,2022-06-30 19:00:00,0.0,1,2.139248516225289,2.139248516225289,HIGH
99,CF_Solar,2022-07-01 04:00:00,2022-07-01 04:00:00,0.0,1,1.805507015206476,1.805507015206476,HIGH
100,CF_Solar,2022-07-01 18:00:00,2022-07-01 19:00:00,1.0,2,1.6248203729617134,1.5881971887445105,HIGH
101,CF_Solar,2022-07-02 04:00:00,2022-07-02 05:00:00,1.0,2,1.3897621856955924,0.9552092034424902,MEDIUM
102,CF_Solar,2022-07-04 04:00:00,2022-07-04 04:00:00,0.0,1,2.3012121800919005,2.3012121800919005,HIGH
103,CF_Solar,2022-07-04 16:00:00,2022-07-04 18:00:00,2.0,3,1.840813861014768,1.5766637242330372,HIGH
104,CF_Solar,2022-07-05 19:00:00,2022-07-05 19:00:00,0.0,1,1.6370845911178769,1.6370845911178769,HIGH
105,CF_Solar,2022-07-06 04:00:00,2022-07-06 04:00:00,0.0,1,2.302359993491071,2.302359993491071,HIGH
106,CF_Solar,2022-07-07 04:00:00,2022-07-07 04:00:00,0.0,1,2.490959894963797,2.490959894963797,HIGH
107,CF_Solar,2022-07-07 18:00:00,2022-07-07 19:00:00,1.0,2,1.3430615789879166,1.1883026392393967,MEDIUM
108,CF_Solar,2022-07-08 04:00:00,2022-07-08 05:00:00,1.0,2,1.92903581645284,1.6169215296979536,HIGH
109,CF_Solar,2022-07-10 04:00:00,2022-07-10 04:00:00,0.0,1,0.0336940257049076,0.0336940257049076,LOW
110,CF_Solar,2022-07-11 04:00:00,2022-07-11 05:00:00,1.0,2,2.9533604740094104,2.5555231081442633,HIGH
111,CF_Solar,2022-07-11 19:00:00,2022-07-11 19:00:00,0.0,1,2.3425344505005703,2.3425344505005703,HIGH
112,CF_Solar,2022-07-13 04:00:00,2022-07-13 04:00:00,0.0,1,3.468664200039683,3.468664200039683,HIGH
113,CF_Solar,2022-07-14 04:00:00,2022-07-14 05:00:00,1.0,2,3.992621388749104,3.5529148925853056,HIGH
114,CF_Solar,2022-07-15 04:00:00,2022-07-15 05:00:00,1.0,2,2.750106910402627,2.30974502707367,HIGH
115,CF_Solar,2022-07-16 04:00:00,2022-07-16 04:00:00,0.0,1,1.949837699201013,1.949837699201013,HIGH
116,CF_Solar,2022-07-18 04:00:00,2022-07-18 05:00:00,1.0,2,3.7885047868632418,3.4617844343484743,HIGH
117,CF_Solar,2022-07-18 19:00:00,2022-07-18 19:00:00,0.0,1,3.861957137928464,3.861957137928464,HIGH
118,CF_Solar,2022-07-19 04:00:00,2022-07-19 04:00:00,0.0,1,3.736616465556682,3.736616465556682,HIGH
119,CF_Solar,2022-07-19 17:00:00,2022-07-19 19:00:00,2.0,3,4.081200508150502,3.376023812902336,HIGH
120,CF_Solar,2022-07-20 19:00:00,2022-07-20 19:00:00,0.0,1,2.8507142877392293,2.8507142877392293,HIGH
121,CF_Solar,2022-07-21 04:00:00,2022-07-21 05:00:00,1.0,2,3.824063497157227,3.457839710398015,HIGH
122,CF_Solar,2022-07-22 04:00:00,2022-07-22 05:00:00,1.0,2,3.139152696166292,2.9756128465583154,HIGH
123,CF_Solar,2022-07-22 19:00:00,2022-07-22 19:00:00,0.0,1,3.6822345719430816,3.6822345719430816,HIGH
124,CF_Solar,2022-07-23 04:00:00,2022-07-23 05:00:00,1.0,2,2.3205414979218664,2.0672594471709154,HIGH
125,CF_Solar,2022-07-23 19:00:00,2022-07-23 19:00:00,0.0,1,1.6805258933918708,1.6805258933918708,HIGH
126,CF_Solar,2022-07-24 04:00:00,2022-07-24 04:00:00,0.0,1,0.5806642193044624,0.5806642193044624,LOW
127,CF_Solar,2022-07-25 04:00:00,2022-07-25 05:00:00,1.0,2,2.828810922549015,2.57008132738678,HIGH
128,CF_Solar,2022-07-25 19:00:00,2022-07-25 19:00:00,0.0,1,2.379964318122944,2.379964318122944,HIGH
129,CF_Solar,2022-07-26 05:00:00,2022-07-26 19:00:00,14.0,15,3.0739933828271617,1.9959224725452749,HIGH
130,CF_Solar,2022-07-27 04:00:00,2022-07-27 04:00:00,0.0,1,4.266894720515369,4.266894720515369,HIGH
131,CF_Solar,2022-07-27 18:00:00,2022-07-27 19:00:00,1.0,2,3.2722418601382897,3.086039771879359,HIGH
132,CF_Solar,2022-07-28 04:00:00,2022-07-28 05:00:00,1.0,2,4.535973092413763,3.9802438103915803,HIGH
133,CF_Solar,2022-07-28 19:00:00,2022-07-28 19:00:00,0.0,1,3.266009026330269,3.266009026330269,HIGH
134,CF_Solar,2022-07-29 04:00:00,2022-07-29 05:00:00,1.0,2,4.3422380873603394,3.8475773071295567,HIGH
135,CF_Solar,2022-07-29 19:00:00,2022-07-29 19:00:00,0.0,1,3.1503098790791504,3.1503098790791504,HIGH
136,CF_Solar,2022-07-30 05:00:00,2022-07-30 06:00:00,1.0,2,2.291009102889083,1.8808910784902262,HIGH
137,CF_Solar,2022-07-31 04:00:00,2022-07-31 05:00:00,1.0,2,2.175134677689943,1.5104518193458634,HIGH
138,CF_Solar,2022-08-01 04:00:00,2022-08-01 05:00:00,1.0,2,3.368712774002038,3.155797345347916,HIGH
139,CF_Solar,2022-08-01 19:00:00,2022-08-01 19:00:00,0.0,1,3.5637769661927914,3.5637769661927914,HIGH
140,CF_Solar,2022-08-02 05:00:00,2022-08-02 05:00:00,0.0,1,3.1564343596283506,3.1564343596283506,HIGH
141,CF_Solar,2022-08-02 19:00:00,2022-08-02 19:00:00,0.0,1,4.002788324097938,4.002788324097938,HIGH
142,CF_Solar,2022-08-03 19:00:00,2022-08-03 19:00:00,0.0,1,4.061408838477265,4.061408838477265,HIGH
143,CF_Solar,2022-08-04 05:00:00,2022-08-04 06:00:00,1.0,2,3.310438816027567,2.93868333796117,HIGH
144,CF_Solar,2022-08-04 18:00:00,2022-08-04 19:00:00,1.0,2,3.508905645256581,3.2864327283943258,HIGH
145,CF_Solar,2022-08-05 05:00:00,2022-08-05 05:00:00,0.0,1,2.7295495893552504,2.7295495893552504,HIGH
146,CF_Solar,2022-08-05 19:00:00,2022-08-05 19:00:00,0.0,1,3.03997331181566,3.03997331181566,HIGH
147,CF_Solar,2022-08-06 05:00:00,2022-08-06 05:00:00,0.0,1,1.18755311037955,1.18755311037955,MEDIUM
148,CF_Solar,2022-08-08 05:00:00,2022-08-08 05:00:00,0.0,1,1.7128866376361005,1.7128866376361005,HIGH
149,CF_Solar,2022-08-08 19:00:00,2022-08-08 19:00:00,0.0,1,2.205740991884145,2.205740991884145,HIGH
150,CF_Solar,2022-08-09 19:00:00,2022-08-09 19:00:00,0.0,1,2.076929353258356,2.076929353258356,HIGH
151,CF_Solar,2022-08-10 19:00:00,2022-08-10 19:00:00,0.0,1,2.0090236667740617,2.0090236667740617,HIGH
152,CF_Solar,2022-08-11 05:00:00,2022-08-11 05:00:00,0.0,1,2.249506590124468,2.249506590124468,HIGH
153,CF_Solar,2022-08-12 05:00:00,2022-08-12 05:00:00,0.0,1,3.0367864009923897,3.0367864009923897,HIGH
154,CF_Solar,2022-08-12 19:00:00,2022-08-12 19:00:00,0.0,1,2.8569090365549243,2.8569090365549243,HIGH
155,CF_Solar,2022-08-13 05:00:00,2022-08-13 05:00:00,0.0,1,2.170524994691561,2.170524994691561,HIGH
156,CF_Solar,2022-08-16 05:00:00,2022-08-16 06:00:00,1.0,2,2.821127527199996,2.3286426106847506,HIGH
157,CF_Solar,2022-08-16 19:00:00,2022-08-16 19:00:00,0.0,1,3.636411154130312,3.636411154130312,HIGH
158,CF_Solar,2022-08-17 05:00:00,2022-08-17 05:00:00,0.0,1,4.097499314379524,4.097499314379524,HIGH
159,CF_Solar,2022-08-17 19:00:00,2022-08-17 19:00:00,0.0,1,3.627413427952176,3.627413427952176,HIGH
160,CF_Solar,2022-08-18 05:00:00,2022-08-18 05:00:00,0.0,1,3.7426336931849455,3.7426336931849455,HIGH
161,CF_Solar,2022-08-18 19:00:00,2022-08-18 19:00:00,0.0,1,3.5952656643094087,3.5952656643094087,HIGH
162,CF_Solar,2022-08-19 05:00:00,2022-08-19 06:00:00,1.0,2,3.639108938452477,3.123975281479707,HIGH
163,CF_Solar,2022-08-19 18:00:00,2022-08-19 18:00:00,0.0,1,2.73835553675305,2.73835553675305,HIGH
164,CF_Solar,2022-08-20 05:00:00,2022-08-20 06:00:00,1.0,2,2.8725575860352963,2.533589750840835,HIGH
165,CF_Solar,2022-08-21 05:00:00,2022-08-21 05:00:00,0.0,1,0.9500259397733544,0.9500259397733544,LOW
166,CF_Solar,2022-08-22 05:00:00,2022-08-22 07:00:00,2.0,3,2.6791134706715063,2.1755727234452027,HIGH
167,CF_Solar,2022-08-22 17:00:00,2022-08-22 18:00:00,1.0,2,2.020947295840938,1.811780305310772,HIGH
168,CF_Solar,2022-08-23 05:00:00,2022-08-23 07:00:00,2.0,3,2.899858788368161,2.3323712389184403,HIGH
169,CF_Solar,2022-08-24 05:00:00,2022-08-24 06:00:00,1.0,2,3.2448188885304967,2.884357959953637,HIGH
170,CF_Solar,2022-08-25 05:00:00,2022-08-25 06:00:00,1.0,2,3.8307640372338505,3.4181734268476753,HIGH
171,CF_Solar,2022-08-26 05:00:00,2022-08-26 06:00:00,1.0,2,3.978479172450007,3.570128917381094,HIGH
172,CF_Solar,2022-08-26 17:00:00,2022-08-26 18:00:00,1.0,2,3.085023934683173,2.7937997037107167,HIGH
173,CF_Solar,2022-08-27 05:00:00,2022-08-27 06:00:00,1.0,2,3.198390624457092,2.753341129531801,HIGH
174,CF_Solar,2022-08-28 05:00:00,2022-08-28 05:00:00,0.0,1,2.703406933137523,2.703406933137523,HIGH
175,CF_Solar,2022-08-29 05:00:00,2022-08-29 06:00:00,1.0,2,2.9376124277860267,2.420022641979081,HIGH
176,CF_Solar,2022-08-30 05:00:00,2022-08-30 06:00:00,1.0,2,3.817638322695052,3.4067287674269946,HIGH
177,CF_Solar,2022-08-31 05:00:00,2022-08-31 07:00:00,2.0,3,3.99617923105615,3.388219293816143,HIGH
178,CF_Solar,2022-08-31 14:00:00,2022-08-31 18:00:00,4.0,5,2.181618719599859,1.8426973926688834,HIGH
179,CF_Solar,2022-09-01 05:00:00,2022-09-01 08:00:00,3.0,4,3.1092823601540704,2.536110964257862,HIGH
180,CF_Solar,2022-09-01 18:00:00,2022-09-01 18:00:00,0.0,1,2.01825931723099,2.01825931723099,HIGH
181,CF_Solar,2022-09-02 05:00:00,2022-09-02 06:00:00,1.0,2,3.310960144629174,2.8576909406656643,HIGH
182,CF_Solar,2022-09-03 05:00:00,2022-09-03 05:00:00,0.0,1,2.347462723203223,2.347462723203223,HIGH
183,CF_Solar,2022-09-04 18:00:00,2022-09-04 18:00:00,0.0,1,3.3257106888674484,3.3257106888674484,HIGH
184,CF_Solar,2022-09-05 05:00:00,2022-09-05 05:00:00,0.0,1,3.3869735641139984,3.3869735641139984,HIGH
185,CF_Solar,2022-09-06 05:00:00,2022-09-06 05:00:00,0.0,1,3.5453092172339336,3.5453092172339336,HIGH
186,CF_Solar,2022-09-06 17:00:00,2022-09-06 18:00:00,1.0,2,2.877856582034207,2.6210398769925805,HIGH
187,CF_Solar,2022-09-07 05:00:00,2022-09-07 06:00:00,1.0,2,3.9113648728647608,3.4858016757754755,HIGH
188,CF_Solar,2022-09-07 17:00:00,2022-09-07 18:00:00,1.0,2,2.9913836446027875,2.7270464732782598,HIGH
189,CF_Solar,2022-09-08 05:00:00,2022-09-08 05:00:00,0.0,1,2.659861170561264,2.659861170561264,HIGH
190,CF_Solar,2022-09-09 05:00:00,2022-09-09 05:00:00,0.0,1,2.837084979409746,2.837084979409746,HIGH
191,CF_Solar,2022-09-09 17:00:00,2022-09-09 17:00:00,0.0,1,1.84969362063014,1.84969362063014,HIGH
192,CF_Solar,2022-09-10 05:00:00,2022-09-10 05:00:00,0.0,1,1.5715915988788502,1.5715915988788502,HIGH
193,CF_Solar,2022-09-11 05:00:00,2022-09-11 05:00:00,0.0,1,1.203608096169538,1.203608096169538,MEDIUM
194,CF_Solar,2022-09-12 05:00:00,2022-09-12 05:00:00,0.0,1,2.269319363265556,2.269319363265556,HIGH
195,CF_Solar,2022-09-12 18:00:00,2022-09-12 18:00:00,0.0,1,2.7956925690481773,2.7956925690481773,HIGH
196,CF_Solar,2022-09-13 17:00:00,2022-09-13 18:00:00,1.0,2,3.0033263755759,2.7481960556123646,HIGH
197,CF_Solar,2022-09-14 17:00:00,2022-09-14 18:00:00,1.0,2,2.9942314906624405,2.7444407974993883,HIGH
198,CF_Solar,2022-09-15 05:00:00,2022-09-15 05:00:00,0.0,1,2.718866702930208,2.718866702930208,HIGH
199,CF_Solar,2022-09-15 17:00:00,2022-09-15 18:00:00,1.0,2,2.0823153409528388,1.8374093964096958,HIGH
200,CF_Solar,2022-09-16 06:00:00,2022-09-16 09:00:00,3.0,4,2.1967479971140875,1.8890224936602247,HIGH
201,CF_Solar,2022-09-18 06:00:00,2022-09-18 06:00:00,0.0,1,0.7284581052705124,0.7284581052705124,LOW
202,CF_Solar,2022-09-20 17:00:00,2022-09-20 17:00:00,0.0,1,1.575797725293185,1.575797725293185,HIGH
203,CF_Solar,2022-09-22 06:00:00,2022-09-22 06:00:00,0.0,1,2.304611944424797,2.304611944424797,HIGH
204,CF_Solar,2022-09-27 08:00:00,2022-09-27 10:00:00,2.0,3,1.3263601848480244,1.2102102071028926,MEDIUM
205,CF_Solar,2022-09-28 06:00:00,2022-09-28 07:00:00,1.0,2,2.2685829108526194,1.999551777432702,HIGH
206,CF_Solar,2022-09-28 16:00:00,2022-09-28 17:00:00,1.0,2,2.106426525635817,1.9497752949350242,HIGH
207,CF_Solar,2022-09-29 06:00:00,2022-09-29 10:00:00,4.0,5,2.4477454530498126,2.1004741873756902,HIGH
208,CF_Solar,2022-09-29 17:00:00,2022-09-29 17:00:00,0.0,1,2.2993099286136904,2.2993099286136904,HIGH
209,CF_Solar,2022-09-30 06:00:00,2022-09-30 09:00:00,3.0,4,2.5370069844979666,1.9005784660928975,HIGH
210,CF_Solar,2022-10-03 17:00:00,2022-10-03 17:00:00,0.0,1,0.822784622688536,0.822784622688536,LOW
211,CF_Solar,2022-10-11 17:00:00,2022-10-11 17:00:00,0.0,1,0.7593516515344887,0.7593516515344887,LOW
212,CF_Solar,2022-10-15 06:00:00,2022-10-15 07:00:00,1.0,2,0.7120287022572869,0.3883833326114917,LOW
213,CF_Solar,2022-10-21 06:00:00,2022-10-21 07:00:00,1.0,2,0.5285043832762031,0.40733558858605345,LOW
214,CF_Solar,2022-11-21 16:00:00,2022-11-21 16:00:00,0.0,1,0.5020005532097092,0.5020005532097092,LOW
215,CF_Solar,2022-11-22 12:00:00,2022-11-22 16:00:00,4.0,5,0.7079977098369086,0.5497842240684123,LOW
216,CF_Solar,2022-11-24 08:00:00,2022-11-24 08:00:00,0.0,1,0.4229106511639018,0.4229106511639018,LOW
217,CF_Solar,2022-11-24 16:00:00,2022-11-24 16:00:00,0.0,1,0.832410372053715,0.832410372053715,LOW
218,CF_Solar,2022-11-25 16:00:00,2022-11-25 16:00:00,0.0,1,0.6705776241056427,0.6705776241056427,LOW
219,CF_Solar,2022-11-28 07:00:00,2022-11-28 09:00:00,2.0,3,0.7517202869824542,0.6300885221241754,LOW
220,CF_Solar,2022-11-28 13:00:00,2022-11-28 16:00:00,3.0,4,1.3289146897539827,1.052314082318581,MEDIUM
221,CF_Solar,2022-11-29 08:00:00,2022-11-29 16:00:00,8.0,9,2.1742055183006146,1.6690825805288794,HIGH
222,CF_Solar,2022-11-30 14:00:00,2022-11-30 16:00:00,2.0,3,2.3570632778717675,2.194790452179722,HIGH
223,CF_Solar,2022-12-01 11:00:00,2022-12-01 15:00:00,4.0,5,2.4524774064538333,2.331487664139574,HIGH
224,CF_Solar,2022-12-02 08:00:00,2022-12-02 16:00:00,8.0,9,2.1873443626803875,1.9673869462135398,HIGH
225,CF_Solar,2022-12-03 07:00:00,2022-12-03 07:00:00,0.0,1,0.4366822033244906,0.4366822033244906,LOW
226,CF_Solar,2022-12-05 08:00:00,2022-12-05 15:00:00,7.0,8,1.742064404095138,1.5475913517493898,HIGH
227,CF_Solar,2022-12-06 09:00:00,2022-12-06 16:00:00,7.0,8,2.1502263808944573,1.7536140931048048,HIGH
228,CF_Solar,2022-12-07 11:00:00,2022-12-07 12:00:00,1.0,2,1.111275325101737,1.0624321337169222,MEDIUM
229,CF_Solar,2022-12-07 14:00:00,2022-12-07 16:00:00,2.0,3,1.6421417375070722,1.4745775430512902,HIGH
230,CF_Solar,2022-12-09 07:00:00,2022-12-09 15:00:00,8.0,9,2.395630040429201,2.114359634473738,HIGH
231,CF_Solar,2022-12-10 13:00:00,2022-12-10 15:00:00,2.0,3,1.6085935972915428,1.5777613317323536,HIGH
232,CF_Solar,2022-12-11 07:00:00,2022-12-11 07:00:00,0.0,1,0.9907427613555776,0.9907427613555776,LOW
233,CF_Solar,2022-12-12 07:00:00,2022-12-12 16:00:00,9.0,10,2.559585419930346,2.1254829829107678,HIGH
234,CF_Solar,2022-12-13 13:00:00,2022-12-13 16:00:00,3.0,4,2.669556581167754,2.4251086800024013,HIGH
235,CF_Solar,2022-12-14 10:00:00,2022-12-14 16:00:00,6.0,7,2.4961641027022905,2.1417752016099856,HIGH
236,CF_Solar,2022-12-15 08:00:00,2022-12-15 15:00:00,7.0,8,3.3379216767803976,2.781973429738805,HIGH
237,CF_Solar,2022-12-16 11:00:00,2022-12-16 15:00:00,4.0,5,2.561194184328087,2.33653051901256,HIGH
238,CF_Solar,2022-12-17 08:00:00,2022-12-17 08:00:00,0.0,1,0.6584587399473909,0.6584587399473909,LOW
239,CF_Solar,2022-12-17 15:00:00,2022-12-17 16:00:00,1.0,2,0.9897629186985476,0.9444718479962926,LOW
240,CF_Solar,2022-12-19 14:00:00,2022-12-19 16:00:00,2.0,3,1.1309571027217762,0.9939736782770853,MEDIUM
241,CF_Solar,2022-12-20 14:00:00,2022-12-20 16:00:00,2.0,3,0.920343391020508,0.7748580834439925,LOW
242,CF_Solar,2022-12-22 14:00:00,2022-12-22 16:00:00,2.0,3,0.539132267181335,0.3935495955052443,LOW
243,CF_Wind,2022-01-08 05:00:00,2022-01-08 11:00:00,6.0,7,0.2825571904980848,0.20103406039278846,LOW
244,CF_Wind,2022-01-08 22:00:00,2022-01-09 00:00:00,2.0,3,0.6394281907153614,0.46256424691791587,LOW
245,CF_Wind,2022-01-09 22:00:00,2022-01-09 23:00:00,1.0,2,0.5145472868884748,0.4337832297017463,LOW
246,CF_Wind,2022-01-10 01:00:00,2022-01-10 01:00:00,0.0,1,0.070759252278856,0.070759252278856,LOW
247,CF_Wind,2022-01-10 22:00:00,2022-01-10 23:00:00,1.0,2,0.5852232276212734,0.5105599653518483,LOW
248,CF_Wind,2022-01-15 21:00:00,2022-01-16 03:00:00,6.0,7,0.4655850490616284,0.24335344881735382,LOW
249,CF_Wind,2022-01-16 07:00:00,2022-01-16 12:00:00,5.0,6,0.2053590860687357,0.13092500588435937,LOW
250,CF_Wind,2022-01-17 09:00:00,2022-01-17 16:00:00,7.0,8,0.5540430165075767,0.2965011450581596,LOW
251,CF_Wind,2022-01-18 09:00:00,2022-01-18 14:00:00,5.0,6,0.6538464841024472,0.4707952753659069,LOW
252,CF_Wind,2022-01-19 06:00:00,2022-01-19 08:00:00,2.0,3,0.5342376246918794,0.328818159286606,LOW
253,CF_Wind,2022-01-19 22:00:00,2022-01-19 22:00:00,0.0,1,0.3070386856074441,0.3070386856074441,LOW
254,CF_Wind,2022-01-21 10:00:00,2022-01-21 16:00:00,6.0,7,0.5504429190719762,0.40837160938493283,LOW
255,CF_Wind,2022-01-21 22:00:00,2022-01-22 00:00:00,2.0,3,1.447378184752225,0.8953978526350245,MEDIUM
256,CF_Wind,2022-01-24 02:00:00,2022-01-24 08:00:00,6.0,7,0.6213030701006823,0.46104851631368005,LOW
257,CF_Wind,2022-01-24 18:00:00,2022-01-25 07:00:00,13.0,14,1.2210319601491162,0.8302724011821863,MEDIUM
258,CF_Wind,2022-01-28 10:00:00,2022-01-28 16:00:00,6.0,7,1.1284220361336113,0.811624310064815,MEDIUM
259,CF_Wind,2022-01-29 01:00:00,2022-01-29 01:00:00,0.0,1,0.2725386415084225,0.2725386415084225,LOW
260,CF_Wind,2022-02-02 09:00:00,2022-02-02 16:00:00,7.0,8,0.8489867032061196,0.6022325188813404,LOW
261,CF_Wind,2022-02-04 04:00:00,2022-02-04 04:00:00,0.0,1,0.0887225278672243,0.0887225278672243,LOW
262,CF_Wind,2022-02-07 15:00:00,2022-02-07 17:00:00,2.0,3,0.787391430437369,0.6674241378920841,LOW
263,CF_Wind,2022-02-08 11:00:00,2022-02-08 13:00:00,2.0,3,0.8069420791779867,0.5167898956592417,LOW
264,CF_Wind,2022-02-10 03:00:00,2022-02-10 06:00:00,3.0,4,0.484921451562089,0.2616476101411027,LOW
265,CF_Wind,2022-02-11 04:00:00,2022-02-11 04:00:00,0.0,1,0.0722274023502524,0.0722274023502524,LOW
266,CF_Wind,2022-02-11 14:00:00,2022-02-11 14:00:00,0.0,1,0.0013630611719395,0.0013630611719395,LOW
267,CF_Wind,2022-02-12 11:00:00,2022-02-12 11:00:00,0.0,1,0.103017650499535,0.103017650499535,LOW
268,CF_Wind,2022-02-13 19:00:00,2022-02-13 19:00:00,0.0,1,0.0279439315270311,0.0279439315270311,LOW
269,CF_Wind,2022-02-14 07:00:00,2022-02-14 07:00:00,0.0,1,0.1133717616077865,0.1133717616077865,LOW
270,CF_Wind,2022-02-16 00:00:00,2022-02-16 04:00:00,4.0,5,0.2889866577147117,0.15525280305083702,LOW
271,CF_Wind,2022-02-18 18:00:00,2022-02-18 18:00:00,0.0,1,0.3283732806155937,0.3283732806155937,LOW
272,CF_Wind,2022-02-19 07:00:00,2022-02-19 07:00:00,0.0,1,0.1275976951562465,0.1275976951562465,LOW
273,CF_Wind,2022-02-21 12:00:00,2022-02-21 13:00:00,1.0,2,0.31367859353904,0.2512025017391015,LOW
274,CF_Wind,2022-02-23 09:00:00,2022-02-23 10:00:00,1.0,2,0.5927911683813079,0.3716709900985863,LOW
275,CF_Wind,2022-02-25 07:00:00,2022-02-25 10:00:00,3.0,4,0.4972808526420371,0.34207896147840017,LOW
276,CF_Wind,2022-02-27 12:00:00,2022-02-27 14:00:00,2.0,3,0.2617196237217789,0.22552645557531262,LOW
277,CF_Wind,2022-03-01 04:00:00,2022-03-01 08:00:00,4.0,5,0.9985534130886308,0.7696656143453178,LOW
278,CF_Wind,2022-03-03 13:00:00,2022-03-03 15:00:00,2.0,3,0.8311242486478521,0.5977548213615517,LOW
279,CF_Wind,2022-03-05 06:00:00,2022-03-05 17:00:00,11.0,12,1.3655484972603822,0.9408584174442743,MEDIUM
280,CF_Wind,2022-03-06 06:00:00,2022-03-06 15:00:00,9.0,10,1.0031927986292224,0.7364385629642549,MEDIUM
281,CF_Wind,2022-03-09 06:00:00,2022-03-09 13:00:00,7.0,8,2.212248982911289,2.0696942999623302,HIGH
282,CF_Wind,2022-03-10 12:00:00,2022-03-10 17:00:00,5.0,6,2.024423719743499,1.8266355825489982,HIGH
283,CF_Wind,2022-03-11 06:00:00,2022-03-11 06:00:00,0.0,1,0.9292357432473186,0.9292357432473186,LOW
284,CF_Wind,2022-03-11 11:00:00,2022-03-11 17:00:00,6.0,7,1.2070443708443943,0.999817710036904,MEDIUM
285,CF_Wind,2022-03-14 15:00:00,2022-03-14 16:00:00,1.0,2,0.6280679211403273,0.6058233501956869,LOW
286,CF_Wind,2022-03-15 04:00:00,2022-03-15 07:00:00,3.0,4,1.410262421838273,0.9593636623583268,MEDIUM
287,CF_Wind,2022-03-17 02:00:00,2022-03-17 17:00:00,15.0,16,0.872861917807773,0.6118231419619714,LOW
288,CF_Wind,2022-03-18 08:00:00,2022-03-18 17:00:00,9.0,10,0.8006810176669956,0.6596177732850602,LOW
289,CF_Wind,2022-03-19 05:00:00,2022-03-19 15:00:00,10.0,11,0.4911249419005095,0.41318497650446256,LOW
290,CF_Wind,2022-03-21 16:00:00,2022-03-21 18:00:00,2.0,3,0.447416396086981,0.25789072607083047,LOW
291,CF_Wind,2022-03-22 05:00:00,2022-03-22 18:00:00,13.0,14,1.1749400633921072,0.7826949234458678,MEDIUM
292,CF_Wind,2022-03-23 05:00:00,2022-03-23 18:00:00,13.0,14,1.2164142729523546,0.7643150712795659,MEDIUM
293,CF_Wind,2022-03-24 12:00:00,2022-03-24 17:00:00,5.0,6,0.4778393400577909,0.39323534814229916,LOW
294,CF_Wind,2022-03-25 05:00:00,2022-03-25 05:00:00,0.0,1,0.6566209757289967,0.6566209757289967,LOW
295,CF_Wind,2022-03-25 09:00:00,2022-03-25 17:00:00,8.0,9,1.012797872054405,0.5661193490018055,MEDIUM
296,CF_Wind,2022-03-26 04:00:00,2022-03-26 16:00:00,12.0,13,0.7383181861310311,0.4901600538346416,LOW
297,CF_Wind,2022-03-27 08:00:00,2022-03-27 18:00:00,10.0,11,1.0552191932641768,0.5138863475321115,MEDIUM
298,CF_Wind,2022-03-28 06:00:00,2022-03-28 18:00:00,12.0,13,1.0745719236055056,0.7287432732182323,MEDIUM
299,CF_Wind,2022-03-29 05:00:00,2022-03-29 18:00:00,13.0,14,1.0075279841909006,0.5120119615588015,MEDIUM
300,CF_Wind,2022-03-30 04:00:00,2022-03-30 12:00:00,8.0,9,1.3506177175446372,0.8356901415349084,MEDIUM
301,CF_Wind,2022-03-31 00:00:00,2022-03-31 02:00:00,2.0,3,1.2993058384804714,1.211253799314364,MEDIUM
302,CF_Wind,2022-03-31 05:00:00,2022-03-31 05:00:00,0.0,1,0.7010336622335451,0.7010336622335451,LOW
303,CF_Wind,2022-04-02 09:00:00,2022-04-02 12:00:00,3.0,4,0.2748566662157377,0.2029037047251204,LOW
304,CF_Wind,2022-04-03 09:00:00,2022-04-03 10:00:00,1.0,2,0.2688107234601264,0.16612982158620476,LOW
305,CF_Wind,2022-04-08 08:00:00,2022-04-08 10:00:00,2.0,3,0.4755145245314121,0.35574048131260083,LOW
306,CF_Wind,2022-04-11 13:00:00,2022-04-11 18:00:00,5.0,6,0.7880859368660944,0.5695196575722005,LOW
307,CF_Wind,2022-04-12 07:00:00,2022-04-12 17:00:00,10.0,11,0.7536631478491735,0.27360016371336476,LOW
308,CF_Wind,2022-04-13 16:00:00,2022-04-13 17:00:00,1.0,2,0.2125379678817678,0.18805562105303594,LOW
309,CF_Wind,2022-04-19 05:00:00,2022-04-19 18:00:00,13.0,14,1.3755986054014893,0.5972606846252881,MEDIUM
310,CF_Wind,2022-04-20 05:00:00,2022-04-20 18:00:00,13.0,14,0.8080661927510493,0.4859066400679658,LOW
311,CF_Wind,2022-04-21 01:00:00,2022-04-21 21:00:00,20.0,21,0.7479572075719938,0.4605574286148035,LOW
312,CF_Wind,2022-04-23 15:00:00,2022-04-23 15:00:00,0.0,1,0.3984705733372016,0.3984705733372016,LOW
313,CF_Wind,2022-04-26 06:00:00,2022-04-26 08:00:00,2.0,3,0.6989387881109392,0.38853495298739255,LOW
314,CF_Wind,2022-04-26 17:00:00,2022-04-26 18:00:00,1.0,2,0.8089884396738685,0.6892804229976253,LOW
315,CF_Wind,2022-04-27 14:00:00,2022-04-27 17:00:00,3.0,4,0.7836477133564417,0.5350538289203897,LOW
316,CF_Wind,2022-04-28 19:00:00,2022-04-28 19:00:00,0.0,1,0.7644877789439488,0.7644877789439488,LOW
317,CF_Wind,2022-04-29 04:00:00,2022-04-29 08:00:00,4.0,5,0.7873423192273135,0.42207279153619137,LOW
318,CF_Wind,2022-04-29 12:00:00,2022-04-29 19:00:00,7.0,8,0.763856698507964,0.5540824015130225,LOW
319,CF_Wind,2022-04-30 04:00:00,2022-04-30 19:00:00,15.0,16,1.0713317339999908,0.6139502385736497,MEDIUM
320,CF_Wind,2022-05-02 05:00:00,2022-05-02 19:00:00,14.0,15,1.2692481176018495,0.7588435539724825,MEDIUM
321,CF_Wind,2022-05-03 04:00:00,2022-05-03 19:00:00,15.0,16,1.210138359091718,0.7437356914818241,MEDIUM
322,CF_Wind,2022-05-04 04:00:00,2022-05-04 19:00:00,15.0,16,1.2457733954991406,0.7590093607912503,MEDIUM
323,CF_Wind,2022-05-05 04:00:00,2022-05-05 19:00:00,15.0,16,1.2663560482041305,0.6421341750795277,MEDIUM
324,CF_Wind,2022-05-06 04:00:00,2022-05-06 12:00:00,8.0,9,0.9173389392747572,0.3389280184521014,LOW
325,CF_Wind,2022-05-07 06:00:00,2022-05-07 09:00:00,3.0,4,0.3179438546867117,0.2187991814143172,LOW
326,CF_Wind,2022-05-08 00:00:00,2022-05-08 16:00:00,16.0,17,0.4479229032385061,0.275171168078179,LOW
327,CF_Wind,2022-05-09 05:00:00,2022-05-09 19:00:00,14.0,15,1.4319196416307778,0.6254214230443442,MEDIUM
328,CF_Wind,2022-05-10 04:00:00,2022-05-10 19:00:00,15.0,16,1.1929746642946908,0.8053126654734108,MEDIUM
329,CF_Wind,2022-05-11 04:00:00,2022-05-11 16:00:00,12.0,13,0.9140811107595944,0.5113407358936729,LOW
330,CF_Wind,2022-05-14 08:00:00,2022-05-14 09:00:00,1.0,2,0.1617659860272271,0.09654605761357321,LOW
331,CF_Wind,2022-05-14 14:00:00,2022-05-14 19:00:00,5.0,6,0.4364746460759809,0.30826044568832595,LOW
332,CF_Wind,2022-05-15 04:00:00,2022-05-15 19:00:00,15.0,16,0.9492718460949106,0.5311043109538798,LOW
333,CF_Wind,2022-05-16 04:00:00,2022-05-16 19:00:00,15.0,16,1.2013827502073169,0.7372952549053091,MEDIUM
334,CF_Wind,2022-05-18 05:00:00,2022-05-18 07:00:00,2.0,3,0.3480271636583054,0.21229149893275578,LOW
335,CF_Wind,2022-05-18 13:00:00,2022-05-18 19:00:00,6.0,7,0.918178618842824,0.6383866280426506,LOW
336,CF_Wind,2022-05-18 21:00:00,2022-05-18 21:00:00,0.0,1,0.3768582210834801,0.3768582210834801,LOW
337,CF_Wind,2022-05-20 11:00:00,2022-05-20 14:00:00,3.0,4,0.5444494837722527,0.393622482547727,LOW
338,CF_Wind,2022-05-22 16:00:00,2022-05-22 18:00:00,2.0,3,0.4801477944996781,0.3245381842687893,LOW
339,CF_Wind,2022-05-23 04:00:00,2022-05-23 08:00:00,4.0,5,0.3592478886653443,0.24060063816272778,LOW
340,CF_Wind,2022-05-23 12:00:00,2022-05-23 14:00:00,2.0,3,0.2445037113544825,0.14869697284359787,LOW
341,CF_Wind,2022-05-24 05:00:00,2022-05-24 06:00:00,1.0,2,0.0633395673948515,0.0420433399234215,LOW
342,CF_Wind,2022-05-25 04:00:00,2022-05-25 07:00:00,3.0,4,0.3492482448303264,0.17963431279394937,LOW
343,CF_Wind,2022-05-25 20:00:00,2022-05-25 21:00:00,1.0,2,0.2392129352727414,0.14521314573306185,LOW
344,CF_Wind,2022-05-29 09:00:00,2022-05-29 12:00:00,3.0,4,0.2084344787846266,0.15358675311909412,LOW
345,CF_Wind,2022-05-29 16:00:00,2022-05-29 20:00:00,4.0,5,0.3887701099362295,0.337880452140772,LOW
346,CF_Wind,2022-05-30 04:00:00,2022-05-30 19:00:00,15.0,16,1.0058318789243998,0.48402221107669813,MEDIUM
347,CF_Wind,2022-05-31 04:00:00,2022-05-31 07:00:00,3.0,4,1.0864620812873953,0.729290761523947,MEDIUM
348,CF_Wind,2022-05-31 14:00:00,2022-05-31 17:00:00,3.0,4,0.4344300200838686,0.31159798106740516,LOW
349,CF_Wind,2022-06-01 04:00:00,2022-06-01 07:00:00,3.0,4,0.7663236365473993,0.4164497731705699,LOW
350,CF_Wind,2022-06-01 11:00:00,2022-06-01 18:00:00,7.0,8,0.6952312748222,0.5203915863996633,LOW
351,CF_Wind,2022-06-02 04:00:00,2022-06-02 06:00:00,2.0,3,0.4884788843791803,0.2754623780558001,LOW
352,CF_Wind,2022-06-02 11:00:00,2022-06-02 14:00:00,3.0,4,0.5807943461105638,0.4113380237138318,LOW
353,CF_Wind,2022-06-03 07:00:00,2022-06-03 07:00:00,0.0,1,0.2015611073071959,0.2015611073071959,LOW
354,CF_Wind,2022-06-04 08:00:00,2022-06-04 14:00:00,6.0,7,0.3324594676148484,0.2621604815161412,LOW
355,CF_Wind,2022-06-05 08:00:00,2022-06-05 15:00:00,7.0,8,0.8039468630173958,0.46011493067529924,LOW
356,CF_Wind,2022-06-07 04:00:00,2022-06-07 10:00:00,6.0,7,0.6821511335889434,0.4324247967270191,LOW
357,CF_Wind,2022-06-08 15:00:00,2022-06-08 19:00:00,4.0,5,0.4021395346300376,0.2784801205561859,LOW
358,CF_Wind,2022-06-09 01:00:00,2022-06-09 01:00:00,0.0,1,0.1177105267809042,0.1177105267809042,LOW
359,CF_Wind,2022-06-10 08:00:00,2022-06-10 14:00:00,6.0,7,0.5911985315708255,0.33664979351743834,LOW
360,CF_Wind,2022-06-12 08:00:00,2022-06-12 18:00:00,10.0,11,0.5108450051752782,0.27497700458424323,LOW
361,CF_Wind,2022-06-13 04:00:00,2022-06-13 04:00:00,0.0,1,0.4794009236318191,0.4794009236318191,LOW
362,CF_Wind,2022-06-14 05:00:00,2022-06-14 06:00:00,1.0,2,0.3078703382124941,0.2850106199283958,LOW
363,CF_Wind,2022-06-14 12:00:00,2022-06-14 19:00:00,7.0,8,1.3046943009196177,0.6906729999477126,MEDIUM
364,CF_Wind,2022-06-15 02:00:00,2022-06-15 08:00:00,6.0,7,0.7403481800752232,0.4844779775895793,LOW
365,CF_Wind,2022-06-15 12:00:00,2022-06-15 18:00:00,6.0,7,0.5566565896692335,0.2949669320920813,LOW
366,CF_Wind,2022-06-17 19:00:00,2022-06-17 19:00:00,0.0,1,1.0875127862276597,1.0875127862276597,MEDIUM
367,CF_Wind,2022-06-18 04:00:00,2022-06-18 17:00:00,13.0,14,1.0419509558752824,0.7333430477859805,MEDIUM
368,CF_Wind,2022-06-19 06:00:00,2022-06-19 06:00:00,0.0,1,0.459512436316337,0.459512436316337,LOW
369,CF_Wind,2022-06-20 07:00:00,2022-06-20 07:00:00,0.0,1,0.2920816830750397,0.2920816830750397,LOW
370,CF_Wind,2022-06-20 16:00:00,2022-06-20 18:00:00,2.0,3,1.3347485365450793,0.9564299750663995,MEDIUM
371,CF_Wind,2022-06-21 15:00:00,2022-06-21 19:00:00,4.0,5,2.0785514087215016,1.3730363429105032,HIGH
372,CF_Wind,2022-06-22 04:00:00,2022-06-22 19:00:00,15.0,16,2.1791765847754423,1.2321282856885745,HIGH
373,CF_Wind,2022-06-23 01:00:00,2022-06-23 01:00:00,0.0,1,1.6298031284515422,1.6298031284515422,HIGH
374,CF_Wind,2022-06-23 04:00:00,2022-06-23 19:00:00,15.0,16,2.2380580995931805,1.3941206415878813,HIGH
375,CF_Wind,2022-06-24 01:00:00,2022-06-24 01:00:00,0.0,1,0.9455220837747332,0.9455220837747332,LOW
376,CF_Wind,2022-06-24 04:00:00,2022-06-24 06:00:00,2.0,3,1.3622319939494931,1.1732614739070142,MEDIUM
377,CF_Wind,2022-06-25 17:00:00,2022-06-25 19:00:00,2.0,3,1.281759788158159,1.043685408567668,MEDIUM
378,CF_Wind,2022-06-26 03:00:00,2022-06-26 19:00:00,16.0,17,1.8033205329495328,0.838738361561335,HIGH
379,CF_Wind,2022-06-28 12:00:00,2022-06-28 19:00:00,7.0,8,2.486296413840389,1.764283328421834,HIGH
380,CF_Wind,2022-06-29 04:00:00,2022-06-29 11:00:00,7.0,8,2.0873044601705875,1.2993074323949876,HIGH
381,CF_Wind,2022-06-30 07:00:00,2022-06-30 19:00:00,12.0,13,2.219106113375445,1.4782712181336162,HIGH
382,CF_Wind,2022-07-01 04:00:00,2022-07-01 06:00:00,2.0,3,1.805507015206476,1.5093981550375783,HIGH
383,CF_Wind,2022-07-01 11:00:00,2022-07-01 15:00:00,4.0,5,1.37146358717676,1.254674211571506,MEDIUM
384,CF_Wind,2022-07-03 04:00:00,2022-07-03 19:00:00,15.0,16,2.357477520522034,0.8305145692207226,HIGH
385,CF_Wind,2022-07-04 04:00:00,2022-07-04 18:00:00,14.0,15,2.3012121800919005,1.4703192825132836,HIGH
386,CF_Wind,2022-07-05 01:00:00,2022-07-05 02:00:00,1.0,2,2.582668299053603,2.4530326928690487,HIGH
387,CF_Wind,2022-07-05 04:00:00,2022-07-05 08:00:00,4.0,5,2.582618488546034,1.6726334893808557,HIGH
388,CF_Wind,2022-07-06 04:00:00,2022-07-06 11:00:00,7.0,8,2.302359993491071,1.3876756530030767,HIGH
389,CF_Wind,2022-07-06 15:00:00,2022-07-06 19:00:00,4.0,5,2.20659700564989,1.5446120289243923,HIGH
390,CF_Wind,2022-07-07 04:00:00,2022-07-07 08:00:00,4.0,5,2.490959894963797,1.7979900906220188,HIGH
391,CF_Wind,2022-07-08 10:00:00,2022-07-08 11:00:00,1.0,2,0.7527037361976199,0.6441046389604739,LOW
392,CF_Wind,2022-07-11 06:00:00,2022-07-11 06:00:00,0.0,1,1.3719837290133887,1.3719837290133887,MEDIUM
393,CF_Wind,2022-07-12 04:00:00,2022-07-12 08:00:00,4.0,5,2.2098921513350187,1.6474204105866537,HIGH
394,CF_Wind,2022-07-12 12:00:00,2022-07-12 19:00:00,7.0,8,2.640281408205205,1.5589336088466763,HIGH
395,CF_Wind,2022-07-13 04:00:00,2022-07-13 08:00:00,4.0,5,3.468664200039683,2.0581536870495496,HIGH
396,CF_Wind,2022-07-13 16:00:00,2022-07-13 19:00:00,3.0,4,2.5060234836428017,1.6325150356771143,HIGH
397,CF_Wind,2022-07-14 04:00:00,2022-07-14 19:00:00,15.0,16,3.992621388749104,1.8441589997264893,HIGH
398,CF_Wind,2022-07-15 16:00:00,2022-07-15 19:00:00,3.0,4,2.396903407689843,1.610874721184209,HIGH
399,CF_Wind,2022-07-16 04:00:00,2022-07-16 11:00:00,7.0,8,1.949837699201013,1.1989344428431243,HIGH
400,CF_Wind,2022-07-17 04:00:00,2022-07-17 19:00:00,15.0,16,2.3093120734057235,0.8029121688118988,HIGH
401,CF_Wind,2022-07-18 04:00:00,2022-07-18 19:00:00,15.0,16,3.861957137928464,2.40848937471563,HIGH
402,CF_Wind,2022-07-19 04:00:00,2022-07-19 19:00:00,15.0,16,4.081200508150502,2.7079377915378706,HIGH
403,CF_Wind,2022-07-20 01:00:00,2022-07-20 02:00:00,1.0,2,2.9131253989916,2.8451268772053084,HIGH
404,CF_Wind,2022-07-20 04:00:00,2022-07-20 19:00:00,15.0,16,4.272873759461509,2.4188616173029702,HIGH
405,CF_Wind,2022-07-21 04:00:00,2022-07-21 18:00:00,14.0,15,3.824063497157227,2.398284742498746,HIGH
406,CF_Wind,2022-07-22 05:00:00,2022-07-22 19:00:00,14.0,15,3.6822345719430816,2.356344240159805,HIGH
407,CF_Wind,2022-07-23 04:00:00,2022-07-23 11:00:00,7.0,8,2.3205414979218664,1.4323916737599323,HIGH
408,CF_Wind,2022-07-24 08:00:00,2022-07-24 12:00:00,4.0,5,0.7082473400585052,0.5541829440263613,LOW
409,CF_Wind,2022-07-24 18:00:00,2022-07-24 19:00:00,1.0,2,2.445319368470084,1.9285314315589575,HIGH
410,CF_Wind,2022-07-25 04:00:00,2022-07-25 08:00:00,4.0,5,2.828810922549015,2.1111353890457036,HIGH
411,CF_Wind,2022-07-25 16:00:00,2022-07-25 18:00:00,2.0,3,1.997404173361493,1.5687563571918979,HIGH
412,CF_Wind,2022-07-26 12:00:00,2022-07-26 12:00:00,0.0,1,1.898155193789344,1.898155193789344,HIGH
413,CF_Wind,2022-07-26 16:00:00,2022-07-26 19:00:00,3.0,4,3.0739933828271617,2.4714123790976776,HIGH
414,CF_Wind,2022-07-27 04:00:00,2022-07-27 19:00:00,15.0,16,4.266894720515369,2.6324335993361876,HIGH
415,CF_Wind,2022-07-28 04:00:00,2022-07-28 19:00:00,15.0,16,4.535973092413763,2.8873983921522086,HIGH
416,CF_Wind,2022-07-29 04:00:00,2022-07-29 19:00:00,15.0,16,4.3422380873603394,2.666573612725872,HIGH
417,CF_Wind,2022-07-30 06:00:00,2022-07-30 12:00:00,6.0,7,1.6188968299107769,1.4593503636240954,HIGH
418,CF_Wind,2022-08-01 04:00:00,2022-08-01 19:00:00,15.0,16,3.5637769661927914,2.4228513910037575,HIGH
419,CF_Wind,2022-08-02 05:00:00,2022-08-02 19:00:00,14.0,15,4.002788324097938,2.488124918835491,HIGH
420,CF_Wind,2022-08-03 05:00:00,2022-08-03 19:00:00,14.0,15,4.061408838477265,2.8698577917477834,HIGH
421,CF_Wind,2022-08-04 05:00:00,2022-08-04 19:00:00,14.0,15,3.508905645256581,2.47730653820113,HIGH
422,CF_Wind,2022-08-05 05:00:00,2022-08-05 19:00:00,14.0,15,3.03997331181566,2.138410134969319,HIGH
423,CF_Wind,2022-08-08 12:00:00,2022-08-08 18:00:00,6.0,7,1.7159600606775436,1.452129653911345,HIGH
424,CF_Wind,2022-08-09 05:00:00,2022-08-09 06:00:00,1.0,2,2.463246802054603,1.9280844104508175,HIGH
425,CF_Wind,2022-08-09 11:00:00,2022-08-09 14:00:00,3.0,4,1.3515486360411124,1.2496357610524413,MEDIUM
426,CF_Wind,2022-08-10 02:00:00,2022-08-10 02:00:00,0.0,1,2.416509039682377,2.416509039682377,HIGH
427,CF_Wind,2022-08-10 05:00:00,2022-08-10 16:00:00,11.0,12,2.9370019373122225,1.5590763215501493,HIGH
428,CF_Wind,2022-08-11 05:00:00,2022-08-11 19:00:00,14.0,15,2.249506590124468,1.4729298574139866,HIGH
429,CF_Wind,2022-08-12 05:00:00,2022-08-12 19:00:00,14.0,15,3.0367864009923897,2.0856993951537364,HIGH
430,CF_Wind,2022-08-13 05:00:00,2022-08-13 15:00:00,10.0,11,2.170524994691561,1.3521923860386178,HIGH
431,CF_Wind,2022-08-14 05:00:00,2022-08-14 19:00:00,14.0,15,2.697815528020043,1.5500833727841996,HIGH
432,CF_Wind,2022-08-16 10:00:00,2022-08-16 19:00:00,9.0,10,3.636411154130312,2.392435887333804,HIGH
433,CF_Wind,2022-08-17 05:00:00,2022-08-17 19:00:00,14.0,15,4.097499314379524,3.059699366142874,HIGH
434,CF_Wind,2022-08-18 05:00:00,2022-08-18 19:00:00,14.0,15,3.7426336931849455,2.6615338776283988,HIGH
435,CF_Wind,2022-08-19 05:00:00,2022-08-19 12:00:00,7.0,8,3.639108938452477,2.6825613055512925,HIGH
436,CF_Wind,2022-08-19 16:00:00,2022-08-19 18:00:00,2.0,3,2.73835553675305,2.152188534658377,HIGH
437,CF_Wind,2022-08-20 05:00:00,2022-08-20 06:00:00,1.0,2,2.8725575860352963,2.533589750840835,HIGH
438,CF_Wind,2022-08-24 05:00:00,2022-08-24 18:00:00,13.0,14,3.2448188885304967,2.2101582381179568,HIGH
439,CF_Wind,2022-08-25 05:00:00,2022-08-25 18:00:00,13.0,14,3.8307640372338505,2.893145794317951,HIGH
440,CF_Wind,2022-08-26 05:00:00,2022-08-26 18:00:00,13.0,14,3.978479172450007,2.9219114786901987,HIGH
441,CF_Wind,2022-08-27 05:00:00,2022-08-27 18:00:00,13.0,14,3.198390624457092,2.5549372698218966,HIGH
442,CF_Wind,2022-08-28 05:00:00,2022-08-28 16:00:00,11.0,12,2.703406933137523,1.980861652646336,HIGH
443,CF_Wind,2022-08-29 06:00:00,2022-08-29 18:00:00,12.0,13,2.722284643072123,2.1854763797759738,HIGH
444,CF_Wind,2022-08-30 05:00:00,2022-08-30 18:00:00,13.0,14,3.817638322695052,2.6876087024118966,HIGH
445,CF_Wind,2022-08-31 05:00:00,2022-08-31 12:00:00,7.0,8,3.99617923105615,2.8679007768336784,HIGH
446,CF_Wind,2022-09-01 08:00:00,2022-09-01 12:00:00,4.0,5,2.150310596199892,2.000374545645928,HIGH
447,CF_Wind,2022-09-02 05:00:00,2022-09-02 18:00:00,13.0,14,3.310960144629174,2.615997969427832,HIGH
448,CF_Wind,2022-09-03 05:00:00,2022-09-03 17:00:00,12.0,13,2.347462723203223,1.8599168164769178,HIGH
449,CF_Wind,2022-09-04 05:00:00,2022-09-04 18:00:00,13.0,14,3.3257106888674484,2.265928940816373,HIGH
450,CF_Wind,2022-09-05 05:00:00,2022-09-05 18:00:00,13.0,14,3.3869735641139984,2.683904559083319,HIGH
451,CF_Wind,2022-09-06 05:00:00,2022-09-06 18:00:00,13.0,14,3.5453092172339336,2.5973734045281143,HIGH
452,CF_Wind,2022-09-07 05:00:00,2022-09-07 18:00:00,13.0,14,3.9113648728647608,2.8815035088261602,HIGH
453,CF_Wind,2022-09-08 05:00:00,2022-09-08 05:00:00,0.0,1,2.659861170561264,2.659861170561264,HIGH
454,CF_Wind,2022-09-09 05:00:00,2022-09-09 17:00:00,12.0,13,2.837084979409746,2.091783477930109,HIGH
455,CF_Wind,2022-09-10 05:00:00,2022-09-10 07:00:00,2.0,3,1.5715915988788502,1.3118235942163794,HIGH
456,CF_Wind,2022-09-12 12:00:00,2022-09-12 12:00:00,0.0,1,1.6053907731850643,1.6053907731850643,HIGH
457,CF_Wind,2022-09-12 16:00:00,2022-09-12 18:00:00,2.0,3,2.7956925690481773,2.262336693458423,HIGH
458,CF_Wind,2022-09-13 05:00:00,2022-09-13 18:00:00,13.0,14,3.1008113378895104,2.5726739115270467,HIGH
459,CF_Wind,2022-09-14 05:00:00,2022-09-14 18:00:00,13.0,14,2.997874679421161,2.5716756191905477,HIGH
460,CF_Wind,2022-09-15 05:00:00,2022-09-15 07:00:00,2.0,3,2.718866702930208,2.1285337461554916,HIGH
461,CF_Wind,2022-09-16 06:00:00,2022-09-16 17:00:00,11.0,12,2.1967479971140875,1.7106576043208805,HIGH
462,CF_Wind,2022-09-17 06:00:00,2022-09-17 07:00:00,1.0,2,0.9643326001663676,0.853494317435227,LOW
463,CF_Wind,2022-09-18 10:00:00,2022-09-18 11:00:00,1.0,2,0.2487690308882388,0.1322675216720132,LOW
464,CF_Wind,2022-09-19 10:00:00,2022-09-19 11:00:00,1.0,2,1.1748723246404706,1.1411096256903597,MEDIUM
465,CF_Wind,2022-09-21 17:00:00,2022-09-21 17:00:00,0.0,1,2.076810416326744,2.076810416326744,HIGH
466,CF_Wind,2022-09-22 06:00:00,2022-09-22 17:00:00,11.0,12,2.3829034687145727,1.6737551595277897,HIGH
467,CF_Wind,2022-09-23 02:00:00,2022-09-23 02:00:00,0.0,1,2.39669684430692,2.39669684430692,HIGH
468,CF_Wind,2022-09-23 05:00:00,2022-09-23 17:00:00,12.0,13,3.1071043390228867,2.0693780850689385,HIGH
469,CF_Wind,2022-09-24 06:00:00,2022-09-24 17:00:00,11.0,12,2.0312565402869347,1.6209712625688575,HIGH
470,CF_Wind,2022-09-25 05:00:00,2022-09-25 17:00:00,12.0,13,1.5898708984265255,1.230860840182205,HIGH
471,CF_Wind,2022-09-26 07:00:00,2022-09-26 17:00:00,10.0,11,1.6143803457499413,1.1564805739042656,HIGH
472,CF_Wind,2022-09-27 02:00:00,2022-09-27 03:00:00,1.0,2,1.3197391834307577,0.9725992817144835,MEDIUM
473,CF_Wind,2022-09-27 05:00:00,2022-09-27 13:00:00,8.0,9,2.0016467981092223,1.284069181135455,HIGH
474,CF_Wind,2022-09-28 06:00:00,2022-09-28 07:00:00,1.0,2,2.2685829108526194,1.999551777432702,HIGH
475,CF_Wind,2022-09-28 17:00:00,2022-09-28 17:00:00,0.0,1,2.106426525635817,2.106426525635817,HIGH
476,CF_Wind,2022-09-29 06:00:00,2022-09-29 17:00:00,11.0,12,2.4477454530498126,2.041078058778898,HIGH
477,CF_Wind,2022-09-30 01:00:00,2022-09-30 03:00:00,2.0,3,2.7065781917434144,2.6366453368682756,HIGH
478,CF_Wind,2022-09-30 06:00:00,2022-09-30 19:00:00,13.0,14,2.5370069844979666,1.6179958166672146,HIGH
479,CF_Wind,2022-09-30 21:00:00,2022-10-01 02:00:00,5.0,6,1.142335250889878,0.9174164240006036,MEDIUM
480,CF_Wind,2022-10-01 04:00:00,2022-10-01 12:00:00,8.0,9,1.3207529834985887,0.7542998227760774,MEDIUM
481,CF_Wind,2022-10-03 01:00:00,2022-10-03 18:00:00,17.0,18,1.81363779675658,0.7502678313281274,HIGH
482,CF_Wind,2022-10-04 00:00:00,2022-10-04 00:00:00,0.0,1,0.4328781438988203,0.4328781438988203,LOW
483,CF_Wind,2022-10-04 17:00:00,2022-10-04 19:00:00,2.0,3,1.138731974826072,1.0117717205969285,MEDIUM
484,CF_Wind,2022-10-06 03:00:00,2022-10-06 06:00:00,3.0,4,0.5173485478958313,0.3272283152257204,LOW
485,CF_Wind,2022-10-06 17:00:00,2022-10-06 17:00:00,0.0,1,0.325518069906527,0.325518069906527,LOW
486,CF_Wind,2022-10-07 00:00:00,2022-10-07 04:00:00,4.0,5,0.5656572012136842,0.3296430372706916,LOW
487,CF_Wind,2022-10-07 06:00:00,2022-10-07 07:00:00,1.0,2,0.3635496815636876,0.3080426975530206,LOW
488,CF_Wind,2022-10-08 09:00:00,2022-10-08 18:00:00,9.0,10,0.4055844705762845,0.23002830664175278,LOW
489,CF_Wind,2022-10-09 09:00:00,2022-10-09 15:00:00,6.0,7,0.2680661977788556,0.14318728057832544,LOW
490,CF_Wind,2022-10-09 20:00:00,2022-10-09 21:00:00,1.0,2,0.4210060599146092,0.36073878401932813,LOW
491,CF_Wind,2022-10-11 01:00:00,2022-10-11 08:00:00,7.0,8,0.6783003722733467,0.3950242481016367,LOW
492,CF_Wind,2022-10-11 12:00:00,2022-10-11 17:00:00,5.0,6,0.7593516515344887,0.49104262898223366,LOW
493,CF_Wind,2022-10-12 00:00:00,2022-10-12 08:00:00,8.0,9,1.6452516968179556,1.0424426205340878,HIGH
494,CF_Wind,2022-10-12 12:00:00,2022-10-12 18:00:00,6.0,7,1.6090563609375157,0.9388302788154792,HIGH
495,CF_Wind,2022-10-12 22:00:00,2022-10-13 18:00:00,20.0,21,1.572027113825796,0.8146475461918269,HIGH
496,CF_Wind,2022-10-13 20:00:00,2022-10-13 20:00:00,0.0,1,0.6553634134852366,0.6553634134852366,LOW
497,CF_Wind,2022-10-13 22:00:00,2022-10-13 22:00:00,0.0,1,1.4492350176175286,1.4492350176175286,MEDIUM
498,CF_Wind,2022-10-14 00:00:00,2022-10-14 00:00:00,0.0,1,0.8741196921762968,0.8741196921762968,LOW
499,CF_Wind,2022-10-14 02:00:00,2022-10-14 18:00:00,16.0,17,1.394344464547293,0.7761867775434977,MEDIUM
500,CF_Wind,2022-10-18 13:00:00,2022-10-18 18:00:00,5.0,6,0.5488316964916289,0.37358593200391405,LOW
501,CF_Wind,2022-10-20 03:00:00,2022-10-20 07:00:00,4.0,5,0.246097494954733,0.10264776006987049,LOW
502,CF_Wind,2022-10-23 02:00:00,2022-10-23 08:00:00,6.0,7,0.4814778570249218,0.3507192276123571,LOW
503,CF_Wind,2022-10-23 21:00:00,2022-10-24 03:00:00,6.0,7,0.4307574597540418,0.25075291839236097,LOW
504,CF_Wind,2022-10-24 08:00:00,2022-10-24 17:00:00,9.0,10,0.324178933988283,0.18058023354068325,LOW
505,CF_Wind,2022-10-30 21:00:00,2022-10-30 23:00:00,2.0,3,0.3312797912966247,0.1902259840007963,LOW
506,CF_Wind,2022-10-31 16:00:00,2022-10-31 16:00:00,0.0,1,0.0679192100491461,0.0679192100491461,LOW
507,CF_Wind,2022-11-04 21:00:00,2022-11-04 22:00:00,1.0,2,0.4251136945917451,0.2222031193619185,LOW
508,CF_Wind,2022-11-07 04:00:00,2022-11-07 04:00:00,0.0,1,0.1450144643748459,0.1450144643748459,LOW
509,CF_Wind,2022-11-08 01:00:00,2022-11-08 11:00:00,10.0,11,0.7048699386509587,0.4056591112664929,LOW
510,CF_Wind,2022-11-09 12:00:00,2022-11-09 15:00:00,3.0,4,0.2371560509312766,0.14855652031102473,LOW
511,CF_Wind,2022-11-09 23:00:00,2022-11-10 01:00:00,2.0,3,0.4001886955302647,0.23428144044794355,LOW
512,CF_Wind,2022-11-11 13:00:00,2022-11-11 16:00:00,3.0,4,0.2296782633748091,0.16616691162120928,LOW
513,CF_Wind,2022-11-12 15:00:00,2022-11-12 17:00:00,2.0,3,0.1757218350104759,0.1140369506264688,LOW
514,CF_Wind,2022-11-12 21:00:00,2022-11-13 11:00:00,14.0,15,0.5773409045341589,0.26613452802682674,LOW
515,CF_Wind,2022-11-15 08:00:00,2022-11-15 09:00:00,1.0,2,0.5376301924675004,0.288908918522287,LOW
516,CF_Wind,2022-11-15 22:00:00,2022-11-16 09:00:00,11.0,12,1.0384817808799234,0.665785779846899,MEDIUM
517,CF_Wind,2022-11-16 22:00:00,2022-11-18 08:00:00,34.0,35,1.112354742850925,0.4967673154004562,MEDIUM
518,CF_Wind,2022-11-19 11:00:00,2022-11-19 15:00:00,4.0,5,0.3864419945478992,0.2481451763992763,LOW
519,CF_Wind,2022-11-19 19:00:00,2022-11-19 19:00:00,0.0,1,0.5017732990847126,0.5017732990847126,LOW
520,CF_Wind,2022-11-19 21:00:00,2022-11-20 15:00:00,18.0,19,0.9839118480560316,0.4982016297550853,LOW
521,CF_Wind,2022-11-20 21:00:00,2022-11-21 04:00:00,7.0,8,0.9002022772279563,0.6073564752236597,LOW
522,CF_Wind,2022-11-21 09:00:00,2022-11-21 10:00:00,1.0,2,0.4483815711402708,0.43688762042057305,LOW
523,CF_Wind,2022-11-21 16:00:00,2022-11-21 20:00:00,4.0,5,0.6899169119989623,0.5790239477086437,LOW
524,CF_Wind,2022-11-25 05:00:00,2022-11-25 18:00:00,13.0,14,1.1085969149971402,0.6790236666369599,MEDIUM
525,CF_Wind,2022-11-25 22:00:00,2022-11-25 23:00:00,1.0,2,0.951702272031116,0.7547061308292633,LOW
526,CF_Wind,2022-11-27 05:00:00,2022-11-27 13:00:00,8.0,9,0.5890432659674816,0.26918719733148244,LOW
527,CF_Wind,2022-11-28 11:00:00,2022-11-28 14:00:00,3.0,4,1.3289146897539827,0.9153371869647777,MEDIUM
528,CF_Wind,2022-11-30 03:00:00,2022-11-30 16:00:00,13.0,14,2.3570632778717675,2.012727985689344,HIGH
529,CF_Wind,2022-11-30 23:00:00,2022-12-01 15:00:00,16.0,17,2.4524774064538333,2.072242953297831,HIGH
530,CF_Wind,2022-12-01 22:00:00,2022-12-02 02:00:00,4.0,5,2.698498113733905,2.1618432421011655,HIGH
531,CF_Wind,2022-12-02 05:00:00,2022-12-02 05:00:00,0.0,1,1.7928816058115244,1.7928816058115244,HIGH
532,CF_Wind,2022-12-02 07:00:00,2022-12-02 16:00:00,9.0,10,2.5490583826329924,2.0255540898554854,HIGH
533,CF_Wind,2022-12-05 21:00:00,2022-12-05 22:00:00,1.0,2,1.7030039080895167,1.6988342351553323,HIGH
534,CF_Wind,2022-12-06 21:00:00,2022-12-06 22:00:00,1.0,2,1.5957560818416583,1.5384081984919225,HIGH
535,CF_Wind,2022-12-07 04:00:00,2022-12-07 07:00:00,3.0,4,1.5531996859771535,1.4219766519894852,HIGH
536,CF_Wind,2022-12-09 07:00:00,2022-12-09 07:00:00,0.0,1,2.0795350870907487,2.0795350870907487,HIGH
537,CF_Wind,2022-12-09 13:00:00,2022-12-09 13:00:00,0.0,1,2.309356121697076,2.309356121697076,HIGH
538,CF_Wind,2022-12-09 21:00:00,2022-12-09 21:00:00,0.0,1,1.8789514964603984,1.8789514964603984,HIGH
539,CF_Wind,2022-12-11 08:00:00,2022-12-11 15:00:00,7.0,8,1.7452493906787545,1.5524401106267143,HIGH
540,CF_Wind,2022-12-13 03:00:00,2022-12-13 16:00:00,13.0,14,2.949412271873721,2.4788494098862657,HIGH
541,CF_Wind,2022-12-15 00:00:00,2022-12-15 04:00:00,4.0,5,2.2696269262250093,2.081146347689142,HIGH
542,CF_Wind,2022-12-15 08:00:00,2022-12-15 15:00:00,7.0,8,3.3379216767803976,2.781973429738805,HIGH
543,CF_Wind,2022-12-15 20:00:00,2022-12-15 23:00:00,3.0,4,2.428561103871223,2.2261163196581855,HIGH
544,CF_Wind,2022-12-16 01:00:00,2022-12-16 01:00:00,0.0,1,1.854855982340185,1.854855982340185,HIGH
545,CF_Wind,2022-12-16 05:00:00,2022-12-16 07:00:00,2.0,3,2.345759938583896,2.0270063162986394,HIGH
546,CF_Wind,2022-12-18 05:00:00,2022-12-18 05:00:00,0.0,1,0.2054973269460818,0.2054973269460818,LOW
547,CF_Wind,2022-12-18 11:00:00,2022-12-18 11:00:00,0.0,1,0.297124209013885,0.297124209013885,LOW
548,CF_Wind,2022-12-19 08:00:00,2022-12-19 13:00:00,5.0,6,1.4929199619193585,1.319878523211955,MEDIUM
549,CF_Wind,2022-12-20 00:00:00,2022-12-20 00:00:00,0.0,1,0.3026416693806244,0.3026416693806244,LOW
550,CF_Wind,2022-12-21 04:00:00,2022-12-21 07:00:00,3.0,4,0.7092692912696963,0.5696975583871171,LOW
551,CF_Wind,2022-12-21 20:00:00,2022-12-22 05:00:00,9.0,10,0.5973886693483306,0.4231277738829897,LOW
552,CF_Wind,2022-12-23 02:00:00,2022-12-23 05:00:00,3.0,4,0.6333678469190822,0.4490255175223667,LOW
553,CF_Wind,2022-12-23 14:00:00,2022-12-23 14:00:00,0.0,1,0.032967120200178,0.032967120200178,LOW
554,Load_MW,2022-01-05 00:00:00,2022-01-05 00:00:00,0.0,1,0.2470344787738034,0.2470344787738034,LOW
555,Load_MW,2022-01-07 03:00:00,2022-01-07 04:00:00,1.0,2,0.3226833707450196,0.1723300326112212,LOW
556,Load_MW,2022-01-12 16:00:00,2022-01-12 16:00:00,0.0,1,0.4639436572116304,0.4639436572116304,LOW
557,Load_MW,2022-01-13 12:00:00,2022-01-13 17:00:00,5.0,6,0.3363470462102342,0.19373380923678762,LOW
558,Load_MW,2022-01-18 09:00:00,2022-01-18 13:00:00,4.0,5,0.6538464841024472,0.49776047277388413,LOW
559,Load_MW,2022-01-18 19:00:00,2022-01-19 01:00:00,6.0,7,0.9191848771951854,0.6119478235179373,LOW
560,Load_MW,2022-01-21 22:00:00,2022-01-21 23:00:00,1.0,2,1.447378184752225,1.0597069582534684,MEDIUM
561,Load_MW,2022-01-24 08:00:00,2022-01-24 11:00:00,3.0,4,0.2934980200883119,0.20751445568924226,LOW
562,Load_MW,2022-01-26 19:00:00,2022-01-26 19:00:00,0.0,1,0.1123791738194042,0.1123791738194042,LOW
563,Load_MW,2022-01-27 13:00:00,2022-01-27 16:00:00,3.0,4,0.2070879932445002,0.18457656818039586,LOW
564,Load_MW,2022-01-30 04:00:00,2022-01-30 04:00:00,0.0,1,0.821477048072454,0.821477048072454,LOW
565,Load_MW,2022-01-31 12:00:00,2022-01-31 16:00:00,4.0,5,0.3936891881474276,0.2618422843785616,LOW
566,Load_MW,2022-01-31 18:00:00,2022-01-31 19:00:00,1.0,2,0.12170903831928,0.10712200575799966,LOW
567,Load_MW,2022-02-03 09:00:00,2022-02-03 16:00:00,7.0,8,0.6856216354504878,0.3757249626169471,LOW
568,Load_MW,2022-02-03 20:00:00,2022-02-03 20:00:00,0.0,1,0.1772690811465784,0.1772690811465784,LOW
569,Load_MW,2022-02-03 22:00:00,2022-02-03 22:00:00,0.0,1,0.0013527050676531,0.0013527050676531,LOW
570,Load_MW,2022-02-04 09:00:00,2022-02-04 10:00:00,1.0,2,0.0460159242100375,0.0410019956547195,LOW
571,Load_MW,2022-02-04 18:00:00,2022-02-04 18:00:00,0.0,1,0.2446975144767351,0.2446975144767351,LOW
572,Load_MW,2022-02-05 04:00:00,2022-02-05 04:00:00,0.0,1,0.1386157126736917,0.1386157126736917,LOW
573,Load_MW,2022-02-08 12:00:00,2022-02-08 12:00:00,0.0,1,0.5315288156952016,0.5315288156952016,LOW
574,Load_MW,2022-02-09 16:00:00,2022-02-09 18:00:00,2.0,3,0.6218879812087277,0.4442386661326602,LOW
575,Load_MW,2022-02-11 08:00:00,2022-02-11 08:00:00,0.0,1,0.0259587135529717,0.0259587135529717,LOW
576,Load_MW,2022-02-12 15:00:00,2022-02-12 17:00:00,2.0,3,0.5614779823411296,0.416384352839929,LOW
577,Load_MW,2022-02-12 19:00:00,2022-02-12 19:00:00,0.0,1,0.0609495990766524,0.0609495990766524,LOW
578,Load_MW,2022-02-14 10:00:00,2022-02-14 11:00:00,1.0,2,0.1077330401507872,0.06967870326070975,LOW
579,Load_MW,2022-02-14 17:00:00,2022-02-14 18:00:00,1.0,2,0.5080102054695486,0.29855156083875006,LOW
580,Load_MW,2022-02-14 23:00:00,2022-02-15 00:00:00,1.0,2,0.1109714859187651,0.0659962147126863,LOW
581,Load_MW,2022-02-15 08:00:00,2022-02-15 18:00:00,10.0,11,0.4966909707397064,0.21203588331845571,LOW
582,Load_MW,2022-02-18 12:00:00,2022-02-18 14:00:00,2.0,3,0.3735724455458602,0.20841270592372493,LOW
583,Load_MW,2022-02-23 23:00:00,2022-02-24 01:00:00,2.0,3,0.3118068365903395,0.2523815184045058,LOW
584,Load_MW,2022-02-28 13:00:00,2022-02-28 17:00:00,4.0,5,0.1712989326796878,0.11921572607602335,LOW
585,Load_MW,2022-03-03 08:00:00,2022-03-03 10:00:00,2.0,3,0.8333347090462397,0.7871591174613032,LOW
586,Load_MW,2022-03-03 16:00:00,2022-03-03 16:00:00,0.0,1,0.6226750048938658,0.6226750048938658,LOW
587,Load_MW,2022-03-04 15:00:00,2022-03-04 17:00:00,2.0,3,1.7693040313762058,1.3762349939672855,HIGH
588,Load_MW,2022-03-07 08:00:00,2022-03-07 11:00:00,3.0,4,1.1747907752963411,1.0377502449240863,MEDIUM
589,Load_MW,2022-03-07 15:00:00,2022-03-07 15:00:00,0.0,1,1.2145021837299133,1.2145021837299133,MEDIUM
590,Load_MW,2022-03-07 17:00:00,2022-03-07 17:00:00,0.0,1,2.02610716102555,2.02610716102555,HIGH
591,Load_MW,2022-03-10 16:00:00,2022-03-10 17:00:00,1.0,2,1.667180242955106,1.6050825700380487,HIGH
592,Load_MW,2022-03-11 13:00:00,2022-03-11 14:00:00,1.0,2,1.1146345938752884,1.0798155808620287,MEDIUM
593,Load_MW,2022-03-12 17:00:00,2022-03-12 17:00:00,0.0,1,0.6989938391088903,0.6989938391088903,LOW
594,Load_MW,2022-03-13 18:00:00,2022-03-13 18:00:00,0.0,1,0.6455526060713603,0.6455526060713603,LOW
595,Load_MW,2022-03-17 17:00:00,2022-03-17 18:00:00,1.0,2,1.2437511358787163,1.0583065268432446,MEDIUM
596,Load_MW,2022-03-18 17:00:00,2022-03-18 18:00:00,1.0,2,0.7835356136564473,0.7720072474379193,LOW
597,Load_MW,2022-03-20 16:00:00,2022-03-20 17:00:00,1.0,2,0.1155162383054957,0.085335072896737,LOW
598,Load_MW,2022-03-31 09:00:00,2022-03-31 14:00:00,5.0,6,0.2780773669656893,0.13731044822327038,LOW
599,Load_MW,2022-04-01 13:00:00,2022-04-01 14:00:00,1.0,2,0.4359314869869641,0.37984570411008267,LOW
600,Load_MW,2022-04-02 14:00:00,2022-04-02 14:00:00,0.0,1,0.202007955809051,0.202007955809051,LOW
601,Load_MW,2022-04-06 11:00:00,2022-04-06 15:00:00,4.0,5,0.4267776810030284,0.2660629241949535,LOW
602,Load_MW,2022-04-06 23:00:00,2022-04-07 02:00:00,3.0,4,1.2353240711012194,0.6083657771196467,MEDIUM
603,Load_MW,2022-04-07 10:00:00,2022-04-07 10:00:00,0.0,1,0.0645627417971916,0.0645627417971916,LOW
604,Load_MW,2022-04-07 22:00:00,2022-04-07 23:00:00,1.0,2,0.7311275214469084,0.4152605616672322,LOW
605,Load_MW,2022-04-08 14:00:00,2022-04-08 15:00:00,1.0,2,0.1161211315419405,0.1095348328785814,LOW
606,Load_MW,2022-04-14 15:00:00,2022-04-14 16:00:00,1.0,2,0.1956358152881439,0.1602509926477009,LOW
607,Load_MW,2022-04-15 15:00:00,2022-04-15 16:00:00,1.0,2,0.1051291187439471,0.0885255011221798,LOW
608,Load_MW,2022-04-16 13:00:00,2022-04-16 15:00:00,2.0,3,0.4206188241674318,0.32034353481555516,LOW
609,Load_MW,2022-04-17 13:00:00,2022-04-17 15:00:00,2.0,3,0.390966876994212,0.2971867743028254,LOW
610,Load_MW,2022-04-23 00:00:00,2022-04-23 04:00:00,4.0,5,0.2580273383935234,0.16882492518124198,LOW
611,Load_MW,2022-04-23 14:00:00,2022-04-23 16:00:00,2.0,3,0.3984705733372016,0.25943146595456484,LOW
612,Load_MW,2022-04-23 23:00:00,2022-04-24 01:00:00,2.0,3,0.985031247485996,0.7738037828571356,LOW
613,Load_MW,2022-05-02 14:00:00,2022-05-02 14:00:00,0.0,1,0.7003952112046987,0.7003952112046987,LOW
614,Load_MW,2022-05-05 15:00:00,2022-05-05 15:00:00,0.0,1,0.5354910416470127,0.5354910416470127,LOW
615,Load_MW,2022-05-12 12:00:00,2022-05-12 14:00:00,2.0,3,0.1542677553155906,0.11501289926894287,LOW
616,Load_MW,2022-05-13 09:00:00,2022-05-13 14:00:00,5.0,6,0.6661487076997981,0.27700987101374047,LOW
617,Load_MW,2022-05-17 13:00:00,2022-05-17 14:00:00,1.0,2,0.3366027686838624,0.33175828176991695,LOW
618,Load_MW,2022-05-21 05:00:00,2022-05-21 06:00:00,1.0,2,0.2950519536015823,0.17381544126535942,LOW
619,Load_MW,2022-05-24 04:00:00,2022-05-24 04:00:00,0.0,1,0.4276764520933303,0.4276764520933303,LOW
620,Load_MW,2022-05-24 13:00:00,2022-05-24 13:00:00,0.0,1,0.0817167678509025,0.0817167678509025,LOW
621,Load_MW,2022-05-25 10:00:00,2022-05-25 11:00:00,1.0,2,0.0528102667918983,0.03760706331787995,LOW
622,Load_MW,2022-05-28 02:00:00,2022-05-28 02:00:00,0.0,1,0.0720933976277349,0.0720933976277349,LOW
623,Load_MW,2022-06-07 15:00:00,2022-06-07 15:00:00,0.0,1,0.0659430314240068,0.0659430314240068,LOW
624,Load_MW,2022-06-08 15:00:00,2022-06-08 15:00:00,0.0,1,0.4021395346300376,0.4021395346300376,LOW
625,Load_MW,2022-06-12 04:00:00,2022-06-12 06:00:00,2.0,3,0.7829396853580841,0.4468344595777864,LOW
626,Load_MW,2022-06-17 15:00:00,2022-06-17 15:00:00,0.0,1,0.1178330980192581,0.1178330980192581,LOW
627,Load_MW,2022-06-18 04:00:00,2022-06-18 05:00:00,1.0,2,1.0225242770840977,0.9439764841354936,MEDIUM
628,Load_MW,2022-06-19 06:00:00,2022-06-19 06:00:00,0.0,1,0.459512436316337,0.459512436316337,LOW
629,Load_MW,2022-06-20 09:00:00,2022-06-20 11:00:00,2.0,3,0.2306430407381454,0.1866026654538858,LOW
630,Load_MW,2022-06-20 13:00:00,2022-06-20 14:00:00,1.0,2,0.7392149303393676,0.5898962410580589,LOW
631,Load_MW,2022-06-25 05:00:00,2022-06-25 05:00:00,0.0,1,0.2635710016898147,0.2635710016898147,LOW
632,Load_MW,2022-07-02 04:00:00,2022-07-02 04:00:00,0.0,1,1.3897621856955924,1.3897621856955924,MEDIUM
633,Load_MW,2022-07-03 05:00:00,2022-07-03 05:00:00,0.0,1,0.5392463243435242,0.5392463243435242,LOW
634,Load_MW,2022-07-06 13:00:00,2022-07-06 14:00:00,1.0,2,1.342440070300915,1.3210682086110606,MEDIUM
635,Load_MW,2022-07-13 04:00:00,2022-07-13 06:00:00,2.0,3,3.468664200039683,2.701322594650369,HIGH
636,Load_MW,2022-07-16 04:00:00,2022-07-16 06:00:00,2.0,3,1.949837699201013,1.528769519766673,HIGH
637,Load_MW,2022-07-19 04:00:00,2022-07-19 04:00:00,0.0,1,3.736616465556682,3.736616465556682,HIGH
638,Load_MW,2022-07-20 04:00:00,2022-07-20 06:00:00,2.0,3,4.272873759461509,3.5035944027445907,HIGH
639,Load_MW,2022-07-26 05:00:00,2022-07-26 05:00:00,0.0,1,1.9808195374570607,1.9808195374570607,HIGH
640,Load_MW,2022-07-27 04:00:00,2022-07-27 04:00:00,0.0,1,4.266894720515369,4.266894720515369,HIGH
641,Load_MW,2022-07-30 05:00:00,2022-07-30 05:00:00,0.0,1,2.291009102889083,2.291009102889083,HIGH
642,Load_MW,2022-07-31 04:00:00,2022-07-31 06:00:00,2.0,3,2.175134677689943,1.1141197537082028,HIGH
643,Load_MW,2022-08-03 05:00:00,2022-08-03 06:00:00,1.0,2,3.5776851429735133,3.3402553369461065,HIGH
644,Load_MW,2022-08-06 05:00:00,2022-08-06 07:00:00,2.0,3,1.18755311037955,0.7066772956059033,MEDIUM
645,Load_MW,2022-08-09 04:00:00,2022-08-09 05:00:00,1.0,2,3.14949189678969,2.8063693494221464,HIGH
646,Load_MW,2022-08-10 05:00:00,2022-08-10 06:00:00,1.0,2,2.9370019373122225,2.706255888406285,HIGH
647,Load_MW,2022-08-14 05:00:00,2022-08-14 06:00:00,1.0,2,1.5371657829130714,1.3849799709931652,HIGH
648,Load_MW,2022-08-21 06:00:00,2022-08-21 07:00:00,1.0,2,0.7595927248049639,0.7150029310407943,LOW
649,Load_MW,2022-08-24 05:00:00,2022-08-24 05:00:00,0.0,1,3.2448188885304967,3.2448188885304967,HIGH
650,Load_MW,2022-09-04 06:00:00,2022-09-04 07:00:00,1.0,2,2.205106774466132,2.1804297616231842,HIGH
651,Load_MW,2022-09-11 05:00:00,2022-09-11 05:00:00,0.0,1,1.203608096169538,1.203608096169538,MEDIUM
652,Load_MW,2022-09-18 06:00:00,2022-09-18 07:00:00,1.0,2,0.7284581052705124,0.6157965950753913,LOW
653,Load_MW,2022-09-20 02:00:00,2022-09-20 02:00:00,0.0,1,1.3800716378162117,1.3800716378162117,MEDIUM
654,Load_MW,2022-09-20 04:00:00,2022-09-20 04:00:00,0.0,1,1.9054628528731423,1.9054628528731423,HIGH
655,Load_MW,2022-09-21 05:00:00,2022-09-21 05:00:00,0.0,1,2.0093631590101926,2.0093631590101926,HIGH
656,Load_MW,2022-10-01 06:00:00,2022-10-01 06:00:00,0.0,1,1.3207529834985887,1.3207529834985887,MEDIUM
657,Load_MW,2022-10-02 05:00:00,2022-10-02 05:00:00,0.0,1,0.7218484099120173,0.7218484099120173,LOW
658,Load_MW,2022-10-03 01:00:00,2022-10-03 02:00:00,1.0,2,0.8661684298094656,0.5895777319241068,LOW
659,Load_MW,2022-10-05 04:00:00,2022-10-05 06:00:00,2.0,3,0.838225010188937,0.4845131812755125,LOW
660,Load_MW,2022-10-06 03:00:00,2022-10-06 03:00:00,0.0,1,0.5173485478958313,0.5173485478958313,LOW
661,Load_MW,2022-10-19 04:00:00,2022-10-19 04:00:00,0.0,1,0.3809204978828533,0.3809204978828533,LOW
662,Load_MW,2022-10-21 12:00:00,2022-10-21 12:00:00,0.0,1,0.0298109813296818,0.0298109813296818,LOW
663,Load_MW,2022-11-06 03:00:00,2022-11-06 04:00:00,1.0,2,0.3347791061383551,0.24988886262757753,LOW
664,Load_MW,2022-11-07 03:00:00,2022-11-07 03:00:00,0.0,1,0.728069068988046,0.728069068988046,LOW
665,Load_MW,2022-11-10 18:00:00,2022-11-10 18:00:00,0.0,1,0.0213848145731285,0.0213848145731285,LOW
666,Load_MW,2022-11-21 18:00:00,2022-11-21 20:00:00,2.0,3,0.6899169119989623,0.5880350050080827,LOW
667,Load_MW,2022-11-22 13:00:00,2022-11-22 16:00:00,3.0,4,0.7079977098369086,0.5636586179689629,LOW
668,Load_MW,2022-11-22 19:00:00,2022-11-22 20:00:00,1.0,2,0.2224674737551963,0.1931032438252352,LOW
669,Load_MW,2022-11-23 00:00:00,2022-11-23 01:00:00,1.0,2,0.3509041057963105,0.18872324264180484,LOW
670,Load_MW,2022-11-23 16:00:00,2022-11-23 16:00:00,0.0,1,0.3201366691739398,0.3201366691739398,LOW
671,Load_MW,2022-11-23 19:00:00,2022-11-23 22:00:00,3.0,4,0.5358202360310715,0.450130054106915,LOW
672,Load_MW,2022-11-24 16:00:00,2022-11-24 16:00:00,0.0,1,0.832410372053715,0.832410372053715,LOW
673,Load_MW,2022-11-24 19:00:00,2022-11-24 21:00:00,2.0,3,0.9001412735125995,0.7528753337883156,LOW
674,Load_MW,2022-11-25 18:00:00,2022-11-25 19:00:00,1.0,2,0.5507473680592696,0.5229210476107825,LOW
675,Load_MW,2022-11-29 12:00:00,2022-11-29 13:00:00,1.0,2,1.555523718005018,1.5041428379966788,HIGH
676,Load_MW,2022-11-29 19:00:00,2022-11-29 21:00:00,2.0,3,1.6601385167702116,1.5035300074109406,HIGH
677,Load_MW,2022-11-30 19:00:00,2022-11-30 19:00:00,0.0,1,1.409793630376059,1.409793630376059,MEDIUM
678,Load_MW,2022-12-02 08:00:00,2022-12-02 08:00:00,0.0,1,1.8102547175538464,1.8102547175538464,HIGH
679,Load_MW,2022-12-05 21:00:00,2022-12-05 21:00:00,0.0,1,1.694664562221148,1.694664562221148,HIGH
680,Load_MW,2022-12-12 08:00:00,2022-12-12 11:00:00,3.0,4,2.1420597340900067,1.8496909711821603,HIGH
681,Load_MW,2022-12-12 15:00:00,2022-12-12 16:00:00,1.0,2,2.4774161060509825,2.2710820314379716,HIGH
682,Load_MW,2022-12-15 09:00:00,2022-12-15 09:00:00,0.0,1,2.389773974683039,2.389773974683039,HIGH
683,Load_MW,2022-12-15 15:00:00,2022-12-15 15:00:00,0.0,1,3.06431520213418,3.06431520213418,HIGH
684,Load_MW,2022-12-15 20:00:00,2022-12-15 22:00:00,2.0,3,2.428561103871223,2.2665452779561064,HIGH
685,Load_MW,2022-12-16 09:00:00,2022-12-16 09:00:00,0.0,1,1.9603319520305416,1.9603319520305416,HIGH
686,Load_MW,2022-12-18 01:00:00,2022-12-18 01:00:00,0.0,1,0.6660280060994688,0.6660280060994688,LOW
687,Load_MW,2022-12-18 15:00:00,2022-12-18 18:00:00,3.0,4,0.8482342491575672,0.7308263353314647,LOW
688,Load_MW,2022-12-20 10:00:00,2022-12-20 16:00:00,6.0,7,0.920343391020508,0.6290063207609317,LOW
689,Load_MW,2022-12-20 18:00:00,2022-12-21 01:00:00,7.0,8,0.870056059160041,0.6588506241505143,LOW
690,Load_MW,2022-12-21 16:00:00,2022-12-21 18:00:00,2.0,3,0.5306586748945268,0.5080845982581782,LOW
691,Load_MW,2022-12-22 08:00:00,2022-12-22 09:00:00,1.0,2,0.1544645057211289,0.12486029449800681,LOW
692,Load_MW,2022-12-31 23:00:00,2022-12-31 23:00:00,0.0,1,0.1398859542834662,0.1398859542834662,LOW
693,Price,2022-01-10 04:00:00,2022-01-10 06:00:00,2.0,3,1.1821070529956486,0.5567790443883719,MEDIUM
694,Price,2022-01-10 08:00:00,2022-01-10 23:00:00,15.0,16,1.1150047161520205,0.7095680278021452,MEDIUM
695,Price,2022-01-11 04:00:00,2022-01-11 06:00:00,2.0,3,0.3390299710072704,0.19815688116346244,LOW
696,Price,2022-01-11 08:00:00,2022-01-11 16:00:00,8.0,9,0.8162942106057107,0.4549230689633428,LOW
697,Price,2022-01-11 19:00:00,2022-01-11 21:00:00,2.0,3,1.1320721146764046,0.9699100160012071,MEDIUM
698,Price,2022-01-12 04:00:00,2022-01-12 17:00:00,13.0,14,0.4966345396285081,0.3080522237713246,LOW
699,Price,2022-01-12 20:00:00,2022-01-12 21:00:00,1.0,2,0.0632127312291765,0.046040755002640404,LOW
700,Price,2022-01-13 08:00:00,2022-01-13 08:00:00,0.0,1,0.088400503328855,0.088400503328855,LOW
701,Price,2022-01-15 10:00:00,2022-01-15 13:00:00,3.0,4,0.0146093668049105,0.005034246124841775,LOW
702,Price,2022-01-15 19:00:00,2022-01-15 23:00:00,4.0,5,0.4655850490616284,0.3456013831913829,LOW
703,Price,2022-01-18 07:00:00,2022-01-19 04:00:00,21.0,22,0.9191848771951854,0.5340337556804697,LOW
704,Price,2022-01-24 02:00:00,2022-01-24 16:00:00,14.0,15,0.6213030701006823,0.3028647679986237,LOW
705,Price,2022-01-24 20:00:00,2022-01-25 16:00:00,20.0,21,1.2210319601491162,0.6845111810335155,MEDIUM
706,Price,2022-01-25 20:00:00,2022-01-26 15:00:00,19.0,20,0.4495764442256098,0.25450937015596037,LOW
707,Price,2022-01-26 18:00:00,2022-01-26 19:00:00,1.0,2,0.1439858496857191,0.12818251175256165,LOW
708,Price,2022-01-26 21:00:00,2022-01-26 21:00:00,0.0,1,0.1193226259387227,0.1193226259387227,LOW
709,Price,2022-01-27 14:00:00,2022-01-27 15:00:00,1.0,2,0.2070879932445002,0.1981533635400142,LOW
710,Price,2022-01-28 22:00:00,2022-01-28 22:00:00,0.0,1,1.4202386411225267,1.4202386411225267,MEDIUM
711,Price,2022-01-31 10:00:00,2022-01-31 15:00:00,5.0,6,0.3936891881474276,0.2242280009511103,LOW
712,Price,2022-02-03 08:00:00,2022-02-03 09:00:00,1.0,2,0.1577896746287683,0.11916049974352791,LOW
713,Price,2022-02-03 14:00:00,2022-02-03 15:00:00,1.0,2,0.6034692178156582,0.5899269785286866,LOW
714,Price,2022-02-03 18:00:00,2022-02-03 18:00:00,0.0,1,0.997320223084915,0.997320223084915,LOW
715,Price,2022-02-09 23:00:00,2022-02-09 23:00:00,0.0,1,0.1024769753378345,0.1024769753378345,LOW
716,Price,2022-02-10 01:00:00,2022-02-10 01:00:00,0.0,1,0.225002285550643,0.225002285550643,LOW
717,Price,2022-02-26 18:00:00,2022-02-26 21:00:00,3.0,4,0.6682136499858442,0.5932567684278773,LOW
718,Price,2022-02-28 01:00:00,2022-02-28 03:00:00,2.0,3,1.939908844102455,1.8283527527905117,HIGH
719,Price,2022-02-28 07:00:00,2022-02-28 09:00:00,2.0,3,0.199038209016559,0.1136504083256185,LOW
720,Price,2022-02-28 13:00:00,2022-02-28 15:00:00,2.0,3,0.1703273778035898,0.11247074422805381,LOW
721,Price,2022-02-28 17:00:00,2022-02-28 18:00:00,1.0,2,0.2223406595846591,0.19681979613217343,LOW
722,Price,2022-02-28 20:00:00,2022-02-28 21:00:00,1.0,2,0.9026450972614276,0.8153833273672262,LOW
723,Price,2022-03-01 04:00:00,2022-03-01 18:00:00,14.0,15,1.1734397095975622,0.5146461850164866,MEDIUM
724,Price,2022-03-01 20:00:00,2022-03-01 21:00:00,1.0,2,1.437621675368869,1.3806596036657957,MEDIUM
725,Price,2022-03-02 04:00:00,2022-03-02 18:00:00,14.0,15,0.7774398538595562,0.3775908204739654,LOW
726,Price,2022-03-02 20:00:00,2022-03-02 21:00:00,1.0,2,1.2538544716967093,1.17254639266144,MEDIUM
727,Price,2022-03-03 06:00:00,2022-03-03 22:00:00,16.0,17,2.2531783327252786,1.07295546206406,HIGH
728,Price,2022-03-04 06:00:00,2022-03-04 20:00:00,14.0,15,2.473592737989536,1.4310074789434148,HIGH
729,Price,2022-03-05 06:00:00,2022-03-05 17:00:00,11.0,12,1.3655484972603822,0.9408584174442743,MEDIUM
730,Price,2022-03-06 06:00:00,2022-03-06 17:00:00,11.0,12,1.0154576248597071,0.7290400950763702,MEDIUM
731,Price,2022-03-07 06:00:00,2022-03-07 21:00:00,15.0,16,2.625543439064847,1.606096274865877,HIGH
732,Price,2022-03-08 06:00:00,2022-03-08 18:00:00,12.0,13,2.2318158151463194,1.8900785658298362,HIGH
733,Price,2022-03-09 06:00:00,2022-03-09 17:00:00,11.0,12,2.212248982911289,2.0017403682810486,HIGH
734,Price,2022-03-10 01:00:00,2022-03-10 04:00:00,3.0,4,4.508554393762593,3.9269771713260084,HIGH
735,Price,2022-03-10 06:00:00,2022-03-10 18:00:00,12.0,13,2.254873715208221,1.7383794902539098,HIGH
736,Price,2022-03-11 06:00:00,2022-03-11 17:00:00,11.0,12,1.2070443708443943,0.8747214251946716,MEDIUM
737,Price,2022-03-11 22:00:00,2022-03-12 00:00:00,2.0,3,1.825853425965871,1.702499339301247,HIGH
738,Price,2022-03-12 09:00:00,2022-03-12 23:00:00,14.0,15,1.92852362081132,0.6739704404018627,HIGH
739,Price,2022-03-13 09:00:00,2022-03-13 10:00:00,1.0,2,0.0565878763945035,0.04853985697266245,LOW
740,Price,2022-03-13 14:00:00,2022-03-13 14:00:00,0.0,1,0.0438346695796529,0.0438346695796529,LOW
741,Price,2022-03-13 17:00:00,2022-03-13 18:00:00,1.0,2,0.6455526060713603,0.644349458484452,LOW
742,Price,2022-03-13 23:00:00,2022-03-13 23:00:00,0.0,1,2.201255683953524,2.201255683953524,HIGH
743,Price,2022-03-14 06:00:00,2022-03-14 10:00:00,4.0,5,1.3590166939324833,0.8276006893458355,MEDIUM
744,Price,2022-03-14 12:00:00,2022-03-14 21:00:00,9.0,10,1.8995886717363173,1.1207095164844922,HIGH
745,Price,2022-03-14 23:00:00,2022-03-14 23:00:00,0.0,1,1.2090875151176144,1.2090875151176144,MEDIUM
746,Price,2022-03-15 04:00:00,2022-03-15 17:00:00,13.0,14,1.410262421838273,0.7041539629056492,MEDIUM
747,Price,2022-03-16 02:00:00,2022-03-16 04:00:00,2.0,3,2.4958347658897764,1.8040323257963238,HIGH
748,Price,2022-03-16 06:00:00,2022-03-16 08:00:00,2.0,3,0.4328492751871813,0.29122550197331526,LOW
749,Price,2022-03-16 14:00:00,2022-03-16 18:00:00,4.0,5,0.3559037972458241,0.1585595746200858,LOW
750,Price,2022-03-17 00:00:00,2022-03-17 00:00:00,0.0,1,0.9346067384184598,0.9346067384184598,LOW
751,Price,2022-03-17 02:00:00,2022-03-17 21:00:00,19.0,20,1.3147447407390442,0.7310076369765183,MEDIUM
752,Price,2022-03-17 23:00:00,2022-03-17 23:00:00,0.0,1,1.3122769156126135,1.3122769156126135,MEDIUM
753,Price,2022-03-18 03:00:00,2022-03-18 15:00:00,12.0,13,0.8006810176669956,0.6077528691652679,LOW
754,Price,2022-03-18 17:00:00,2022-03-19 00:00:00,7.0,8,1.1260562634870916,0.8065232740597548,MEDIUM
755,Price,2022-03-19 03:00:00,2022-03-19 03:00:00,0.0,1,0.4619097257157591,0.4619097257157591,LOW
756,Price,2022-03-20 21:00:00,2022-03-20 22:00:00,1.0,2,0.6204782096998727,0.5535688967156401,LOW
757,Price,2022-03-21 06:00:00,2022-03-21 07:00:00,1.0,2,0.3012350080388257,0.2258353912152719,LOW
758,Price,2022-03-21 17:00:00,2022-03-21 18:00:00,1.0,2,0.447416396086981,0.3071783983463754,LOW
759,Price,2022-03-21 22:00:00,2022-03-22 00:00:00,2.0,3,2.248245062302002,1.9445676728157302,HIGH
760,Price,2022-03-22 05:00:00,2022-03-22 08:00:00,3.0,4,1.0782525327197214,0.8871866123323238,MEDIUM
761,Price,2022-03-23 05:00:00,2022-03-23 08:00:00,3.0,4,1.2164142729523546,0.9244756619393403,MEDIUM
762,Price,2022-03-24 06:00:00,2022-03-24 08:00:00,2.0,3,0.4271425283651422,0.23037374834924348,LOW
763,Price,2022-03-24 18:00:00,2022-03-24 19:00:00,1.0,2,0.877857310993325,0.7859075234930999,LOW
764,Price,2022-03-24 21:00:00,2022-03-24 21:00:00,0.0,1,1.1809617233226155,1.1809617233226155,MEDIUM
765,Price,2022-03-25 05:00:00,2022-03-25 08:00:00,3.0,4,0.6566209757289967,0.47690485956628814,LOW
766,Price,2022-03-25 14:00:00,2022-03-25 14:00:00,0.0,1,1.012797872054405,1.012797872054405,MEDIUM
767,Price,2022-03-25 16:00:00,2022-03-25 21:00:00,5.0,6,1.077971561793525,0.7064796082891819,MEDIUM
768,Price,2022-03-26 04:00:00,2022-03-26 04:00:00,0.0,1,0.4950874158061544,0.4950874158061544,LOW
769,Price,2022-03-28 06:00:00,2022-03-28 07:00:00,1.0,2,0.7542079715310945,0.6482420627768477,LOW
770,Price,2022-03-28 18:00:00,2022-03-28 18:00:00,0.0,1,0.8821442380878757,0.8821442380878757,LOW
771,Price,2022-03-29 02:00:00,2022-03-29 02:00:00,0.0,1,2.265692240402818,2.265692240402818,HIGH
772,Price,2022-03-29 05:00:00,2022-03-29 11:00:00,6.0,7,1.0075279841909006,0.504841449952498,MEDIUM
773,Price,2022-03-29 15:00:00,2022-03-29 18:00:00,3.0,4,0.7496475139286141,0.6031759159721157,LOW
774,Price,2022-03-30 04:00:00,2022-03-30 18:00:00,14.0,15,1.3506177175446372,0.6113653801902704,MEDIUM
775,Price,2022-03-31 00:00:00,2022-03-31 02:00:00,2.0,3,1.2993058384804714,1.211253799314364,MEDIUM
776,Price,2022-03-31 05:00:00,2022-03-31 10:00:00,5.0,6,0.7010336622335451,0.4201777079160028,LOW
777,Price,2022-03-31 12:00:00,2022-03-31 12:00:00,0.0,1,0.1621608198146915,0.1621608198146915,LOW
778,Price,2022-04-01 06:00:00,2022-04-01 06:00:00,0.0,1,0.3392312884442612,0.3392312884442612,LOW
779,Price,2022-04-01 22:00:00,2022-04-02 02:00:00,4.0,5,1.094189336810204,0.8358949151742305,MEDIUM
780,Price,2022-04-04 05:00:00,2022-04-04 10:00:00,5.0,6,0.5545092864942034,0.2735222563998622,LOW
781,Price,2022-04-04 13:00:00,2022-04-04 13:00:00,0.0,1,0.0631446762190697,0.0631446762190697,LOW
782,Price,2022-04-05 06:00:00,2022-04-05 06:00:00,0.0,1,0.1213908155098952,0.1213908155098952,LOW
783,Price,2022-04-05 13:00:00,2022-04-05 14:00:00,1.0,2,0.0334969884320823,0.0182618157868228,LOW
784,Price,2022-04-11 01:00:00,2022-04-11 01:00:00,0.0,1,1.6031405897671502,1.6031405897671502,HIGH
785,Price,2022-04-11 05:00:00,2022-04-11 09:00:00,4.0,5,0.8220699062741474,0.34257783301721667,LOW
786,Price,2022-04-11 16:00:00,2022-04-11 18:00:00,2.0,3,0.5922024969431119,0.5425393448907534,LOW
787,Price,2022-04-12 01:00:00,2022-04-12 02:00:00,1.0,2,1.3127491918006182,1.2692442171841454,MEDIUM
788,Price,2022-04-12 04:00:00,2022-04-12 05:00:00,1.0,2,0.4141942391594955,0.36355338710808005,LOW
789,Price,2022-04-13 01:00:00,2022-04-13 06:00:00,5.0,6,1.5724187458850265,0.8149362713275806,HIGH
790,Price,2022-04-14 05:00:00,2022-04-14 09:00:00,4.0,5,0.4982988971252802,0.1947436314830026,LOW
791,Price,2022-04-14 15:00:00,2022-04-14 15:00:00,0.0,1,0.1956358152881439,0.1956358152881439,LOW
792,Price,2022-04-16 00:00:00,2022-04-16 00:00:00,0.0,1,1.4414722724192917,1.4414722724192917,MEDIUM
793,Price,2022-04-19 02:00:00,2022-04-19 02:00:00,0.0,1,2.819493413991291,2.819493413991291,HIGH
794,Price,2022-04-19 05:00:00,2022-04-19 06:00:00,1.0,2,1.3755986054014893,0.9977469570372878,MEDIUM
795,Price,2022-04-19 14:00:00,2022-04-19 15:00:00,1.0,2,0.7272174674895644,0.6566468131305977,LOW
796,Price,2022-04-20 01:00:00,2022-04-20 05:00:00,4.0,5,0.765476546087537,0.429858001415213,LOW
797,Price,2022-04-21 01:00:00,2022-04-21 05:00:00,4.0,5,0.7005120621993948,0.6399430592828997,LOW
798,Price,2022-04-22 05:00:00,2022-04-22 05:00:00,0.0,1,0.0470383960379154,0.0470383960379154,LOW
799,Price,2022-04-25 05:00:00,2022-04-25 08:00:00,3.0,4,0.6343798355221233,0.2362053219485922,LOW
800,Price,2022-04-25 14:00:00,2022-04-25 14:00:00,0.0,1,0.0185726968661485,0.0185726968661485,LOW
801,Price,2022-04-26 05:00:00,2022-04-26 09:00:00,4.0,5,0.8366699287893797,0.40746460607347224,LOW
802,Price,2022-04-26 14:00:00,2022-04-26 14:00:00,0.0,1,0.2432973728565324,0.2432973728565324,LOW
803,Price,2022-04-26 23:00:00,2022-04-26 23:00:00,0.0,1,0.8050232009191587,0.8050232009191587,LOW
804,Price,2022-04-27 01:00:00,2022-04-27 06:00:00,5.0,6,2.797596420605484,1.4190177793692402,HIGH
805,Price,2022-04-28 05:00:00,2022-04-28 08:00:00,3.0,4,0.7795897390701187,0.30284566287118214,LOW
806,Price,2022-04-28 19:00:00,2022-04-28 19:00:00,0.0,1,0.7644877789439488,0.7644877789439488,LOW
807,Price,2022-04-29 04:00:00,2022-04-29 08:00:00,4.0,5,0.7873423192273135,0.42207279153619137,LOW
808,Price,2022-04-29 19:00:00,2022-04-29 19:00:00,0.0,1,0.763856698507964,0.763856698507964,LOW
809,Price,2022-04-30 04:00:00,2022-04-30 04:00:00,0.0,1,0.5430323502688097,0.5430323502688097,LOW
810,Price,2022-05-02 05:00:00,2022-05-02 08:00:00,3.0,4,1.195495326929828,0.8556671796326983,MEDIUM
811,Price,2022-05-02 19:00:00,2022-05-02 19:00:00,0.0,1,1.2692481176018495,1.2692481176018495,MEDIUM
812,Price,2022-05-03 04:00:00,2022-05-03 06:00:00,2.0,3,1.210138359091718,1.0280663267658876,MEDIUM
813,Price,2022-05-04 04:00:00,2022-05-04 07:00:00,3.0,4,1.1981349355554474,0.9479802056875448,MEDIUM
814,Price,2022-05-04 19:00:00,2022-05-04 19:00:00,0.0,1,1.2457733954991406,1.2457733954991406,MEDIUM
815,Price,2022-05-05 04:00:00,2022-05-05 08:00:00,4.0,5,1.2663560482041305,0.7472904979393992,MEDIUM
816,Price,2022-05-05 14:00:00,2022-05-05 14:00:00,0.0,1,0.4920331706290968,0.4920331706290968,LOW
817,Price,2022-05-05 19:00:00,2022-05-05 19:00:00,0.0,1,0.8632858046951462,0.8632858046951462,LOW
818,Price,2022-05-06 04:00:00,2022-05-06 07:00:00,3.0,4,0.9173389392747572,0.6212252290244877,LOW
819,Price,2022-05-07 04:00:00,2022-05-07 04:00:00,0.0,1,0.2484203942124618,0.2484203942124618,LOW
820,Price,2022-05-07 21:00:00,2022-05-07 21:00:00,0.0,1,0.4511312480307885,0.4511312480307885,LOW
821,Price,2022-05-08 00:00:00,2022-05-08 03:00:00,3.0,4,0.3125277993352662,0.24713544981971292,LOW
822,Price,2022-05-09 04:00:00,2022-05-09 07:00:00,3.0,4,1.10784417337875,0.6709126781443016,MEDIUM
823,Price,2022-05-09 19:00:00,2022-05-09 19:00:00,0.0,1,1.4319196416307778,1.4319196416307778,MEDIUM
824,Price,2022-05-10 04:00:00,2022-05-10 05:00:00,1.0,2,0.8928309407539645,0.7836286959191173,LOW
825,Price,2022-05-11 04:00:00,2022-05-11 05:00:00,1.0,2,0.9140811107595944,0.7628755963776119,LOW
826,Price,2022-05-12 05:00:00,2022-05-12 05:00:00,0.0,1,0.0489967181070905,0.0489967181070905,LOW
827,Price,2022-05-13 04:00:00,2022-05-13 05:00:00,1.0,2,0.6675764688709711,0.5098853571190111,LOW
828,Price,2022-05-16 04:00:00,2022-05-16 05:00:00,1.0,2,0.56143620859276,0.5459868132556555,LOW
829,Price,2022-05-17 01:00:00,2022-05-17 06:00:00,5.0,6,1.686961578616995,0.9623516454366198,HIGH
830,Price,2022-05-17 13:00:00,2022-05-17 15:00:00,2.0,3,0.3366027686838624,0.2250515796624161,LOW
831,Price,2022-05-17 19:00:00,2022-05-17 19:00:00,0.0,1,0.8243894725601559,0.8243894725601559,LOW
832,Price,2022-05-18 02:00:00,2022-05-18 05:00:00,3.0,4,1.5201760118829477,0.9355950631221231,HIGH
833,Price,2022-05-18 19:00:00,2022-05-18 19:00:00,0.0,1,0.7218577941600142,0.7218577941600142,LOW
834,Price,2022-05-18 21:00:00,2022-05-18 21:00:00,0.0,1,0.3768582210834801,0.3768582210834801,LOW
835,Price,2022-05-19 04:00:00,2022-05-19 05:00:00,1.0,2,0.3034575986309755,0.22025877374996156,LOW
836,Price,2022-05-20 04:00:00,2022-05-20 06:00:00,2.0,3,0.3964199740220056,0.27034631422735966,LOW
837,Price,2022-05-23 04:00:00,2022-05-23 05:00:00,1.0,2,0.3592478886653443,0.348493312146535,LOW
838,Price,2022-05-25 04:00:00,2022-05-25 05:00:00,1.0,2,0.3492482448303264,0.3110582192354757,LOW
839,Price,2022-05-30 01:00:00,2022-05-30 01:00:00,0.0,1,1.0663944207352876,1.0663944207352876,MEDIUM
840,Price,2022-05-30 04:00:00,2022-05-30 05:00:00,1.0,2,0.4343673587668388,0.4271832016384449,LOW
841,Price,2022-05-31 00:00:00,2022-05-31 00:00:00,0.0,1,0.9698789780991546,0.9698789780991546,LOW
842,Price,2022-05-31 02:00:00,2022-05-31 05:00:00,3.0,4,1.545993952351851,1.2113362919602964,HIGH
843,Price,2022-06-01 01:00:00,2022-06-01 01:00:00,0.0,1,1.685186732409787,1.685186732409787,HIGH
844,Price,2022-06-01 03:00:00,2022-06-01 05:00:00,2.0,3,1.1032958908300643,0.773610997269914,MEDIUM
845,Price,2022-06-02 04:00:00,2022-06-02 05:00:00,1.0,2,0.4884788843791803,0.3719167664289411,LOW
846,Price,2022-06-03 01:00:00,2022-06-03 05:00:00,4.0,5,0.2066232828639906,0.13874798500339008,LOW
847,Price,2022-06-07 04:00:00,2022-06-07 05:00:00,1.0,2,0.6821511335889434,0.5891041473367712,LOW
848,Price,2022-06-08 04:00:00,2022-06-08 04:00:00,0.0,1,0.0633562618834882,0.0633562618834882,LOW
849,Price,2022-06-10 04:00:00,2022-06-10 04:00:00,0.0,1,0.6028702347629642,0.6028702347629642,LOW
850,Price,2022-06-14 03:00:00,2022-06-14 03:00:00,0.0,1,1.4546493554118116,1.4546493554118116,MEDIUM
851,Price,2022-06-15 02:00:00,2022-06-15 05:00:00,3.0,4,0.7403481800752232,0.6380541942987008,LOW
852,Price,2022-06-15 19:00:00,2022-06-15 19:00:00,0.0,1,0.4806991116837815,0.4806991116837815,LOW
853,Price,2022-06-17 04:00:00,2022-06-17 08:00:00,4.0,5,1.6411705993610464,0.6031692140641929,HIGH
854,Price,2022-06-17 14:00:00,2022-06-17 19:00:00,5.0,6,1.0875127862276597,0.4179901281880831,MEDIUM
855,Price,2022-06-18 00:00:00,2022-06-18 03:00:00,3.0,4,2.314365772888481,1.7320944160246348,HIGH
856,Price,2022-06-18 19:00:00,2022-06-18 19:00:00,0.0,1,1.0300909950469443,1.0300909950469443,MEDIUM
857,Price,2022-06-20 04:00:00,2022-06-20 14:00:00,10.0,11,1.3248889739366143,0.5075557557081575,MEDIUM
858,Price,2022-06-20 18:00:00,2022-06-20 19:00:00,1.0,2,1.3850271837248582,1.3598878601349687,MEDIUM
859,Price,2022-06-21 04:00:00,2022-06-21 19:00:00,15.0,16,2.0785514087215016,0.7479923424826218,HIGH
860,Price,2022-06-22 00:00:00,2022-06-22 19:00:00,19.0,20,2.6617123044097952,1.4657579292019978,HIGH
861,Price,2022-06-23 01:00:00,2022-06-23 19:00:00,18.0,19,2.530913636276099,1.4977696697339502,HIGH
862,Price,2022-06-24 01:00:00,2022-06-24 19:00:00,18.0,19,2.298038210267793,0.7893662900273203,HIGH
863,Price,2022-06-25 03:00:00,2022-06-25 06:00:00,3.0,4,0.958035982460428,0.486464544292302,LOW
864,Price,2022-06-25 10:00:00,2022-06-25 10:00:00,0.0,1,0.0962469214023891,0.0962469214023891,LOW
865,Price,2022-06-25 14:00:00,2022-06-25 19:00:00,5.0,6,1.281759788158159,0.6573301395336988,MEDIUM
866,Price,2022-06-26 03:00:00,2022-06-26 03:00:00,0.0,1,0.8123736747872914,0.8123736747872914,LOW
867,Price,2022-06-26 16:00:00,2022-06-26 19:00:00,3.0,4,1.8033205329495328,1.0611391062146933,HIGH
868,Price,2022-06-27 04:00:00,2022-06-27 19:00:00,15.0,16,1.794164500816175,0.8871720338336713,HIGH
869,Price,2022-06-28 02:00:00,2022-06-28 03:00:00,1.0,2,2.740526209736692,2.696026786082285,HIGH
870,Price,2022-06-28 05:00:00,2022-06-28 19:00:00,14.0,15,2.486296413840389,1.3913211532571412,HIGH
871,Price,2022-06-29 03:00:00,2022-06-29 19:00:00,16.0,17,2.504562871372412,1.2644804767719142,HIGH
872,Price,2022-06-30 02:00:00,2022-06-30 02:00:00,0.0,1,1.9926418153212464,1.9926418153212464,HIGH
873,Price,2022-06-30 04:00:00,2022-06-30 19:00:00,15.0,16,2.219106113375445,1.4850440526393145,HIGH
874,Price,2022-07-01 04:00:00,2022-07-01 15:00:00,11.0,12,1.805507015206476,1.1842611952341728,HIGH
875,Price,2022-07-01 18:00:00,2022-07-01 19:00:00,1.0,2,1.6248203729617134,1.5881971887445105,HIGH
876,Price,2022-07-02 00:00:00,2022-07-02 19:00:00,19.0,20,2.8421910692863115,0.7883777927142084,HIGH
877,Price,2022-07-03 03:00:00,2022-07-03 05:00:00,2.0,3,2.2915774271585923,1.269425600442222,HIGH
878,Price,2022-07-03 15:00:00,2022-07-03 19:00:00,4.0,5,2.357477520522034,1.2445910259326476,HIGH
879,Price,2022-07-04 04:00:00,2022-07-04 18:00:00,14.0,15,2.3012121800919005,1.4703192825132836,HIGH
880,Price,2022-07-05 01:00:00,2022-07-05 19:00:00,18.0,19,2.9172021404432265,1.3747765034882413,HIGH
881,Price,2022-07-06 03:00:00,2022-07-06 19:00:00,16.0,17,2.5422451097618115,1.4661213239444688,HIGH
882,Price,2022-07-07 02:00:00,2022-07-07 02:00:00,0.0,1,1.8607831510695263,1.8607831510695263,HIGH
883,Price,2022-07-07 04:00:00,2022-07-07 08:00:00,4.0,5,2.490959894963797,1.7979900906220188,HIGH
884,Price,2022-07-07 10:00:00,2022-07-07 19:00:00,9.0,10,1.3430615789879166,0.7946554610166235,MEDIUM
885,Price,2022-07-08 04:00:00,2022-07-08 19:00:00,15.0,16,1.92903581645284,0.8530013773601592,HIGH
886,Price,2022-07-09 02:00:00,2022-07-09 06:00:00,4.0,5,0.5046818895339102,0.32016354679954967,LOW
887,Price,2022-07-10 19:00:00,2022-07-10 19:00:00,0.0,1,0.9227309227956972,0.9227309227956972,LOW
888,Price,2022-07-11 04:00:00,2022-07-11 19:00:00,15.0,16,2.9533604740094104,1.3884849504716508,HIGH
889,Price,2022-07-12 00:00:00,2022-07-12 19:00:00,19.0,20,3.101203418102966,1.7516301890012802,HIGH
890,Price,2022-07-12 23:00:00,2022-07-13 19:00:00,20.0,21,4.87092981075957,2.1660920084999544,HIGH
891,Price,2022-07-14 03:00:00,2022-07-14 19:00:00,16.0,17,3.992621388749104,1.9678785080767487,HIGH
892,Price,2022-07-15 04:00:00,2022-07-15 19:00:00,15.0,16,2.750106910402627,1.3217405372976632,HIGH
893,Price,2022-07-16 02:00:00,2022-07-16 11:00:00,9.0,10,1.994597975176073,1.3481987308687058,HIGH
894,Price,2022-07-16 17:00:00,2022-07-16 19:00:00,2.0,3,1.1381270326863404,0.7668824544888123,MEDIUM
895,Price,2022-07-17 04:00:00,2022-07-17 04:00:00,0.0,1,0.4417713452924074,0.4417713452924074,LOW
896,Price,2022-07-17 16:00:00,2022-07-17 19:00:00,3.0,4,2.3093120734057235,1.3277423206374102,HIGH
897,Price,2022-07-18 04:00:00,2022-07-18 19:00:00,15.0,16,3.861957137928464,2.40848937471563,HIGH
898,Price,2022-07-19 02:00:00,2022-07-19 19:00:00,17.0,18,4.483123045987205,2.8764947809120067,HIGH
899,Price,2022-07-20 01:00:00,2022-07-20 19:00:00,18.0,19,4.636876469886733,2.580469268481309,HIGH
900,Price,2022-07-21 02:00:00,2022-07-21 18:00:00,16.0,17,4.365966825574361,2.608348747480179,HIGH
901,Price,2022-07-22 03:00:00,2022-07-22 19:00:00,16.0,17,3.6822345719430816,2.4675820586088086,HIGH
902,Price,2022-07-23 04:00:00,2022-07-23 12:00:00,8.0,9,2.3205414979218664,1.3496172172057515,HIGH
903,Price,2022-07-23 15:00:00,2022-07-23 19:00:00,4.0,5,1.6805258933918708,1.0633725386577761,HIGH
904,Price,2022-07-24 03:00:00,2022-07-24 05:00:00,2.0,3,1.7302429005413014,0.8561411402087534,HIGH
905,Price,2022-07-24 10:00:00,2022-07-24 19:00:00,9.0,10,2.445319368470084,0.789436766672026,HIGH
906,Price,2022-07-25 04:00:00,2022-07-25 19:00:00,15.0,16,2.828810922549015,1.6843020908673436,HIGH
907,Price,2022-07-26 02:00:00,2022-07-26 19:00:00,17.0,18,3.0739933828271617,2.1328242762124408,HIGH
908,Price,2022-07-27 00:00:00,2022-07-27 19:00:00,19.0,20,4.592356150790687,2.8770558656134644,HIGH
909,Price,2022-07-28 02:00:00,2022-07-28 19:00:00,17.0,18,4.987182794521613,3.1104825537205283,HIGH
910,Price,2022-07-29 01:00:00,2022-07-29 19:00:00,18.0,19,5.498170493446597,3.0761083423948863,HIGH
911,Price,2022-07-30 00:00:00,2022-07-30 18:00:00,18.0,19,3.8290907952155857,1.9710398364555017,HIGH
912,Price,2022-07-30 23:00:00,2022-07-31 16:00:00,17.0,18,4.119474281560708,1.5295917834038557,HIGH
913,Price,2022-07-31 18:00:00,2022-07-31 19:00:00,1.0,2,2.084357197287642,1.7671532362275943,HIGH
914,Price,2022-08-01 04:00:00,2022-08-01 19:00:00,15.0,16,3.5637769661927914,2.4228513910037575,HIGH
915,Price,2022-08-02 00:00:00,2022-08-02 19:00:00,19.0,20,5.399975442148652,3.075116678381223,HIGH
916,Price,2022-08-03 01:00:00,2022-08-03 19:00:00,18.0,19,4.831618911836099,3.223602063601986,HIGH
917,Price,2022-08-04 05:00:00,2022-08-04 19:00:00,14.0,15,3.508905645256581,2.47730653820113,HIGH
918,Price,2022-08-05 05:00:00,2022-08-05 19:00:00,14.0,15,3.03997331181566,2.138410134969319,HIGH
919,Price,2022-08-06 02:00:00,2022-08-06 19:00:00,17.0,18,2.293153826567443,0.8203149519102103,HIGH
920,Price,2022-08-07 04:00:00,2022-08-07 06:00:00,2.0,3,0.5889598332138297,0.2791371666326435,LOW
921,Price,2022-08-07 11:00:00,2022-08-07 19:00:00,8.0,9,2.020035219148183,0.6380881468608857,HIGH
922,Price,2022-08-08 05:00:00,2022-08-08 19:00:00,14.0,15,2.205740991884145,1.3992487256122037,HIGH
923,Price,2022-08-09 01:00:00,2022-08-09 19:00:00,18.0,19,3.14949189678969,1.529299719963686,HIGH
924,Price,2022-08-10 01:00:00,2022-08-10 19:00:00,18.0,19,3.483711379177082,1.8174424266727442,HIGH
925,Price,2022-08-11 05:00:00,2022-08-11 19:00:00,14.0,15,2.249506590124468,1.4729298574139866,HIGH
926,Price,2022-08-12 05:00:00,2022-08-12 19:00:00,14.0,15,3.0367864009923897,2.0856993951537364,HIGH
927,Price,2022-08-13 00:00:00,2022-08-13 00:00:00,0.0,1,4.102220954037265,4.102220954037265,HIGH
928,Price,2022-08-13 05:00:00,2022-08-13 19:00:00,14.0,15,2.170554196683675,1.3971791592179619,HIGH
929,Price,2022-08-14 00:00:00,2022-08-14 19:00:00,19.0,20,3.542419543440836,1.9103807007270817,HIGH
930,Price,2022-08-16 05:00:00,2022-08-16 19:00:00,14.0,15,3.636411154130312,2.222687870792163,HIGH
931,Price,2022-08-17 05:00:00,2022-08-17 19:00:00,14.0,15,4.097499314379524,3.059699366142874,HIGH
932,Price,2022-08-18 01:00:00,2022-08-18 03:00:00,2.0,3,7.0177696167967945,6.406152762384906,HIGH
933,Price,2022-08-18 05:00:00,2022-08-18 19:00:00,14.0,15,3.7426336931849455,2.6615338776283988,HIGH
934,Price,2022-08-19 02:00:00,2022-08-19 02:00:00,0.0,1,5.80632433921804,5.80632433921804,HIGH
935,Price,2022-08-19 05:00:00,2022-08-19 12:00:00,7.0,8,3.639108938452477,2.6825613055512925,HIGH
936,Price,2022-08-19 14:00:00,2022-08-19 18:00:00,4.0,5,2.73835553675305,2.180889002287768,HIGH
937,Price,2022-08-20 05:00:00,2022-08-20 18:00:00,13.0,14,2.8725575860352963,1.690073502216034,HIGH
938,Price,2022-08-21 04:00:00,2022-08-21 18:00:00,14.0,15,1.8383252102315013,0.7437228439539223,HIGH
939,Price,2022-08-22 05:00:00,2022-08-22 18:00:00,13.0,14,2.6791134706715063,1.9312939089328083,HIGH
940,Price,2022-08-23 02:00:00,2022-08-23 02:00:00,0.0,1,5.797452550636688,5.797452550636688,HIGH
941,Price,2022-08-23 05:00:00,2022-08-23 18:00:00,13.0,14,2.899858788368161,1.9309550735126888,HIGH
942,Price,2022-08-23 22:00:00,2022-08-24 18:00:00,20.0,21,8.068454828108791,3.6602908721783574,HIGH
943,Price,2022-08-24 23:00:00,2022-08-25 02:00:00,3.0,4,7.747993693084386,7.036830123233225,HIGH
944,Price,2022-08-25 05:00:00,2022-08-25 18:00:00,13.0,14,3.8307640372338505,2.893145794317951,HIGH
945,Price,2022-08-26 05:00:00,2022-08-26 18:00:00,13.0,14,3.978479172450007,2.9219114786901987,HIGH
946,Price,2022-08-27 05:00:00,2022-08-27 18:00:00,13.0,14,3.198390624457092,2.5549372698218966,HIGH
947,Price,2022-08-28 03:00:00,2022-08-28 03:00:00,0.0,1,4.248424249945615,4.248424249945615,HIGH
948,Price,2022-08-28 05:00:00,2022-08-28 18:00:00,13.0,14,2.703406933137523,1.9390915105191104,HIGH
949,Price,2022-08-29 05:00:00,2022-08-29 18:00:00,13.0,14,2.9376124277860267,2.239200383205263,HIGH
950,Price,2022-08-30 05:00:00,2022-08-30 18:00:00,13.0,14,3.817638322695052,2.6876087024118966,HIGH
951,Price,2022-08-31 00:00:00,2022-08-31 02:00:00,2.0,3,7.523694980685029,7.269444467645864,HIGH
952,Price,2022-08-31 05:00:00,2022-08-31 18:00:00,13.0,14,3.99617923105615,2.4547681608572245,HIGH
953,Price,2022-09-01 05:00:00,2022-09-01 18:00:00,13.0,14,3.1092823601540704,2.0675747585406095,HIGH
954,Price,2022-09-02 05:00:00,2022-09-02 18:00:00,13.0,14,3.310960144629174,2.615997969427832,HIGH
955,Price,2022-09-03 05:00:00,2022-09-03 18:00:00,13.0,14,2.347462723203223,1.8646465948034725,HIGH
956,Price,2022-09-04 04:00:00,2022-09-04 18:00:00,14.0,15,3.3257106888674484,2.2484954243501662,HIGH
957,Price,2022-09-05 05:00:00,2022-09-05 18:00:00,13.0,14,3.3869735641139984,2.683904559083319,HIGH
958,Price,2022-09-06 02:00:00,2022-09-06 03:00:00,1.0,2,4.706244887980347,4.474902148340613,HIGH
959,Price,2022-09-06 05:00:00,2022-09-06 18:00:00,13.0,14,3.5453092172339336,2.5973734045281143,HIGH
960,Price,2022-09-07 03:00:00,2022-09-07 18:00:00,15.0,16,4.508468306423969,3.0739180486615014,HIGH
961,Price,2022-09-08 01:00:00,2022-09-08 02:00:00,1.0,2,3.460503791889874,3.4396295122384624,HIGH
962,Price,2022-09-08 05:00:00,2022-09-08 17:00:00,12.0,13,2.659861170561264,1.6363607009334518,HIGH
963,Price,2022-09-09 05:00:00,2022-09-09 17:00:00,12.0,13,2.837084979409746,2.091783477930109,HIGH
964,Price,2022-09-10 04:00:00,2022-09-10 15:00:00,11.0,12,2.148238810465968,1.1102078798767294,HIGH
965,Price,2022-09-10 17:00:00,2022-09-10 17:00:00,0.0,1,1.1829700260515166,1.1829700260515166,MEDIUM
966,Price,2022-09-11 03:00:00,2022-09-11 18:00:00,15.0,16,2.8233340202639208,1.1163725483377203,HIGH
967,Price,2022-09-12 05:00:00,2022-09-12 18:00:00,13.0,14,2.7956925690481773,1.830964120379169,HIGH
968,Price,2022-09-13 01:00:00,2022-09-13 18:00:00,17.0,18,3.857554558154787,2.7869428172477657,HIGH
969,Price,2022-09-14 01:00:00,2022-09-14 18:00:00,17.0,18,5.01232355498721,2.971853803967001,HIGH
970,Price,2022-09-15 00:00:00,2022-09-15 03:00:00,3.0,4,3.440818522515478,2.4980991435118076,HIGH
971,Price,2022-09-15 05:00:00,2022-09-15 12:00:00,7.0,8,2.718866702930208,1.6636215873875313,HIGH
972,Price,2022-09-15 14:00:00,2022-09-15 18:00:00,4.0,5,2.0823153409528388,1.6261355176275836,HIGH
973,Price,2022-09-16 02:00:00,2022-09-16 02:00:00,0.0,1,1.208394042956257,1.208394042956257,MEDIUM
974,Price,2022-09-16 06:00:00,2022-09-16 17:00:00,11.0,12,2.1967479971140875,1.7106576043208805,HIGH
975,Price,2022-09-17 02:00:00,2022-09-17 08:00:00,6.0,7,1.7624168970036556,1.1385375621976777,HIGH
976,Price,2022-09-17 10:00:00,2022-09-17 16:00:00,6.0,7,0.4596347929062172,0.31568949289482623,LOW
977,Price,2022-09-17 18:00:00,2022-09-17 18:00:00,0.0,1,0.795697374459911,0.795697374459911,LOW
978,Price,2022-09-18 17:00:00,2022-09-18 17:00:00,0.0,1,0.4932860043479705,0.4932860043479705,LOW
979,Price,2022-09-19 03:00:00,2022-09-19 04:00:00,1.0,2,2.10951731144341,1.6212690722911318,HIGH
980,Price,2022-09-19 06:00:00,2022-09-19 06:00:00,0.0,1,1.6051983773581449,1.6051983773581449,HIGH
981,Price,2022-09-19 08:00:00,2022-09-19 11:00:00,3.0,4,1.3225003967927669,1.2185715407371611,MEDIUM
982,Price,2022-09-19 13:00:00,2022-09-19 17:00:00,4.0,5,1.26147174175827,1.1078295133395535,MEDIUM
983,Price,2022-09-20 00:00:00,2022-09-20 17:00:00,17.0,18,2.0408028392228044,1.2700967744383447,HIGH
984,Price,2022-09-20 22:00:00,2022-09-21 17:00:00,19.0,20,3.734487892241252,1.8706271513007042,HIGH
985,Price,2022-09-22 00:00:00,2022-09-22 03:00:00,3.0,4,3.674656654667485,2.9535390311424288,HIGH
986,Price,2022-09-22 06:00:00,2022-09-22 17:00:00,11.0,12,2.3829034687145727,1.6737551595277897,HIGH
987,Price,2022-09-23 02:00:00,2022-09-23 03:00:00,1.0,2,3.280270373554637,2.8384836089307783,HIGH
988,Price,2022-09-23 05:00:00,2022-09-23 17:00:00,12.0,13,3.1071043390228867,2.0693780850689385,HIGH
989,Price,2022-09-24 00:00:00,2022-09-24 00:00:00,0.0,1,3.4052542718047203,3.4052542718047203,HIGH
990,Price,2022-09-24 04:00:00,2022-09-24 17:00:00,13.0,14,2.4821731235430646,1.7389548458330049,HIGH
991,Price,2022-09-25 05:00:00,2022-09-25 17:00:00,12.0,13,1.5898708984265255,1.230860840182205,HIGH
992,Price,2022-09-26 04:00:00,2022-09-26 04:00:00,0.0,1,1.7501217820156445,1.7501217820156445,HIGH
993,Price,2022-09-26 06:00:00,2022-09-26 17:00:00,11.0,12,1.6143803457499413,1.18761437879629,HIGH
994,Price,2022-09-27 02:00:00,2022-09-27 03:00:00,1.0,2,1.3197391834307577,0.9725992817144835,MEDIUM
995,Price,2022-09-27 05:00:00,2022-09-27 13:00:00,8.0,9,2.0016467981092223,1.284069181135455,HIGH
996,Price,2022-09-27 15:00:00,2022-09-27 16:00:00,1.0,2,0.9519934007401548,0.8849490442733046,LOW
997,Price,2022-09-28 02:00:00,2022-09-28 02:00:00,0.0,1,2.00657144890696,2.00657144890696,HIGH
998,Price,2022-09-28 06:00:00,2022-09-28 08:00:00,2.0,3,2.2685829108526194,1.7908588779012853,HIGH
999,Price,2022-09-28 11:00:00,2022-09-28 12:00:00,1.0,2,1.2067934618951406,1.1313294632761774,MEDIUM
1000,Price,2022-09-28 16:00:00,2022-09-28 17:00:00,1.0,2,2.106426525635817,1.9497752949350242,HIGH
1001,Price,2022-09-29 06:00:00,2022-09-29 17:00:00,11.0,12,2.4477454530498126,2.041078058778898,HIGH
1002,Price,2022-09-30 01:00:00,2022-09-30 03:00:00,2.0,3,2.7065781917434144,2.6366453368682756,HIGH
1003,Price,2022-09-30 06:00:00,2022-09-30 19:00:00,13.0,14,2.5370069844979666,1.6179958166672146,HIGH
1004,Price,2022-09-30 21:00:00,2022-10-01 00:00:00,3.0,4,1.1217846848616144,0.8394485740973638,MEDIUM
1005,Price,2022-10-01 15:00:00,2022-10-01 16:00:00,1.0,2,0.2312805760453824,0.1466844237706217,LOW
1006,Price,2022-10-02 20:00:00,2022-10-02 20:00:00,0.0,1,0.3617252610733903,0.3617252610733903,LOW
1007,Price,2022-10-03 06:00:00,2022-10-03 06:00:00,0.0,1,1.1365290015916565,1.1365290015916565,MEDIUM
1008,Price,2022-10-03 12:00:00,2022-10-03 12:00:00,0.0,1,0.3520681470821645,0.3520681470821645,LOW
1009,Price,2022-10-03 17:00:00,2022-10-03 18:00:00,1.0,2,1.5083193106933277,1.165551966690932,HIGH
1010,Price,2022-10-03 21:00:00,2022-10-03 21:00:00,0.0,1,1.6353755259536826,1.6353755259536826,HIGH
1011,Price,2022-10-04 00:00:00,2022-10-04 00:00:00,0.0,1,0.4328781438988203,0.4328781438988203,LOW
1012,Price,2022-10-04 02:00:00,2022-10-04 02:00:00,0.0,1,0.6054618847159541,0.6054618847159541,LOW
1013,Price,2022-10-04 04:00:00,2022-10-04 09:00:00,5.0,6,1.2630460186006491,0.7547768984091802,MEDIUM
1014,Price,2022-10-04 14:00:00,2022-10-04 19:00:00,5.0,6,1.138731974826072,0.7761686461342362,MEDIUM
1015,Price,2022-10-05 04:00:00,2022-10-05 06:00:00,2.0,3,0.838225010188937,0.4845131812755125,LOW
1016,Price,2022-10-06 22:00:00,2022-10-06 22:00:00,0.0,1,0.1973649680618865,0.1973649680618865,LOW
1017,Price,2022-10-11 02:00:00,2022-10-11 17:00:00,15.0,16,0.7593516515344887,0.39218397537007105,LOW
1018,Price,2022-10-11 21:00:00,2022-10-12 18:00:00,21.0,22,1.6452516968179556,0.8322739902886526,HIGH
1019,Price,2022-10-12 22:00:00,2022-10-13 09:00:00,11.0,12,1.572027113825796,0.7683140459383876,HIGH
1020,Price,2022-10-13 13:00:00,2022-10-13 18:00:00,5.0,6,1.3529496549630184,0.9823411893287591,MEDIUM
1021,Price,2022-10-13 20:00:00,2022-10-13 20:00:00,0.0,1,0.6553634134852366,0.6553634134852366,LOW
1022,Price,2022-10-13 22:00:00,2022-10-13 22:00:00,0.0,1,1.4492350176175286,1.4492350176175286,MEDIUM
1023,Price,2022-10-14 00:00:00,2022-10-14 00:00:00,0.0,1,0.8741196921762968,0.8741196921762968,LOW
1024,Price,2022-10-14 02:00:00,2022-10-14 18:00:00,16.0,17,1.394344464547293,0.7761867775434977,MEDIUM
1025,Price,2022-10-14 22:00:00,2022-10-14 22:00:00,0.0,1,0.2313253234595411,0.2313253234595411,LOW
1026,Price,2022-10-17 06:00:00,2022-10-17 08:00:00,2.0,3,0.3127982673358012,0.2179148598553486,LOW
1027,Price,2022-10-18 06:00:00,2022-10-18 07:00:00,1.0,2,0.3675247432112636,0.28274646359010125,LOW
1028,Price,2022-11-15 07:00:00,2022-11-15 08:00:00,1.0,2,0.5543775064046972,0.5460038494360988,LOW
1029,Price,2022-11-15 16:00:00,2022-11-15 16:00:00,0.0,1,0.333256545752534,0.333256545752534,LOW
1030,Price,2022-11-15 19:00:00,2022-11-15 19:00:00,0.0,1,0.1520390581028508,0.1520390581028508,LOW
1031,Price,2022-11-15 21:00:00,2022-11-15 21:00:00,0.0,1,0.4563638848625782,0.4563638848625782,LOW
1032,Price,2022-11-15 23:00:00,2022-11-17 12:00:00,37.0,38,1.0384817808799234,0.4433299751685947,MEDIUM
1033,Price,2022-11-17 16:00:00,2022-11-18 16:00:00,24.0,25,1.112354742850925,0.4378258975557627,MEDIUM
1034,Price,2022-11-18 22:00:00,2022-11-19 03:00:00,5.0,6,0.4790717447061379,0.3485501808927555,LOW
1035,Price,2022-11-19 08:00:00,2022-11-19 19:00:00,11.0,12,0.5017732990847126,0.2570705731874814,LOW
1036,Price,2022-11-19 21:00:00,2022-11-20 03:00:00,6.0,7,0.9839118480560316,0.7554872120349908,LOW
1037,Price,2022-11-20 21:00:00,2022-11-20 22:00:00,1.0,2,0.6390453102651874,0.5751045695030704,LOW
1038,Price,2022-11-21 02:00:00,2022-11-21 22:00:00,20.0,21,0.9002022772279563,0.5069375313469683,LOW
1039,Price,2022-11-22 08:00:00,2022-11-22 17:00:00,9.0,10,0.7079977098369086,0.43329729302398173,LOW
1040,Price,2022-11-22 19:00:00,2022-11-22 22:00:00,3.0,4,0.2224674737551963,0.1849806002406479,LOW
1041,Price,2022-11-23 08:00:00,2022-11-25 23:00:00,63.0,64,1.1085969149971402,0.5101594837326111,MEDIUM
1042,Price,2022-11-26 01:00:00,2022-11-26 04:00:00,3.0,4,0.6690741553828268,0.382715740702831,LOW
1043,Price,2022-11-26 09:00:00,2022-11-26 16:00:00,7.0,8,0.3399218424735251,0.1432911335463622,LOW
1044,Price,2022-11-26 23:00:00,2022-11-26 23:00:00,0.0,1,0.4768014480489591,0.4768014480489591,LOW
1045,Price,2022-11-28 07:00:00,2022-11-28 16:00:00,9.0,10,1.3289146897539827,0.814685696333737,MEDIUM
1046,Price,2022-11-29 01:00:00,2022-11-29 05:00:00,4.0,5,1.1330346551085682,0.9031637746043056,MEDIUM
1047,Price,2022-11-29 07:00:00,2022-12-01 17:00:00,58.0,59,2.4524774064538333,1.8496672338522406,HIGH
1048,Price,2022-12-01 21:00:00,2022-12-02 02:00:00,5.0,6,2.698498113733905,2.007190569759531,HIGH
1049,Price,2022-12-02 05:00:00,2022-12-02 22:00:00,17.0,18,2.5490583826329924,1.816777815252201,HIGH
1050,Price,2022-12-03 03:00:00,2022-12-03 03:00:00,0.0,1,0.597078067798994,0.597078067798994,LOW
1051,Price,2022-12-03 07:00:00,2022-12-03 17:00:00,10.0,11,0.6907884675606553,0.5158598074940579,LOW
1052,Price,2022-12-04 02:00:00,2022-12-04 02:00:00,0.0,1,0.1360045180693649,0.1360045180693649,LOW
1053,Price,2022-12-04 09:00:00,2022-12-04 19:00:00,10.0,11,0.5375683113793555,0.3478571019025154,LOW
1054,Price,2022-12-05 05:00:00,2022-12-05 22:00:00,17.0,18,1.812363994838209,1.5156091916303174,HIGH
1055,Price,2022-12-06 00:00:00,2022-12-07 09:00:00,33.0,34,2.1502263808944573,1.5256279097651755,HIGH
1056,Price,2022-12-07 11:00:00,2022-12-07 12:00:00,1.0,2,1.111275325101737,1.0624321337169222,MEDIUM
1057,Price,2022-12-07 14:00:00,2022-12-07 16:00:00,2.0,3,1.6421417375070722,1.4745775430512902,HIGH
1058,Price,2022-12-09 07:00:00,2022-12-09 15:00:00,8.0,9,2.395630040429201,2.114359634473738,HIGH
1059,Price,2022-12-09 21:00:00,2022-12-09 21:00:00,0.0,1,1.8789514964603984,1.8789514964603984,HIGH
1060,Price,2022-12-10 01:00:00,2022-12-10 04:00:00,3.0,4,1.729707825647533,1.5345055861223373,HIGH
1061,Price,2022-12-10 06:00:00,2022-12-10 06:00:00,0.0,1,0.6517580980455258,0.6517580980455258,LOW
1062,Price,2022-12-10 08:00:00,2022-12-10 15:00:00,7.0,8,1.6085935972915428,1.3056814383680164,HIGH
1063,Price,2022-12-11 04:00:00,2022-12-11 05:00:00,1.0,2,1.5111187458343665,1.2002642524197067,HIGH
1064,Price,2022-12-11 07:00:00,2022-12-11 15:00:00,8.0,9,1.7452493906787545,1.4900292940410325,HIGH
1065,Price,2022-12-12 06:00:00,2022-12-12 22:00:00,16.0,17,2.559585419930346,2.1716336689774347,HIGH
1066,Price,2022-12-13 01:00:00,2022-12-13 01:00:00,0.0,1,1.9683980321486925,1.9683980321486925,HIGH
1067,Price,2022-12-13 03:00:00,2022-12-13 17:00:00,14.0,15,2.949412271873721,2.4467687570406986,HIGH
1068,Price,2022-12-14 02:00:00,2022-12-14 04:00:00,2.0,3,2.726431436560864,2.312056472783122,HIGH
1069,Price,2022-12-14 07:00:00,2022-12-14 17:00:00,10.0,11,2.4961641027022905,2.024158932337725,HIGH
1070,Price,2022-12-15 00:00:00,2022-12-15 04:00:00,4.0,5,2.2696269262250093,2.081146347689142,HIGH
1071,Price,2022-12-15 07:00:00,2022-12-15 23:00:00,16.0,17,3.3379216767803976,2.5997948462033285,HIGH
1072,Price,2022-12-16 01:00:00,2022-12-16 01:00:00,0.0,1,1.854855982340185,1.854855982340185,HIGH
1073,Price,2022-12-16 05:00:00,2022-12-16 18:00:00,13.0,14,2.561194184328087,2.079880723088219,HIGH
1074,Price,2022-12-16 20:00:00,2022-12-16 20:00:00,0.0,1,1.6464079048764737,1.6464079048764737,HIGH
1075,Price,2022-12-16 23:00:00,2022-12-17 06:00:00,7.0,8,1.392710872164472,0.8375402997654728,MEDIUM
1076,Price,2022-12-17 08:00:00,2022-12-18 04:00:00,20.0,21,1.0095330284682793,0.6796333530029679,MEDIUM
1077,Price,2022-12-18 07:00:00,2022-12-18 07:00:00,0.0,1,0.1716612263134707,0.1716612263134707,LOW
1078,Price,2022-12-18 09:00:00,2022-12-18 10:00:00,1.0,2,0.4011985189698048,0.3775575086216397,LOW
1079,Price,2022-12-18 13:00:00,2022-12-18 19:00:00,6.0,7,0.8482342491575672,0.5574123341975945,LOW
1080,Price,2022-12-18 21:00:00,2022-12-18 21:00:00,0.0,1,0.4167826486615926,0.4167826486615926,LOW
1081,Price,2022-12-19 07:00:00,2022-12-19 19:00:00,12.0,13,1.4929199619193585,1.249453117244104,MEDIUM
1082,Price,2022-12-20 08:00:00,2022-12-21 21:00:00,37.0,38,0.920343391020508,0.5215562591520292,LOW
1083,Price,2022-12-22 06:00:00,2022-12-22 15:00:00,9.0,10,0.539132267181335,0.30067351310340784,LOW
1084,n_targets,2022-01-05 00:00:00,2022-01-05 00:00:00,0.0,1,0.2470344787738034,0.2470344787738034,LOW
1085,n_targets,2022-01-07 03:00:00,2022-01-07 04:00:00,1.0,2,0.3226833707450196,0.1723300326112212,LOW
1086,n_targets,2022-01-08 05:00:00,2022-01-08 11:00:00,6.0,7,0.2825571904980848,0.20103406039278846,LOW
1087,n_targets,2022-01-08 22:00:00,2022-01-09 00:00:00,2.0,3,0.6394281907153614,0.46256424691791587,LOW
1088,n_targets,2022-01-09 22:00:00,2022-01-09 22:00:00,0.0,1,0.3530191725150178,0.3530191725150178,LOW
1089,n_targets,2022-01-10 03:00:00,2022-01-10 05:00:00,2.0,3,0.2525188389394941,0.2469163063696537,LOW
1090,n_targets,2022-01-10 13:00:00,2022-01-10 13:00:00,0.0,1,0.6237006078828058,0.6237006078828058,LOW
1091,n_targets,2022-01-11 06:00:00,2022-01-11 06:00:00,0.0,1,0.3390299710072704,0.3390299710072704,LOW
1092,n_targets,2022-01-12 06:00:00,2022-01-12 13:00:00,7.0,8,0.3989125158166957,0.2885569904123914,LOW
1093,n_targets,2022-01-13 08:00:00,2022-01-13 08:00:00,0.0,1,0.088400503328855,0.088400503328855,LOW
1094,n_targets,2022-01-13 12:00:00,2022-01-13 13:00:00,1.0,2,0.130698254978187,0.09628310191777574,LOW
1095,n_targets,2022-01-14 16:00:00,2022-01-14 16:00:00,0.0,1,0.3170595242110472,0.3170595242110472,LOW
1096,n_targets,2022-01-15 09:00:00,2022-01-15 13:00:00,4.0,5,0.098305789410013,0.023688554781876016,LOW
1097,n_targets,2022-01-16 07:00:00,2022-01-16 12:00:00,5.0,6,0.2053590860687357,0.13092500588435937,LOW
1098,n_targets,2022-01-17 12:00:00,2022-01-17 13:00:00,1.0,2,0.0817730605822313,0.0496985378175022,LOW
1099,n_targets,2022-01-19 07:00:00,2022-01-19 08:00:00,1.0,2,0.3248767360195013,0.22610842658396935,LOW
1100,n_targets,2022-01-19 22:00:00,2022-01-19 22:00:00,0.0,1,0.3070386856074441,0.3070386856074441,LOW
1101,n_targets,2022-01-20 16:00:00,2022-01-20 16:00:00,0.0,1,0.0592087521619113,0.0592087521619113,LOW
1102,n_targets,2022-01-21 11:00:00,2022-01-21 12:00:00,1.0,2,0.3127809225005666,0.23003371693789781,LOW
1103,n_targets,2022-01-24 14:00:00,2022-01-24 15:00:00,1.0,2,0.2724343528675381,0.1984472009255837,LOW
1104,n_targets,2022-01-25 10:00:00,2022-01-25 14:00:00,4.0,5,0.3851075149826743,0.2784622721952075,LOW
1105,n_targets,2022-01-25 22:00:00,2022-01-26 06:00:00,8.0,9,0.4495764442256098,0.2808995371550578,LOW
1106,n_targets,2022-01-26 10:00:00,2022-01-26 13:00:00,3.0,4,0.1159947335906474,0.10309562626031223,LOW
1107,n_targets,2022-01-27 13:00:00,2022-01-27 13:00:00,0.0,1,0.1718408253304004,0.1718408253304004,LOW
1108,n_targets,2022-01-28 07:00:00,2022-01-28 07:00:00,0.0,1,0.3389118913999711,0.3389118913999711,LOW
1109,n_targets,2022-01-28 11:00:00,2022-01-28 13:00:00,2.0,3,0.8311249200950084,0.6829411542449129,LOW
1110,n_targets,2022-02-01 17:00:00,2022-02-01 18:00:00,1.0,2,0.1769263591907071,0.1349087107014377,LOW
1111,n_targets,2022-02-02 10:00:00,2022-02-02 10:00:00,0.0,1,0.5958988078721508,0.5958988078721508,LOW
1112,n_targets,2022-02-03 12:00:00,2022-02-03 13:00:00,1.0,2,0.3486408643154501,0.2645651141669685,LOW
1113,n_targets,2022-02-04 09:00:00,2022-02-04 10:00:00,1.0,2,0.0460159242100375,0.0410019956547195,LOW
1114,n_targets,2022-02-04 18:00:00,2022-02-04 18:00:00,0.0,1,0.2446975144767351,0.2446975144767351,LOW
1115,n_targets,2022-02-09 16:00:00,2022-02-09 18:00:00,2.0,3,0.6218879812087277,0.4442386661326602,LOW
1116,n_targets,2022-02-10 04:00:00,2022-02-10 06:00:00,2.0,3,0.484921451562089,0.2559242195998747,LOW
1117,n_targets,2022-02-11 02:00:00,2022-02-11 02:00:00,0.0,1,0.1149969451832351,0.1149969451832351,LOW
1118,n_targets,2022-02-11 08:00:00,2022-02-11 08:00:00,0.0,1,0.0259587135529717,0.0259587135529717,LOW
1119,n_targets,2022-02-11 14:00:00,2022-02-11 17:00:00,3.0,4,0.1605497981016221,0.08816697845891265,LOW
1120,n_targets,2022-02-12 11:00:00,2022-02-12 11:00:00,0.0,1,0.103017650499535,0.103017650499535,LOW
1121,n_targets,2022-02-12 15:00:00,2022-02-12 17:00:00,2.0,3,0.5614779823411296,0.416384352839929,LOW
1122,n_targets,2022-02-12 19:00:00,2022-02-12 19:00:00,0.0,1,0.0609495990766524,0.0609495990766524,LOW
1123,n_targets,2022-02-13 19:00:00,2022-02-13 19:00:00,0.0,1,0.0279439315270311,0.0279439315270311,LOW
1124,n_targets,2022-02-14 07:00:00,2022-02-14 11:00:00,4.0,5,0.1133717616077865,0.06974457666602993,LOW
1125,n_targets,2022-02-14 17:00:00,2022-02-14 18:00:00,1.0,2,0.5080102054695486,0.29855156083875006,LOW
1126,n_targets,2022-02-14 23:00:00,2022-02-15 00:00:00,1.0,2,0.1109714859187651,0.0659962147126863,LOW
1127,n_targets,2022-02-15 08:00:00,2022-02-15 18:00:00,10.0,11,0.4966909707397064,0.21203588331845571,LOW
1128,n_targets,2022-02-16 00:00:00,2022-02-16 04:00:00,4.0,5,0.2889866577147117,0.15525280305083702,LOW
1129,n_targets,2022-02-17 07:00:00,2022-02-17 07:00:00,0.0,1,0.0148973005292796,0.0148973005292796,LOW
1130,n_targets,2022-02-18 12:00:00,2022-02-18 14:00:00,2.0,3,0.3735724455458602,0.20841270592372493,LOW
1131,n_targets,2022-02-21 12:00:00,2022-02-21 13:00:00,1.0,2,0.31367859353904,0.2512025017391015,LOW
1132,n_targets,2022-02-23 08:00:00,2022-02-23 10:00:00,2.0,3,0.5927911683813079,0.39800036154865354,LOW
1133,n_targets,2022-02-24 01:00:00,2022-02-24 01:00:00,0.0,1,0.1935585944645501,0.1935585944645501,LOW
1134,n_targets,2022-02-25 09:00:00,2022-02-25 10:00:00,1.0,2,0.4972808526420371,0.46661657523657324,LOW
1135,n_targets,2022-02-27 12:00:00,2022-02-27 14:00:00,2.0,3,0.2617196237217789,0.22552645557531262,LOW
1136,n_targets,2022-03-01 12:00:00,2022-03-01 15:00:00,3.0,4,0.288214868045106,0.17907397110301043,LOW
1137,n_targets,2022-03-02 06:00:00,2022-03-02 06:00:00,0.0,1,0.469657806836224,0.469657806836224,LOW
1138,n_targets,2022-03-02 11:00:00,2022-03-02 13:00:00,2.0,3,0.1962855498617199,0.1095984196596241,LOW
1139,n_targets,2022-03-03 19:00:00,2022-03-03 19:00:00,0.0,1,0.977263961023258,0.977263961023258,LOW
1140,n_targets,2022-03-04 11:00:00,2022-03-04 12:00:00,1.0,2,0.9138247501459332,0.8743831636464292,LOW
1141,n_targets,2022-03-08 11:00:00,2022-03-08 14:00:00,3.0,4,1.928555433280072,1.8496086017723838,HIGH
1142,n_targets,2022-03-12 08:00:00,2022-03-12 14:00:00,6.0,7,0.3053993304676641,0.2512470196017301,LOW
1143,n_targets,2022-03-13 09:00:00,2022-03-13 10:00:00,1.0,2,0.0565878763945035,0.04853985697266245,LOW
1144,n_targets,2022-03-13 14:00:00,2022-03-13 14:00:00,0.0,1,0.0438346695796529,0.0438346695796529,LOW
1145,n_targets,2022-03-15 10:00:00,2022-03-15 13:00:00,3.0,4,0.6325570105815481,0.524786901890143,LOW
1146,n_targets,2022-03-16 08:00:00,2022-03-16 08:00:00,0.0,1,0.1745890300502395,0.1745890300502395,LOW
1147,n_targets,2022-03-16 14:00:00,2022-03-16 16:00:00,2.0,3,0.0733319000338079,0.05848398605705587,LOW
1148,n_targets,2022-03-18 05:00:00,2022-03-18 05:00:00,0.0,1,0.4879483388357957,0.4879483388357957,LOW
1149,n_targets,2022-03-19 06:00:00,2022-03-19 14:00:00,8.0,9,0.4911249419005095,0.424523190645507,LOW
1150,n_targets,2022-03-20 16:00:00,2022-03-20 18:00:00,2.0,3,0.1155162383054957,0.06588586712980507,LOW
1151,n_targets,2022-03-21 16:00:00,2022-03-21 16:00:00,0.0,1,0.1593153815197407,0.1593153815197407,LOW
1152,n_targets,2022-03-22 11:00:00,2022-03-22 13:00:00,2.0,3,0.8944636408989388,0.7085064562652207,LOW
1153,n_targets,2022-03-23 11:00:00,2022-03-23 16:00:00,5.0,6,0.9354768692237212,0.781407871514345,LOW
1154,n_targets,2022-03-24 12:00:00,2022-03-24 13:00:00,1.0,2,0.4292572393681786,0.39937559907882736,LOW
1155,n_targets,2022-03-26 07:00:00,2022-03-26 16:00:00,9.0,10,0.7383181861310311,0.5152484211394077,LOW
1156,n_targets,2022-03-27 08:00:00,2022-03-27 18:00:00,10.0,11,1.0552191932641768,0.5138863475321115,MEDIUM
1157,n_targets,2022-03-28 10:00:00,2022-03-28 15:00:00,5.0,6,1.0745719236055056,0.8556514456254961,MEDIUM
1158,n_targets,2022-03-30 15:00:00,2022-03-30 16:00:00,1.0,2,0.2003816404048675,0.14231382187148875,LOW
1159,n_targets,2022-04-02 06:00:00,2022-04-02 06:00:00,0.0,1,0.131329868731866,0.131329868731866,LOW
1160,n_targets,2022-04-02 10:00:00,2022-04-02 11:00:00,1.0,2,0.2748566662157377,0.25015565493944836,LOW
1161,n_targets,2022-04-03 09:00:00,2022-04-03 10:00:00,1.0,2,0.2688107234601264,0.16612982158620476,LOW
1162,n_targets,2022-04-04 10:00:00,2022-04-04 10:00:00,0.0,1,0.0205471188196142,0.0205471188196142,LOW
1163,n_targets,2022-04-05 04:00:00,2022-04-05 06:00:00,2.0,3,0.2953315626762087,0.19709867592459793,LOW
1164,n_targets,2022-04-05 13:00:00,2022-04-05 16:00:00,3.0,4,0.3081978057060404,0.15466146955291138,LOW
1165,n_targets,2022-04-06 11:00:00,2022-04-06 15:00:00,4.0,5,0.4267776810030284,0.2660629241949535,LOW
1166,n_targets,2022-04-07 01:00:00,2022-04-07 02:00:00,1.0,2,0.4924179535611273,0.2833044172654328,LOW
1167,n_targets,2022-04-07 10:00:00,2022-04-07 10:00:00,0.0,1,0.0645627417971916,0.0645627417971916,LOW
1168,n_targets,2022-04-07 22:00:00,2022-04-07 23:00:00,1.0,2,0.7311275214469084,0.4152605616672322,LOW
1169,n_targets,2022-04-08 05:00:00,2022-04-08 05:00:00,0.0,1,0.3680486846733084,0.3680486846733084,LOW
1170,n_targets,2022-04-08 09:00:00,2022-04-08 09:00:00,0.0,1,0.4755145245314121,0.4755145245314121,LOW
1171,n_targets,2022-04-08 14:00:00,2022-04-08 17:00:00,3.0,4,0.1161211315419405,0.07281648090089705,LOW
1172,n_targets,2022-04-11 09:00:00,2022-04-11 09:00:00,0.0,1,0.0797226649950779,0.0797226649950779,LOW
1173,n_targets,2022-04-11 13:00:00,2022-04-11 13:00:00,0.0,1,0.2883533973875414,0.2883533973875414,LOW
1174,n_targets,2022-04-12 08:00:00,2022-04-12 17:00:00,9.0,10,0.4541270225508711,0.22559386529978392,LOW
1175,n_targets,2022-04-14 08:00:00,2022-04-14 08:00:00,0.0,1,0.0694266488801917,0.0694266488801917,LOW
1176,n_targets,2022-04-16 13:00:00,2022-04-16 15:00:00,2.0,3,0.4206188241674318,0.32034353481555516,LOW
1177,n_targets,2022-04-17 13:00:00,2022-04-17 15:00:00,2.0,3,0.390966876994212,0.2971867743028254,LOW
1178,n_targets,2022-04-19 11:00:00,2022-04-19 11:00:00,0.0,1,0.4983426470500114,0.4983426470500114,LOW
1179,n_targets,2022-04-20 08:00:00,2022-04-20 17:00:00,9.0,10,0.7902024519382342,0.4740212052223748,LOW
1180,n_targets,2022-04-21 08:00:00,2022-04-21 21:00:00,13.0,14,0.7479572075719938,0.37884047803365417,LOW
1181,n_targets,2022-04-22 23:00:00,2022-04-23 04:00:00,5.0,6,0.3100146809814919,0.19235655114795033,LOW
1182,n_targets,2022-04-23 23:00:00,2022-04-24 01:00:00,2.0,3,0.985031247485996,0.7738037828571356,LOW
1183,n_targets,2022-04-25 14:00:00,2022-04-25 16:00:00,2.0,3,0.1155666310068135,0.06260525640519897,LOW
1184,n_targets,2022-04-26 13:00:00,2022-04-26 13:00:00,0.0,1,0.0469758375629443,0.0469758375629443,LOW
1185,n_targets,2022-04-27 14:00:00,2022-04-27 17:00:00,3.0,4,0.7836477133564417,0.5350538289203897,LOW
1186,n_targets,2022-04-28 08:00:00,2022-04-28 08:00:00,0.0,1,0.0365732206958624,0.0365732206958624,LOW
1187,n_targets,2022-04-29 12:00:00,2022-04-29 12:00:00,0.0,1,0.4116663995528835,0.4116663995528835,LOW
1188,n_targets,2022-04-30 07:00:00,2022-04-30 13:00:00,6.0,7,1.0713317339999908,0.8436981698246322,MEDIUM
1189,n_targets,2022-04-30 17:00:00,2022-04-30 17:00:00,0.0,1,0.3335593467855546,0.3335593467855546,LOW
1190,n_targets,2022-05-02 11:00:00,2022-05-02 11:00:00,0.0,1,0.4361763211150209,0.4361763211150209,LOW
1191,n_targets,2022-05-03 09:00:00,2022-05-03 16:00:00,7.0,8,0.970899465613045,0.7081734519082362,LOW
1192,n_targets,2022-05-04 10:00:00,2022-05-04 16:00:00,6.0,7,0.9213205153306884,0.6119171881908628,LOW
1193,n_targets,2022-05-05 11:00:00,2022-05-05 12:00:00,1.0,2,0.8025640505157086,0.6574922557711096,LOW
1194,n_targets,2022-05-06 10:00:00,2022-05-06 16:00:00,6.0,7,0.2021390311955613,0.09629151879715414,LOW
1195,n_targets,2022-05-07 07:00:00,2022-05-07 09:00:00,2.0,3,0.3179438546867117,0.20747117279563035,LOW
1196,n_targets,2022-05-08 06:00:00,2022-05-08 16:00:00,10.0,11,0.4479229032385061,0.32252395555296576,LOW
1197,n_targets,2022-05-09 10:00:00,2022-05-09 16:00:00,6.0,7,0.8446075455053288,0.5855965341304586,LOW
1198,n_targets,2022-05-10 08:00:00,2022-05-10 13:00:00,5.0,6,0.9990848992989376,0.6619305080795348,LOW
1199,n_targets,2022-05-10 17:00:00,2022-05-10 17:00:00,0.0,1,1.079407340065801,1.079407340065801,MEDIUM
1200,n_targets,2022-05-11 08:00:00,2022-05-11 16:00:00,8.0,9,0.6509877248648384,0.44589886218848446,LOW
1201,n_targets,2022-05-12 06:00:00,2022-05-12 06:00:00,0.0,1,0.0707482523875315,0.0707482523875315,LOW
1202,n_targets,2022-05-12 12:00:00,2022-05-12 14:00:00,2.0,3,0.1542677553155906,0.11501289926894287,LOW
1203,n_targets,2022-05-12 18:00:00,2022-05-12 19:00:00,1.0,2,0.095929006222041,0.07321254858216114,LOW
1204,n_targets,2022-05-13 08:00:00,2022-05-13 13:00:00,5.0,6,0.6661487076997981,0.3329555677718535,LOW
1205,n_targets,2022-05-14 08:00:00,2022-05-14 09:00:00,1.0,2,0.1617659860272271,0.09654605761357321,LOW
1206,n_targets,2022-05-14 14:00:00,2022-05-14 18:00:00,4.0,5,0.4364746460759809,0.3268230492867733,LOW
1207,n_targets,2022-05-15 06:00:00,2022-05-15 18:00:00,12.0,13,0.9492718460949106,0.612943818901275,LOW
1208,n_targets,2022-05-16 08:00:00,2022-05-16 10:00:00,2.0,3,0.6589759050105497,0.569351496762299,LOW
1209,n_targets,2022-05-16 16:00:00,2022-05-16 17:00:00,1.0,2,0.9980972341060156,0.7573906248445261,LOW
1210,n_targets,2022-05-18 13:00:00,2022-05-18 13:00:00,0.0,1,0.3922939599203576,0.3922939599203576,LOW
1211,n_targets,2022-05-20 09:00:00,2022-05-20 12:00:00,3.0,4,0.5444494837722527,0.3722383229454168,LOW
1212,n_targets,2022-05-22 13:00:00,2022-05-22 17:00:00,4.0,5,0.2537022497909591,0.15887424932351962,LOW
1213,n_targets,2022-05-23 08:00:00,2022-05-23 08:00:00,0.0,1,0.0498731746148191,0.0498731746148191,LOW
1214,n_targets,2022-05-23 12:00:00,2022-05-23 14:00:00,2.0,3,0.2445037113544825,0.14869697284359787,LOW
1215,n_targets,2022-05-23 19:00:00,2022-05-23 19:00:00,0.0,1,0.3707434813656725,0.3707434813656725,LOW
1216,n_targets,2022-05-24 13:00:00,2022-05-24 15:00:00,2.0,3,0.0887306599519952,0.0798293517173441,LOW
1217,n_targets,2022-05-25 08:00:00,2022-05-25 11:00:00,3.0,4,0.1820556695174926,0.07855524882819638,LOW
1218,n_targets,2022-05-25 20:00:00,2022-05-25 21:00:00,1.0,2,0.2392129352727414,0.14521314573306185,LOW
1219,n_targets,2022-05-28 06:00:00,2022-05-28 06:00:00,0.0,1,0.0718910162710346,0.0718910162710346,LOW
1220,n_targets,2022-05-29 09:00:00,2022-05-29 12:00:00,3.0,4,0.2084344787846266,0.15358675311909412,LOW
1221,n_targets,2022-05-29 16:00:00,2022-05-29 20:00:00,4.0,5,0.3887701099362295,0.337880452140772,LOW
1222,n_targets,2022-05-30 08:00:00,2022-05-30 17:00:00,9.0,10,0.7619024119162214,0.4814350034034122,LOW
1223,n_targets,2022-05-31 14:00:00,2022-05-31 16:00:00,2.0,3,0.4344300200838686,0.3313149324494813,LOW
1224,n_targets,2022-06-01 11:00:00,2022-06-01 17:00:00,6.0,7,0.6952312748222,0.5418700225153718,LOW
1225,n_targets,2022-06-02 11:00:00,2022-06-02 18:00:00,7.0,8,0.5807943461105638,0.28170725594891266,LOW
1226,n_targets,2022-06-03 03:00:00,2022-06-03 04:00:00,1.0,2,0.2066232828639906,0.1947512218752035,LOW
1227,n_targets,2022-06-04 08:00:00,2022-06-04 13:00:00,5.0,6,0.3324594676148484,0.2649592542871507,LOW
1228,n_targets,2022-06-05 08:00:00,2022-06-05 15:00:00,7.0,8,0.8039468630173958,0.46011493067529924,LOW
1229,n_targets,2022-06-07 08:00:00,2022-06-07 08:00:00,0.0,1,0.3757396219328413,0.3757396219328413,LOW
1230,n_targets,2022-06-07 15:00:00,2022-06-07 15:00:00,0.0,1,0.0659430314240068,0.0659430314240068,LOW
1231,n_targets,2022-06-08 02:00:00,2022-06-08 04:00:00,2.0,3,0.0633562618834882,0.05529295480739233,LOW
1232,n_targets,2022-06-08 18:00:00,2022-06-08 18:00:00,0.0,1,0.0610031252879335,0.0610031252879335,LOW
1233,n_targets,2022-06-10 11:00:00,2022-06-10 14:00:00,3.0,4,0.3521478337112851,0.21322661847897376,LOW
1234,n_targets,2022-06-12 09:00:00,2022-06-12 18:00:00,9.0,10,0.5108450051752782,0.3001440203021811,LOW
1235,n_targets,2022-06-14 12:00:00,2022-06-14 13:00:00,1.0,2,0.3651670923235315,0.30910696891456424,LOW
1236,n_targets,2022-06-15 08:00:00,2022-06-15 08:00:00,0.0,1,0.0168391705333255,0.0168391705333255,LOW
1237,n_targets,2022-06-15 12:00:00,2022-06-15 13:00:00,1.0,2,0.3289134921309395,0.18774290769468355,LOW
1238,n_targets,2022-06-17 09:00:00,2022-06-17 09:00:00,0.0,1,0.0398331523572581,0.0398331523572581,LOW
1239,n_targets,2022-06-18 08:00:00,2022-06-18 16:00:00,8.0,9,1.0419509558752824,0.7743858485888516,MEDIUM
1240,n_targets,2022-06-21 07:00:00,2022-06-21 10:00:00,3.0,4,0.2102601822174061,0.16611074022815453,LOW
1241,n_targets,2022-06-24 09:00:00,2022-06-24 13:00:00,4.0,5,0.4697017092978495,0.32373530745759205,LOW
1242,n_targets,2022-06-24 17:00:00,2022-06-24 17:00:00,0.0,1,0.5472525042330876,0.5472525042330876,LOW
1243,n_targets,2022-06-25 10:00:00,2022-06-25 10:00:00,0.0,1,0.0962469214023891,0.0962469214023891,LOW
1244,n_targets,2022-06-25 14:00:00,2022-06-25 14:00:00,0.0,1,0.1702543098646178,0.1702543098646178,LOW
1245,n_targets,2022-06-26 06:00:00,2022-06-26 13:00:00,7.0,8,1.0645118493230776,0.8431484096894801,MEDIUM
1246,n_targets,2022-06-27 09:00:00,2022-06-27 10:00:00,1.0,2,0.5424931283011876,0.465685263712066,LOW
1247,n_targets,2022-06-27 14:00:00,2022-06-27 16:00:00,2.0,3,0.6979559508224451,0.6407185832228383,LOW
1248,n_targets,2022-06-28 09:00:00,2022-06-28 09:00:00,0.0,1,0.7154823851039378,0.7154823851039378,LOW
1249,n_targets,2022-06-29 14:00:00,2022-06-29 14:00:00,0.0,1,0.908812983600568,0.908812983600568,LOW
1250,n_targets,2022-07-02 08:00:00,2022-07-02 13:00:00,5.0,6,0.3415556105841864,0.14611488217958005,LOW
1251,n_targets,2022-07-03 08:00:00,2022-07-03 12:00:00,4.0,5,0.6410646685970312,0.6083345059725123,LOW
1252,n_targets,2022-07-05 11:00:00,2022-07-05 16:00:00,5.0,6,0.8489909479086695,0.7159720507660988,LOW
1253,n_targets,2022-07-07 11:00:00,2022-07-07 11:00:00,0.0,1,0.7479103032720864,0.7479103032720864,LOW
1254,n_targets,2022-07-07 15:00:00,2022-07-07 15:00:00,0.0,1,0.6503099270069419,0.6503099270069419,LOW
1255,n_targets,2022-07-10 04:00:00,2022-07-10 04:00:00,0.0,1,0.0336940257049076,0.0336940257049076,LOW
1256,n_targets,2022-07-11 09:00:00,2022-07-11 16:00:00,7.0,8,1.2155366060945303,1.0180620282933028,MEDIUM
1257,n_targets,2022-07-13 11:00:00,2022-07-13 13:00:00,2.0,3,1.0580776131080536,0.9359584424282801,MEDIUM
1258,n_targets,2022-07-15 08:00:00,2022-07-15 13:00:00,5.0,6,1.0281389314400515,0.9558049004765296,MEDIUM
1259,n_targets,2022-07-16 17:00:00,2022-07-16 17:00:00,0.0,1,0.4431033088314224,0.4431033088314224,LOW
1260,n_targets,2022-07-17 07:00:00,2022-07-17 13:00:00,6.0,7,0.7607253846514967,0.6764592578884103,LOW
1261,n_targets,2022-07-24 07:00:00,2022-07-24 07:00:00,0.0,1,0.3400896215516238,0.3400896215516238,LOW
1262,n_targets,2022-07-24 15:00:00,2022-07-24 15:00:00,0.0,1,0.4220404852791841,0.4220404852791841,LOW
1263,n_targets,2022-07-25 11:00:00,2022-07-25 13:00:00,2.0,3,1.4410645240751494,1.3665766756750202,MEDIUM
1264,n_targets,2022-07-30 15:00:00,2022-07-30 17:00:00,2.0,3,1.0174336178628742,0.951649929054185,MEDIUM
1265,n_targets,2022-07-31 12:00:00,2022-07-31 16:00:00,4.0,5,1.0019617142987545,0.763595801175203,MEDIUM
1266,n_targets,2022-08-06 10:00:00,2022-08-06 17:00:00,7.0,8,0.6763848270602153,0.3934604247975017,LOW
1267,n_targets,2022-08-07 11:00:00,2022-08-07 17:00:00,6.0,7,0.8927667460550779,0.3313307762390122,LOW
1268,n_targets,2022-08-20 09:00:00,2022-08-20 10:00:00,1.0,2,1.6000354994282442,1.5289465702324103,HIGH
1269,n_targets,2022-08-20 14:00:00,2022-08-20 16:00:00,2.0,3,1.52440089028409,1.4458561044733973,HIGH
1270,n_targets,2022-08-21 10:00:00,2022-08-21 17:00:00,7.0,8,1.333872729798475,0.6950420882883268,MEDIUM
1271,n_targets,2022-08-22 10:00:00,2022-08-22 14:00:00,4.0,5,2.136041479885894,1.985861572985145,HIGH
1272,n_targets,2022-08-23 10:00:00,2022-08-23 14:00:00,4.0,5,2.124492649255876,1.9706532965759074,HIGH
1273,n_targets,2022-09-01 15:00:00,2022-09-01 15:00:00,0.0,1,1.7517955045942988,1.7517955045942988,HIGH
1274,n_targets,2022-09-08 08:00:00,2022-09-08 12:00:00,4.0,5,1.8483976732490728,1.4932861054004085,HIGH
1275,n_targets,2022-09-10 10:00:00,2022-09-10 15:00:00,5.0,6,1.2148569611428175,0.9247567634527233,MEDIUM
1276,n_targets,2022-09-11 08:00:00,2022-09-11 16:00:00,8.0,9,1.1773538949310702,0.8413250883188785,MEDIUM
1277,n_targets,2022-09-12 08:00:00,2022-09-12 09:00:00,1.0,2,1.6440206585370558,1.527373438983718,HIGH
1278,n_targets,2022-09-17 10:00:00,2022-09-17 16:00:00,6.0,7,0.4596347929062172,0.31568949289482623,LOW
1279,n_targets,2022-09-19 14:00:00,2022-09-19 15:00:00,1.0,2,1.153011800880286,1.0649222557821285,MEDIUM
1280,n_targets,2022-09-20 07:00:00,2022-09-20 14:00:00,7.0,8,1.2188868214107842,1.009027932116075,MEDIUM
1281,n_targets,2022-09-21 08:00:00,2022-09-21 10:00:00,2.0,3,1.0691659189013103,0.9252396778189028,MEDIUM
1282,n_targets,2022-10-01 09:00:00,2022-10-01 16:00:00,7.0,8,0.6529030529335986,0.2688357463138592,LOW
1283,n_targets,2022-10-04 06:00:00,2022-10-04 08:00:00,2.0,3,1.0679720693542345,0.6409267890697121,MEDIUM
1284,n_targets,2022-10-04 14:00:00,2022-10-04 14:00:00,0.0,1,0.1809010680486622,0.1809010680486622,LOW
1285,n_targets,2022-10-07 08:00:00,2022-10-07 08:00:00,0.0,1,0.094253989811804,0.094253989811804,LOW
1286,n_targets,2022-10-08 09:00:00,2022-10-08 18:00:00,9.0,10,0.4055844705762845,0.23002830664175278,LOW
1287,n_targets,2022-10-09 09:00:00,2022-10-09 15:00:00,6.0,7,0.2680661977788556,0.14318728057832544,LOW
1288,n_targets,2022-10-09 19:00:00,2022-10-09 21:00:00,2.0,3,0.4421228319615462,0.3878668000000675,LOW
1289,n_targets,2022-10-14 22:00:00,2022-10-14 22:00:00,0.0,1,0.2313253234595411,0.2313253234595411,LOW
1290,n_targets,2022-10-17 07:00:00,2022-10-17 08:00:00,1.0,2,0.2911545463869673,0.17047315611512232,LOW
1291,n_targets,2022-10-18 06:00:00,2022-10-18 06:00:00,0.0,1,0.3675247432112636,0.3675247432112636,LOW
1292,n_targets,2022-10-18 13:00:00,2022-10-18 15:00:00,2.0,3,0.5488316964916289,0.4915691605438872,LOW
1293,n_targets,2022-10-19 04:00:00,2022-10-19 05:00:00,1.0,2,0.3809204978828533,0.24477360685138527,LOW
1294,n_targets,2022-10-20 03:00:00,2022-10-20 05:00:00,2.0,3,0.246097494954733,0.10384282989329076,LOW
1295,n_targets,2022-10-21 06:00:00,2022-10-21 07:00:00,1.0,2,0.5285043832762031,0.40733558858605345,LOW
1296,n_targets,2022-10-21 12:00:00,2022-10-21 12:00:00,0.0,1,0.0298109813296818,0.0298109813296818,LOW
1297,n_targets,2022-10-23 03:00:00,2022-10-23 08:00:00,5.0,6,0.4814778570249218,0.37415299828149445,LOW
1298,n_targets,2022-10-23 21:00:00,2022-10-24 03:00:00,6.0,7,0.4307574597540418,0.25075291839236097,LOW
1299,n_targets,2022-10-24 08:00:00,2022-10-24 13:00:00,5.0,6,0.324178933988283,0.2002175062150282,LOW
1300,n_targets,2022-10-24 17:00:00,2022-10-24 17:00:00,0.0,1,0.0708916293652814,0.0708916293652814,LOW
1301,n_targets,2022-10-25 00:00:00,2022-10-25 00:00:00,0.0,1,0.0477727257383526,0.0477727257383526,LOW
1302,n_targets,2022-10-30 21:00:00,2022-10-30 23:00:00,2.0,3,0.3312797912966247,0.1902259840007963,LOW
1303,n_targets,2022-10-31 16:00:00,2022-10-31 16:00:00,0.0,1,0.0679192100491461,0.0679192100491461,LOW
1304,n_targets,2022-11-06 01:00:00,2022-11-06 04:00:00,3.0,4,0.3347791061383551,0.20202646017949313,LOW
1305,n_targets,2022-11-08 01:00:00,2022-11-08 11:00:00,10.0,11,0.7048699386509587,0.4056591112664929,LOW
1306,n_targets,2022-11-09 12:00:00,2022-11-09 15:00:00,3.0,4,0.2371560509312766,0.14855652031102473,LOW
1307,n_targets,2022-11-10 04:00:00,2022-11-10 04:00:00,0.0,1,0.0830231446345781,0.0830231446345781,LOW
1308,n_targets,2022-11-10 18:00:00,2022-11-10 18:00:00,0.0,1,0.0213848145731285,0.0213848145731285,LOW
1309,n_targets,2022-11-11 13:00:00,2022-11-11 15:00:00,2.0,3,0.2296782633748091,0.18495453370589499,LOW
1310,n_targets,2022-11-12 15:00:00,2022-11-12 17:00:00,2.0,3,0.1757218350104759,0.1140369506264688,LOW
1311,n_targets,2022-11-12 21:00:00,2022-11-13 11:00:00,14.0,15,0.5773409045341589,0.26613452802682674,LOW
1312,n_targets,2022-11-16 12:00:00,2022-11-16 14:00:00,2.0,3,0.367214895718114,0.2626499930591935,LOW
1313,n_targets,2022-11-16 19:00:00,2022-11-16 19:00:00,0.0,1,0.2599466200043379,0.2599466200043379,LOW
1314,n_targets,2022-11-18 14:00:00,2022-11-18 14:00:00,0.0,1,0.2309627271091225,0.2309627271091225,LOW
1315,n_targets,2022-11-19 00:00:00,2022-11-19 03:00:00,3.0,4,0.4270680989027866,0.314277225052367,LOW
1316,n_targets,2022-11-19 08:00:00,2022-11-19 08:00:00,0.0,1,0.0797510033338573,0.0797510033338573,LOW
1317,n_targets,2022-11-20 06:00:00,2022-11-20 10:00:00,4.0,5,0.4964851117082924,0.395531767763876,LOW
1318,n_targets,2022-11-20 14:00:00,2022-11-20 14:00:00,0.0,1,0.2870111761890204,0.2870111761890204,LOW
1319,n_targets,2022-11-21 23:00:00,2022-11-21 23:00:00,0.0,1,0.1103886737422354,0.1103886737422354,LOW
1320,n_targets,2022-11-23 01:00:00,2022-11-23 01:00:00,0.0,1,0.0265423794872992,0.0265423794872992,LOW
1321,n_targets,2022-11-23 10:00:00,2022-11-23 10:00:00,0.0,1,0.1454348587182552,0.1454348587182552,LOW
1322,n_targets,2022-11-24 03:00:00,2022-11-24 05:00:00,2.0,3,0.5822472149344966,0.3981322595408972,LOW
1323,n_targets,2022-11-25 00:00:00,2022-11-25 02:00:00,2.0,3,0.6028929251310022,0.4373148360852516,LOW
1324,n_targets,2022-11-26 09:00:00,2022-11-26 14:00:00,5.0,6,0.1724296171959913,0.09733186697987128,LOW
1325,n_targets,2022-11-27 06:00:00,2022-11-27 13:00:00,7.0,8,0.5890432659674816,0.26751113652980535,LOW
1326,n_targets,2022-11-29 03:00:00,2022-11-29 05:00:00,2.0,3,0.8584042284870956,0.8436702823315185,LOW
1327,n_targets,2022-12-03 10:00:00,2022-12-03 12:00:00,2.0,3,0.5810663785899657,0.5186908881905312,LOW
1328,n_targets,2022-12-03 17:00:00,2022-12-03 17:00:00,0.0,1,0.3645061433789276,0.3645061433789276,LOW
1329,n_targets,2022-12-04 09:00:00,2022-12-04 19:00:00,10.0,11,0.5375683113793555,0.3478571019025154,LOW
1330,n_targets,2022-12-06 02:00:00,2022-12-06 03:00:00,1.0,2,1.750273514529047,1.6550089604891332,HIGH
1331,n_targets,2022-12-07 01:00:00,2022-12-07 01:00:00,0.0,1,1.2948965765364535,1.2948965765364535,MEDIUM
1332,n_targets,2022-12-10 03:00:00,2022-12-10 04:00:00,1.0,2,1.5282258975678475,1.3403763329323772,HIGH
1333,n_targets,2022-12-10 10:00:00,2022-12-10 10:00:00,0.0,1,1.019870626312355,1.019870626312355,MEDIUM
1334,n_targets,2022-12-17 01:00:00,2022-12-17 02:00:00,1.0,2,1.392710872164472,1.1344286877492769,MEDIUM
1335,n_targets,2022-12-17 11:00:00,2022-12-17 12:00:00,1.0,2,0.6249921635098321,0.5922594305137305,LOW
1336,n_targets,2022-12-22 00:00:00,2022-12-22 05:00:00,5.0,6,0.5973886693483306,0.41447158143715274,LOW
1337,n_targets,2022-12-22 18:00:00,2022-12-22 18:00:00,0.0,1,0.0405509212081909,0.0405509212081909,LOW
1338,n_targets,2022-12-23 02:00:00,2022-12-23 05:00:00,3.0,4,0.6333678469190822,0.4490255175223667,LOW
1339,n_targets,2022-12-23 14:00:00,2022-12-23 14:00:00,0.0,1,0.032967120200178,0.032967120200178,LOW
1340,n_targets,2022-12-31 23:00:00,2022-12-31 23:00:00,0.0,1,0.1398859542834662,0.1398859542834662,LOW
