target,Time (UTC),hour_index,anomaly_score,final_flag
Price,2022-01-10 06:00:00,456054,1.1821070529956486,1
Price,2022-01-10 09:00:00,456057,0.621582497486024,1
Price,2022-01-10 16:00:00,456064,0.6030782302517947,1
Price,2022-01-10 17:00:00,456065,1.0219275765915834,1
Price,2022-01-10 18:00:00,456066,1.0934135232855782,1
Price,2022-01-10 19:00:00,456067,0.937649295214855,1
Price,2022-01-10 20:00:00,456068,0.9513695479221184,1
Price,2022-01-10 21:00:00,456069,1.1150047161520205,1
Price,2022-01-11 14:00:00,456086,0.645268675799263,1
Price,2022-01-11 19:00:00,456091,0.8653831932060632,1
Price,2022-01-11 20:00:00,456092,0.9122747401211532,1
Price,2022-01-11 21:00:00,456093,1.1320721146764046,1
Price,2022-01-12 14:00:00,456110,0.4751389330228905,1
Price,2022-01-12 15:00:00,456111,0.4966345396285081,1
Price,2022-01-12 16:00:00,456112,0.4639436572116304,1
Price,2022-01-12 17:00:00,456113,0.3531757814071363,1
Price,2022-01-18 07:00:00,456247,0.5817147509616638,1
Price,2022-01-18 08:00:00,456248,0.6583804425714201,1
Price,2022-01-18 09:00:00,456249,0.5222931542333527,1
Price,2022-01-18 10:00:00,456250,0.5578650467605555,1
Price,2022-01-18 11:00:00,456251,0.6538464841024472,1
Price,2022-01-18 12:00:00,456252,0.4919834093793622,1
Price,2022-01-18 13:00:00,456253,0.262814269393703,1
Price,2022-01-18 15:00:00,456255,0.5311679782594667,1
Price,2022-01-18 16:00:00,456256,0.5813169053678564,1
Price,2022-01-18 17:00:00,456257,0.7150820367821267,1
Price,2022-01-18 18:00:00,456258,0.8038892989363129,1
Price,2022-01-18 19:00:00,456259,0.7175053226546544,1
Price,2022-01-18 20:00:00,456260,0.765492882668767,1
Price,2022-01-18 21:00:00,456261,0.9191848771951854,1
Price,2022-01-18 22:00:00,456262,0.515778708440926,1
Price,2022-01-18 23:00:00,456263,0.1721228265534744,1
Price,2022-01-19 00:00:00,456264,0.5188741318431127,1
Price,2022-01-19 01:00:00,456265,0.6746760152694411,1
Price,2022-01-24 06:00:00,456390,0.5677071800892697,1
Price,2022-01-24 07:00:00,456391,0.6213030701006823,1
Price,2022-01-24 08:00:00,456392,0.2934980200883119,1
Price,2022-01-24 09:00:00,456393,0.2565353324705677,1
Price,2022-01-24 10:00:00,456394,0.1793873470598999,1
Price,2022-01-24 11:00:00,456395,0.1006371231381895,1
Price,2022-01-26 18:00:00,456450,0.1439858496857191,1
Price,2022-01-26 19:00:00,456451,0.1123791738194042,1
Price,2022-01-26 21:00:00,456453,0.1193226259387227,1
Price,2022-01-27 14:00:00,456470,0.2070879932445002,1
Price,2022-01-27 15:00:00,456471,0.1892187338355282,1
Price,2022-01-28 22:00:00,456502,1.4202386411225267,1
Price,2022-01-31 10:00:00,456562,0.1142231680921428,1
Price,2022-01-31 11:00:00,456563,0.2438426342453934,1
Price,2022-01-31 12:00:00,456564,0.2246710718449072,1
Price,2022-01-31 13:00:00,456565,0.2307345683666151,1
Price,2022-01-31 14:00:00,456566,0.3936891881474276,1
Price,2022-01-31 15:00:00,456567,0.1382073750101757,1
Price,2022-02-03 08:00:00,456632,0.0805313248582875,1
Price,2022-02-03 09:00:00,456633,0.1577896746287683,1
Price,2022-02-03 14:00:00,456638,0.6034692178156582,1
Price,2022-02-03 15:00:00,456639,0.576384739241715,1
Price,2022-02-03 18:00:00,456642,0.997320223084915,1
Price,2022-02-26 18:00:00,457194,0.4984162745182112,1
Price,2022-02-26 19:00:00,457195,0.6682136499858442,1
Price,2022-02-26 20:00:00,457196,0.5815737297647836,1
Price,2022-02-26 21:00:00,457197,0.6248234194426701,1
Price,2022-02-28 01:00:00,457225,1.698886379141916,1
Price,2022-02-28 02:00:00,457226,1.939908844102455,1
Price,2022-02-28 03:00:00,457227,1.846263035127164,1
Price,2022-02-28 13:00:00,457237,0.1703273778035898,1
Price,2022-02-28 14:00:00,457238,0.11340981633064,1
Price,2022-02-28 15:00:00,457239,0.0536750385499316,1
Price,2022-02-28 17:00:00,457241,0.1712989326796878,1
Price,2022-02-28 18:00:00,457242,0.2223406595846591,1
Price,2022-02-28 20:00:00,457244,0.9026450972614276,1
Price,2022-02-28 21:00:00,457245,0.7281215574730246,1
Price,2022-03-01 09:00:00,457257,0.1750630382634115,1
Price,2022-03-01 17:00:00,457265,1.1734397095975622,1
Price,2022-03-01 18:00:00,457266,0.9838555293265216,1
Price,2022-03-01 20:00:00,457268,1.323697531962722,1
Price,2022-03-01 21:00:00,457269,1.437621675368869,1
Price,2022-03-02 16:00:00,457288,0.3338769787496627,1
Price,2022-03-02 17:00:00,457289,0.5962905653046491,1
Price,2022-03-02 18:00:00,457290,0.7774398538595562,1
Price,2022-03-02 20:00:00,457292,1.0912383136261703,1
Price,2022-03-02 21:00:00,457293,1.2538544716967093,1
Price,2022-03-03 06:00:00,457302,2.2531783327252786,1
Price,2022-03-03 07:00:00,457303,1.62462695742661,1
Price,2022-03-03 08:00:00,457304,0.8333347090462397,1
Price,2022-03-03 09:00:00,457305,0.7706040766389797,1
Price,2022-03-03 10:00:00,457306,0.7575385666986902,1
Price,2022-03-03 14:00:00,457310,0.8311242486478521,1
Price,2022-03-03 15:00:00,457311,0.6702802718684746,1
Price,2022-03-03 16:00:00,457312,0.6226750048938658,1
Price,2022-03-03 20:00:00,457316,1.8783036187227429,1
Price,2022-03-03 21:00:00,457317,1.736689286055228,1
Price,2022-03-03 22:00:00,457318,1.7981078331886613,1
Price,2022-03-04 06:00:00,457326,2.2572372077830622,1
Price,2022-03-04 07:00:00,457327,1.688702856470489,1
Price,2022-03-04 13:00:00,457333,1.0592808227977462,1
Price,2022-03-04 14:00:00,457334,1.2789809732486686,1
Price,2022-03-04 15:00:00,457335,1.1139037824682003,1
Price,2022-03-04 16:00:00,457336,1.2454971680574507,1
Price,2022-03-04 17:00:00,457337,1.7693040313762058,1
Price,2022-03-04 18:00:00,457338,1.7145874984922334,1
Price,2022-03-04 19:00:00,457339,2.0803868380838724,1
Price,2022-03-04 20:00:00,457340,2.4735927379895357,1
Price,2022-03-06 17:00:00,457385,1.0154576248597071,1
Price,2022-03-07 06:00:00,457398,2.143841515476631,1
Price,2022-03-07 07:00:00,457399,1.767553104673952,1
Price,2022-03-07 08:00:00,457400,1.1747907752963411,1
Price,2022-03-07 09:00:00,457401,0.9945688100345548,1
Price,2022-03-07 10:00:00,457402,0.984494550515602,1
Price,2022-03-07 11:00:00,457403,0.9971468438498476,1
Price,2022-03-07 13:00:00,457405,1.096751609357881,1
Price,2022-03-07 14:00:00,457406,1.2071121168923546,1
Price,2022-03-07 15:00:00,457407,1.2145021837299133,1
Price,2022-03-07 16:00:00,457408,1.2173241672331196,1
Price,2022-03-07 17:00:00,457409,2.02610716102555,1
Price,2022-03-07 18:00:00,457410,2.350586677565496,1
Price,2022-03-07 19:00:00,457411,2.337506273300887,1
Price,2022-03-07 20:00:00,457412,2.546990982838917,1
Price,2022-03-07 21:00:00,457413,2.625543439064847,1
Price,2022-03-08 06:00:00,457422,2.2318158151463194,1
Price,2022-03-08 07:00:00,457423,2.2294417033175886,1
Price,2022-03-08 17:00:00,457433,1.8241203394742729,1
Price,2022-03-08 18:00:00,457434,2.0868045953212206,1
Price,2022-03-10 01:00:00,457465,4.124202264011652,1
Price,2022-03-10 02:00:00,457466,4.508554393762593,1
Price,2022-03-10 03:00:00,457467,4.102351418418542,1
Price,2022-03-10 04:00:00,457468,2.972800609111246,1
Price,2022-03-10 14:00:00,457478,2.021275327258546,1
Price,2022-03-10 15:00:00,457479,2.024423719743499,1
Price,2022-03-10 16:00:00,457480,1.5429848971209912,1
Price,2022-03-10 17:00:00,457481,1.667180242955106,1
Price,2022-03-10 18:00:00,457482,2.254873715208221,1
Price,2022-03-11 11:00:00,457499,0.6710683725819764,1
Price,2022-03-11 12:00:00,457500,0.8617741664221428,1
Price,2022-03-11 13:00:00,457501,1.1146345938752884,1
Price,2022-03-11 14:00:00,457502,1.0449965678487692,1
Price,2022-03-11 16:00:00,457504,1.2070443708443943,1
Price,2022-03-11 17:00:00,457505,1.2049055391799453,1
Price,2022-03-11 22:00:00,457510,1.621159081437363,1
Price,2022-03-11 23:00:00,457511,1.6604855105005074,1
Price,2022-03-12 00:00:00,457512,1.825853425965871,1
Price,2022-03-12 15:00:00,457527,0.1670468491089372,1
Price,2022-03-12 16:00:00,457528,0.2406630276026382,1
Price,2022-03-12 17:00:00,457529,0.6989938391088903,1
Price,2022-03-12 18:00:00,457530,0.3918948369336184,1
Price,2022-03-12 19:00:00,457531,0.6224890139564083,1
Price,2022-03-12 20:00:00,457532,1.2289434848022154,1
Price,2022-03-12 21:00:00,457533,1.5008353854160532,1
Price,2022-03-12 22:00:00,457534,1.92852362081132,1
Price,2022-03-12 23:00:00,457535,1.7994214472844667,1
Price,2022-03-13 17:00:00,457553,0.6431463108975437,1
Price,2022-03-13 18:00:00,457554,0.6455526060713603,1
Price,2022-03-13 23:00:00,457559,2.201255683953524,1
Price,2022-03-14 06:00:00,457566,1.3590166939324833,1
Price,2022-03-14 10:00:00,457570,0.5948811498620064,1
Price,2022-03-14 17:00:00,457577,1.0924290448619576,1
Price,2022-03-14 18:00:00,457578,1.607526347645218,1
Price,2022-03-14 19:00:00,457579,1.3226959684260602,1
Price,2022-03-14 20:00:00,457580,1.7593251466906694,1
Price,2022-03-14 21:00:00,457581,1.8995886717363173,1
Price,2022-03-14 23:00:00,457583,1.2090875151176144,1
Price,2022-03-16 02:00:00,457610,2.4958347658897764,1
Price,2022-03-16 03:00:00,457611,1.7957048083674267,1
Price,2022-03-16 04:00:00,457612,1.120557403131769,1
Price,2022-03-16 17:00:00,457625,0.2614421176834374,1
Price,2022-03-17 00:00:00,457632,0.9346067384184598,1
Price,2022-03-17 06:00:00,457638,0.6730740242708275,1
Price,2022-03-17 07:00:00,457639,0.76540777765879,1
Price,2022-03-17 11:00:00,457643,0.3295452093709041,1
Price,2022-03-17 12:00:00,457644,0.3893919677818136,1
Price,2022-03-17 15:00:00,457647,0.8296045518428248,1
Price,2022-03-17 16:00:00,457648,0.5774747296421927,1
Price,2022-03-17 17:00:00,457649,0.872861917807773,1
Price,2022-03-17 18:00:00,457650,1.2437511358787163,1
Price,2022-03-17 19:00:00,457651,1.033662137897969,1
Price,2022-03-17 20:00:00,457652,1.238824453623093,1
Price,2022-03-17 21:00:00,457653,1.3147447407390442,1
Price,2022-03-17 23:00:00,457655,1.3122769156126135,1
Price,2022-03-18 07:00:00,457663,0.699332245121975,1
Price,2022-03-18 08:00:00,457664,0.5801308992858125,1
Price,2022-03-18 15:00:00,457671,0.720067893748765,1
Price,2022-03-18 17:00:00,457673,0.7835356136564473,1
Price,2022-03-18 18:00:00,457674,0.7604788812193912,1
Price,2022-03-18 19:00:00,457675,0.8192882009994535,1
Price,2022-03-18 20:00:00,457676,0.9290267655569392,1
Price,2022-03-18 21:00:00,457677,0.9682645850675308,1
Price,2022-03-18 22:00:00,457678,1.1260562634870916,1
Price,2022-03-18 23:00:00,457679,0.8206573121736862,1
Price,2022-03-20 21:00:00,457725,0.4866595837314076,1
Price,2022-03-20 22:00:00,457726,0.6204782096998727,1
Price,2022-03-21 06:00:00,457734,0.3012350080388257,1
Price,2022-03-21 07:00:00,457735,0.1504357743917181,1
Price,2022-03-21 17:00:00,457745,0.1669404006057697,1
Price,2022-03-21 18:00:00,457746,0.447416396086981,1
Price,2022-03-21 22:00:00,457750,1.6498105700300076,1
Price,2022-03-21 23:00:00,457751,1.9356473861151808,1
Price,2022-03-22 00:00:00,457752,2.248245062302002,1
Price,2022-03-24 18:00:00,457818,0.6939577359928748,1
Price,2022-03-24 19:00:00,457819,0.877857310993325,1
Price,2022-03-24 21:00:00,457821,1.1809617233226155,1
Price,2022-03-25 06:00:00,457830,0.4750908293796154,1
Price,2022-03-25 07:00:00,457831,0.3952339321737512,1
Price,2022-03-25 14:00:00,457838,1.012797872054405,1
Price,2022-03-25 19:00:00,457843,0.8434924352984756,1
Price,2022-03-25 20:00:00,457844,0.8614759565643073,1
Price,2022-03-25 21:00:00,457845,1.077971561793525,1
Price,2022-03-28 06:00:00,457902,0.7542079715310945,1
Price,2022-03-29 02:00:00,457922,2.265692240402818,1
Price,2022-03-31 07:00:00,457975,0.5434501245104664,1
Price,2022-03-31 08:00:00,457976,0.4345578433083514,1
Price,2022-03-31 09:00:00,457977,0.2780773669656893,1
Price,2022-03-31 10:00:00,457978,0.1021610877724583,1
Price,2022-03-31 12:00:00,457980,0.1621608198146915,1
Price,2022-04-01 22:00:00,458014,0.5187296729741335,1
Price,2022-04-01 23:00:00,458015,0.9089031500265672,1
Price,2022-04-02 00:00:00,458016,0.6018540306478852,1
Price,2022-04-02 01:00:00,458017,1.094189336810204,1
Price,2022-04-02 02:00:00,458018,1.055798385412363,1
Price,2022-04-04 13:00:00,458077,0.0631446762190697,1
Price,2022-04-11 01:00:00,458233,1.6031405897671502,1
Price,2022-04-12 01:00:00,458257,1.3127491918006182,1
Price,2022-04-12 02:00:00,458258,1.2257392425676723,1
Price,2022-04-13 01:00:00,458281,0.9324088095805996,1
Price,2022-04-13 02:00:00,458282,1.2614444662897188,1
Price,2022-04-13 03:00:00,458283,1.5724187458850265,1
Price,2022-04-13 04:00:00,458284,0.817176324584042,1
Price,2022-04-14 15:00:00,458319,0.1956358152881439,1
Price,2022-04-16 00:00:00,458352,1.4414722724192917,1
Price,2022-04-19 02:00:00,458426,2.819493413991291,1
Price,2022-04-26 14:00:00,458606,0.2432973728565324,1
Price,2022-04-26 23:00:00,458615,0.8050232009191587,1
Price,2022-04-27 01:00:00,458617,2.205396541817545,1
Price,2022-04-27 02:00:00,458618,2.797596420605484,1
Price,2022-04-27 03:00:00,458619,2.161635185319612,1
Price,2022-04-27 04:00:00,458620,0.9255324720508908,1
Price,2022-05-05 14:00:00,458822,0.4920331706290968,1
Price,2022-05-17 01:00:00,459097,1.3342453378921542,1
Price,2022-05-17 02:00:00,459098,1.686961578616995,1
Price,2022-05-17 03:00:00,459099,1.3906134993787531,1
Price,2022-05-17 13:00:00,459109,0.3269137948559715,1
Price,2022-05-17 14:00:00,459110,0.3366027686838624,1
Price,2022-05-18 02:00:00,459122,1.1350168882264655,1
Price,2022-05-18 03:00:00,459123,1.5201760118829477,1
Price,2022-05-30 01:00:00,459409,1.0663944207352876,1
Price,2022-05-31 00:00:00,459432,0.9698789780991546,1
Price,2022-05-31 02:00:00,459434,1.2900493979795826,1
Price,2022-05-31 03:00:00,459435,1.545993952351851,1
Price,2022-06-01 01:00:00,459457,1.685186732409787,1
Price,2022-06-01 03:00:00,459459,1.1032958908300643,1
Price,2022-06-14 03:00:00,459771,1.4546493554118116,1
Price,2022-06-17 14:00:00,459854,0.1833001508388581,1
Price,2022-06-17 15:00:00,459855,0.1178330980192581,1
Price,2022-06-18 00:00:00,459864,2.314365772888481,1
Price,2022-06-18 01:00:00,459865,1.8895459206729723,1
Price,2022-06-18 02:00:00,459866,1.3872893677225795,1
Price,2022-06-18 03:00:00,459867,1.3371766028145062,1
Price,2022-06-20 07:00:00,459919,0.2920816830750397,1
Price,2022-06-20 08:00:00,459920,0.3442582737679533,1
Price,2022-06-20 09:00:00,459921,0.1986780572898852,1
Price,2022-06-20 10:00:00,459922,0.1304868983336267,1
Price,2022-06-20 11:00:00,459923,0.2306430407381454,1
Price,2022-06-20 12:00:00,459924,0.4245894201064639,1
Price,2022-06-20 13:00:00,459925,0.4405775517767503,1
Price,2022-06-20 14:00:00,459926,0.7392149303393676,1
Price,2022-06-21 11:00:00,459947,0.3801626968035354,1
Price,2022-06-21 12:00:00,459948,0.3933902033497447,1
Price,2022-06-21 14:00:00,459950,0.7726114248313427,1
Price,2022-06-22 00:00:00,459960,2.31494770982942,1
Price,2022-06-22 01:00:00,459961,2.6617123044097952,1
Price,2022-06-22 02:00:00,459962,2.6532566814923406,1
Price,2022-06-22 03:00:00,459963,1.971189317291211,1
Price,2022-06-23 01:00:00,459985,1.6298031284515422,1
Price,2022-06-23 02:00:00,459986,1.9909766948113128,1
Price,2022-06-23 03:00:00,459987,2.530913636276099,1
Price,2022-06-23 08:00:00,459992,0.7713200878008672,1
Price,2022-06-24 02:00:00,460010,1.3951503268995136,1
Price,2022-06-24 03:00:00,460011,2.298038210267793,1
Price,2022-06-24 14:00:00,460022,0.5149569908415348,1
Price,2022-06-25 03:00:00,460035,0.958035982460428,1
Price,2022-06-25 04:00:00,460036,0.6669277925101265,1
Price,2022-06-25 05:00:00,460037,0.2635710016898147,1
Price,2022-06-27 11:00:00,460091,0.5330126210266399,1
Price,2022-06-28 02:00:00,460106,2.740526209736692,1
Price,2022-06-28 03:00:00,460107,2.6515273624278777,1
Price,2022-06-28 13:00:00,460117,1.4128833499649351,1
Price,2022-06-29 03:00:00,460131,2.504562871372412,1
Price,2022-06-29 04:00:00,460132,2.0873044601705875,1
Price,2022-06-30 02:00:00,460154,1.9926418153212464,1
Price,2022-07-01 11:00:00,460187,1.2195774997882936,1
Price,2022-07-02 00:00:00,460200,1.909098727715553,1
Price,2022-07-02 01:00:00,460201,1.9267392924924327,1
Price,2022-07-02 02:00:00,460202,2.0012099694224377,1
Price,2022-07-02 03:00:00,460203,2.8421910692863115,1
Price,2022-07-02 04:00:00,460204,1.3897621856955924,1
Price,2022-07-03 03:00:00,460227,2.2915774271585923,1
Price,2022-07-03 04:00:00,460228,0.9774530498245492,1
Price,2022-07-03 05:00:00,460229,0.5392463243435242,1
Price,2022-07-04 07:00:00,460255,1.2870835577052178,1
Price,2022-07-05 01:00:00,460273,2.582668299053603,1
Price,2022-07-05 02:00:00,460274,2.323397086684494,1
Price,2022-07-05 03:00:00,460275,2.9172021404432265,1
Price,2022-07-06 03:00:00,460299,2.5422451097618115,1
Price,2022-07-06 04:00:00,460300,2.302359993491071,1
Price,2022-07-06 11:00:00,460307,0.8556972988755964,1
Price,2022-07-06 12:00:00,460308,0.9152156114254631,1
Price,2022-07-06 13:00:00,460309,1.342440070300915,1
Price,2022-07-06 14:00:00,460310,1.2996963469212062,1
Price,2022-07-07 02:00:00,460322,1.8607831510695263,1
Price,2022-07-07 12:00:00,460332,0.7893764526834073,1
Price,2022-07-12 00:00:00,460440,2.8015344904471835,1
Price,2022-07-12 01:00:00,460441,3.101203418102966,1
Price,2022-07-12 02:00:00,460442,2.92651968744161,1
Price,2022-07-12 03:00:00,460443,2.845414292751798,1
Price,2022-07-12 23:00:00,460463,3.5101072413324483,1
Price,2022-07-13 00:00:00,460464,4.328412164816415,1
Price,2022-07-13 01:00:00,460465,4.87092981075957,1
Price,2022-07-13 02:00:00,460466,4.655884895112239,1
Price,2022-07-13 03:00:00,460467,4.622313512118471,1
Price,2022-07-13 04:00:00,460468,3.468664200039683,1
Price,2022-07-13 05:00:00,460469,2.568922828223867,1
Price,2022-07-13 06:00:00,460470,2.066380755687558,1
Price,2022-07-14 03:00:00,460491,3.947390641680891,1
Price,2022-07-14 13:00:00,460501,1.573613566244371,1
Price,2022-07-15 14:00:00,460526,1.127647231807927,1
Price,2022-07-16 02:00:00,460538,1.994597975176073,1
Price,2022-07-16 03:00:00,460539,1.89591379076599,1
Price,2022-07-16 04:00:00,460540,1.9498376992010131,1
Price,2022-07-16 05:00:00,460541,1.333838325059116,1
Price,2022-07-16 06:00:00,460542,1.3026325350398908,1
Price,2022-07-19 02:00:00,460610,3.9667783458229886,1
Price,2022-07-19 03:00:00,460611,4.483123045987205,1
Price,2022-07-19 04:00:00,460612,3.736616465556682,1
Price,2022-07-20 01:00:00,460633,2.7771283554190167,1
Price,2022-07-20 02:00:00,460634,2.9131253989916,1
Price,2022-07-20 03:00:00,460635,4.636876469886733,1
Price,2022-07-20 04:00:00,460636,4.272873759461509,1
Price,2022-07-20 05:00:00,460637,3.74946870601342,1
Price,2022-07-20 06:00:00,460638,2.488440742758841,1
Price,2022-07-20 15:00:00,460647,2.150356664588613,1
Price,2022-07-21 02:00:00,460658,4.0016907441074965,1
Price,2022-07-21 03:00:00,460659,4.365966825574361,1
Price,2022-07-21 14:00:00,460670,2.384992311967077,1
Price,2022-07-22 03:00:00,460683,3.46457869778638,1
Price,2022-07-23 05:00:00,460709,1.8139773964199648,1
Price,2022-07-24 03:00:00,460731,1.7302429005413014,1
Price,2022-07-26 02:00:00,460778,2.609947444370583,1
Price,2022-07-26 03:00:00,460779,3.044832063597906,1
Price,2022-07-26 04:00:00,460780,2.797220375676329,1
Price,2022-07-26 05:00:00,460781,1.9808195374570607,1
Price,2022-07-27 00:00:00,460800,3.6627591794952137,1
Price,2022-07-27 01:00:00,460801,3.668074921866147,1
Price,2022-07-27 02:00:00,460802,3.4989894707382385,1
Price,2022-07-27 03:00:00,460803,4.592356150790687,1
Price,2022-07-27 04:00:00,460804,4.266894720515369,1
Price,2022-07-28 02:00:00,460826,4.803128898012561,1
Price,2022-07-28 03:00:00,460827,4.987182794521613,1
Price,2022-07-29 01:00:00,460849,4.914699952650867,1
Price,2022-07-29 02:00:00,460850,5.498170493446597,1
Price,2022-07-29 03:00:00,460851,5.368010255791424,1
Price,2022-07-30 00:00:00,460872,3.71707713556944,1
Price,2022-07-30 01:00:00,460873,3.8290907952155857,1
Price,2022-07-30 02:00:00,460874,3.733209852498661,1
Price,2022-07-30 03:00:00,460875,3.677885189016703,1
Price,2022-07-30 04:00:00,460876,3.1273529859951,1
Price,2022-07-30 05:00:00,460877,2.291009102889083,1
Price,2022-07-30 23:00:00,460895,3.218976712700691,1
Price,2022-07-31 00:00:00,460896,3.484391948649632,1
Price,2022-07-31 01:00:00,460897,4.119474281560708,1
Price,2022-07-31 02:00:00,460898,4.00620484841767,1
Price,2022-07-31 03:00:00,460899,3.4064481586063105,1
Price,2022-07-31 04:00:00,460900,2.175134677689943,1
Price,2022-07-31 05:00:00,460901,0.8457689610017838,1
Price,2022-07-31 06:00:00,460902,0.3214556224328813,1
Price,2022-08-02 00:00:00,460944,4.636246362477808,1
Price,2022-08-02 01:00:00,460945,4.902512443855754,1
Price,2022-08-02 02:00:00,460946,4.879901117430116,1
Price,2022-08-02 03:00:00,460947,5.399975442148652,1
Price,2022-08-02 04:00:00,460948,4.361824419179767,1
Price,2022-08-03 01:00:00,460969,4.186808334374867,1
Price,2022-08-03 02:00:00,460970,4.484458195934911,1
Price,2022-08-03 03:00:00,460971,4.831618911836099,1
Price,2022-08-03 04:00:00,460972,4.697686890075104,1
Price,2022-08-03 05:00:00,460973,3.5776851429735133,1
Price,2022-08-03 06:00:00,460974,3.1028255309186994,1
Price,2022-08-06 02:00:00,461042,2.293153826567443,1
Price,2022-08-06 03:00:00,461043,2.058789228727683,1
Price,2022-08-06 04:00:00,461044,1.743446844906406,1
Price,2022-08-06 05:00:00,461045,1.18755311037955,1
Price,2022-08-06 06:00:00,461046,0.6751179764045143,1
Price,2022-08-06 07:00:00,461047,0.2573608000336458,1
Price,2022-08-07 04:00:00,461068,0.5889598332138297,1
Price,2022-08-07 05:00:00,461069,0.2280898853768707,1
Price,2022-08-09 01:00:00,461113,1.4500873793515066,1
Price,2022-08-09 02:00:00,461114,2.3687871118327326,1
Price,2022-08-09 03:00:00,461115,2.9000819024596263,1
Price,2022-08-09 04:00:00,461116,3.14949189678969,1
Price,2022-08-09 05:00:00,461117,2.463246802054603,1
Price,2022-08-10 01:00:00,461137,2.2794761723227337,1
Price,2022-08-10 02:00:00,461138,2.416509039682377,1
Price,2022-08-10 03:00:00,461139,3.2804652860363195,1
Price,2022-08-10 04:00:00,461140,3.483711379177082,1
Price,2022-08-10 05:00:00,461141,2.9370019373122225,1
Price,2022-08-10 06:00:00,461142,2.475509839500348,1
Price,2022-08-13 00:00:00,461208,4.102220954037265,1
Price,2022-08-14 00:00:00,461232,3.379245904489353,1
Price,2022-08-14 01:00:00,461233,3.542419543440836,1
Price,2022-08-14 02:00:00,461234,3.029304062154967,1
Price,2022-08-14 03:00:00,461235,2.881737926190595,1
Price,2022-08-14 04:00:00,461236,2.123655986502889,1
Price,2022-08-14 05:00:00,461237,1.5371657829130714,1
Price,2022-08-14 06:00:00,461238,1.232794159073259,1
Price,2022-08-18 01:00:00,461329,6.1088479457759295,1
Price,2022-08-18 02:00:00,461330,7.0177696167967945,1
Price,2022-08-18 03:00:00,461331,6.091840724581996,1
Price,2022-08-18 14:00:00,461342,2.403276619131838,1
Price,2022-08-19 02:00:00,461354,5.80632433921804,1
Price,2022-08-21 04:00:00,461404,0.8596354735301042,1
Price,2022-08-21 05:00:00,461405,0.9500259397733544,1
Price,2022-08-21 06:00:00,461406,0.7595927248049639,1
Price,2022-08-21 07:00:00,461407,0.6704131372766247,1
Price,2022-08-23 02:00:00,461450,5.797452550636688,1
Price,2022-08-23 22:00:00,461470,4.960295494686491,1
Price,2022-08-23 23:00:00,461471,6.075485913790844,1
Price,2022-08-24 00:00:00,461472,7.048049823480879,1
Price,2022-08-24 01:00:00,461473,8.068454828108791,1
Price,2022-08-24 02:00:00,461474,7.763363645505262,1
Price,2022-08-24 03:00:00,461475,7.203941068354935,1
Price,2022-08-24 04:00:00,461476,4.804302208166918,1
Price,2022-08-24 05:00:00,461477,3.2448188885304967,1
Price,2022-08-24 23:00:00,461495,6.087536697102573,1
Price,2022-08-25 00:00:00,461496,6.94617438125799,1
Price,2022-08-25 01:00:00,461497,7.747993693084386,1
Price,2022-08-25 02:00:00,461498,7.365615721487947,1
Price,2022-08-28 03:00:00,461571,4.248424249945615,1
Price,2022-08-28 05:00:00,461573,2.703406933137523,1
Price,2022-08-31 00:00:00,461640,6.881813313085792,1
Price,2022-08-31 01:00:00,461641,7.523694980685029,1
Price,2022-08-31 02:00:00,461642,7.402825109166772,1
Price,2022-09-04 04:00:00,461740,2.004426193823268,1
Price,2022-09-04 05:00:00,461741,2.64851087493926,1
Price,2022-09-04 06:00:00,461742,2.1557527487802366,1
Price,2022-09-04 07:00:00,461743,2.205106774466132,1
Price,2022-09-06 02:00:00,461786,4.24355940870088,1
Price,2022-09-06 03:00:00,461787,4.706244887980347,1
Price,2022-09-07 03:00:00,461811,4.333171348593814,1
Price,2022-09-07 04:00:00,461812,4.508468306423969,1
Price,2022-09-08 01:00:00,461833,3.460503791889874,1
Price,2022-09-08 02:00:00,461834,3.418755232587051,1
Price,2022-09-08 13:00:00,461845,1.70801457910087,1
Price,2022-09-10 04:00:00,461884,2.148238810465968,1
Price,2022-09-10 05:00:00,461885,1.5715915988788502,1
Price,2022-09-11 03:00:00,461907,2.8233340202639208,1
Price,2022-09-11 04:00:00,461908,1.6737635515660736,1
Price,2022-09-11 05:00:00,461909,1.203608096169538,1
Price,2022-09-13 01:00:00,461953,3.478645749308486,1
Price,2022-09-13 02:00:00,461954,3.2513621799628827,1
Price,2022-09-13 03:00:00,461955,3.559973461654972,1
Price,2022-09-13 04:00:00,461956,3.857554558154787,1
Price,2022-09-14 01:00:00,461977,3.833013971123752,1
Price,2022-09-14 02:00:00,461978,4.350767945509942,1
Price,2022-09-14 03:00:00,461979,5.01232355498721,1
Price,2022-09-14 04:00:00,461980,4.293804331117444,1
Price,2022-09-15 00:00:00,462000,2.036798225474028,1
Price,2022-09-15 01:00:00,462001,2.212354694279785,1
Price,2022-09-15 02:00:00,462002,2.30242513177794,1
Price,2022-09-15 03:00:00,462003,3.440818522515478,1
Price,2022-09-16 14:00:00,462038,1.8804947512204648,1
Price,2022-09-16 15:00:00,462039,1.8016552293557857,1
Price,2022-09-17 03:00:00,462051,1.6675174997781776,1
Price,2022-09-17 04:00:00,462052,1.7624168970036556,1
Price,2022-09-17 05:00:00,462053,1.2242588464531108,1
Price,2022-09-19 17:00:00,462113,1.26147174175827,1
Price,2022-09-20 00:00:00,462120,1.2106041155228715,1
Price,2022-09-20 01:00:00,462121,1.4167795373378156,1
Price,2022-09-20 02:00:00,462122,1.3800716378162117,1
Price,2022-09-20 03:00:00,462123,2.0408028392228044,1
Price,2022-09-20 04:00:00,462124,1.9054628528731423,1
Price,2022-09-20 22:00:00,462142,2.3705597432130663,1
Price,2022-09-20 23:00:00,462143,2.2018178152796786,1
Price,2022-09-21 00:00:00,462144,3.417958536397423,1
Price,2022-09-21 01:00:00,462145,3.734487892241252,1
Price,2022-09-21 02:00:00,462146,3.6017664539426906,1
Price,2022-09-21 03:00:00,462147,3.618570242098056,1
Price,2022-09-21 04:00:00,462148,2.6220806747883643,1
Price,2022-09-21 05:00:00,462149,2.0093631590101926,1
Price,2022-09-22 00:00:00,462168,2.471596681562035,1
Price,2022-09-22 01:00:00,462169,2.708923014273839,1
Price,2022-09-22 02:00:00,462170,2.958979774066356,1
Price,2022-09-22 03:00:00,462171,3.674656654667485,1
Price,2022-09-23 03:00:00,462195,3.280270373554637,1
Price,2022-09-24 00:00:00,462216,3.4052542718047203,1
Price,2022-09-24 04:00:00,462220,2.411539567292712,1
Price,2022-09-24 05:00:00,462221,2.4821731235430646,1
Price,2022-09-27 03:00:00,462291,1.3197391834307577,1
Price,2022-09-30 02:00:00,462362,2.5440798801639803,1
Price,2022-09-30 03:00:00,462363,2.7065781917434144,1
Price,2022-10-03 12:00:00,462444,0.3520681470821645,1
Price,2022-10-03 18:00:00,462450,1.5083193106933277,1
Price,2022-10-03 21:00:00,462453,1.6353755259536826,1
Price,2022-10-04 09:00:00,462465,0.166939543072532,1
Price,2022-10-05 04:00:00,462484,0.838225010188937,1
Price,2022-10-05 05:00:00,462485,0.4751128025292799,1
Price,2022-10-05 06:00:00,462486,0.1402017311083205,1
Price,2022-10-11 07:00:00,462631,0.4159944588273907,1
Price,2022-10-12 02:00:00,462650,1.2470996672066876,1
Price,2022-10-12 03:00:00,462651,1.454718564136199,1
Price,2022-10-12 09:00:00,462657,0.3786412425730012,1
Price,2022-10-13 20:00:00,462692,0.6553634134852366,1
Price,2022-10-14 07:00:00,462703,0.6399389073966644,1
Price,2022-11-15 19:00:00,463483,0.1520390581028508,1
Price,2022-11-15 21:00:00,463485,0.4563638848625782,1
Price,2022-11-17 21:00:00,463533,0.5527967104470763,1
Price,2022-11-18 07:00:00,463543,0.2724888564117669,1
Price,2022-11-21 06:00:00,463614,0.5451636277334606,1
Price,2022-11-21 11:00:00,463619,0.458824500788638,1
Price,2022-11-21 16:00:00,463624,0.5020005532097092,1
Price,2022-11-21 17:00:00,463625,0.629014170309262,1
Price,2022-11-21 18:00:00,463626,0.5837188152689903,1
Price,2022-11-21 19:00:00,463627,0.6899169119989623,1
Price,2022-11-21 20:00:00,463628,0.4904692877562955,1
Price,2022-11-22 11:00:00,463643,0.474491451662919,1
Price,2022-11-22 12:00:00,463644,0.4942866484662107,1
Price,2022-11-22 13:00:00,463645,0.7079977098369086,1
Price,2022-11-22 14:00:00,463646,0.6544224240536061,1
Price,2022-11-22 15:00:00,463647,0.5733107797892563,1
Price,2022-11-22 16:00:00,463648,0.3189035581960804,1
Price,2022-11-22 17:00:00,463649,0.2406657606723194,1
Price,2022-11-22 19:00:00,463651,0.1637390138952741,1
Price,2022-11-22 20:00:00,463652,0.2224674737551963,1
Price,2022-11-22 22:00:00,463654,0.2218179405765814,1
Price,2022-11-23 11:00:00,463667,0.1163869770000465,1
Price,2022-11-23 14:00:00,463670,0.2736382839859039,1
Price,2022-11-23 15:00:00,463671,0.5057456157596871,1
Price,2022-11-23 16:00:00,463672,0.3201366691739398,1
Price,2022-11-23 17:00:00,463673,0.4461715932666579,1
Price,2022-11-23 18:00:00,463674,0.5463488679656261,1
Price,2022-11-23 19:00:00,463675,0.5168951650977343,1
Price,2022-11-23 20:00:00,463676,0.3720232291957186,1
Price,2022-11-23 21:00:00,463677,0.5358202360310715,1
Price,2022-11-23 22:00:00,463678,0.3757815861031355,1
Price,2022-11-24 00:00:00,463680,0.6861820281036974,1
Price,2022-11-24 06:00:00,463686,0.3844660103930368,1
Price,2022-11-24 11:00:00,463691,0.3950273172796776,1
Price,2022-11-24 14:00:00,463694,0.7403671840628248,1
Price,2022-11-24 15:00:00,463695,0.817302469332462,1
Price,2022-11-24 16:00:00,463696,0.832410372053715,1
Price,2022-11-24 17:00:00,463697,0.7843995324226516,1
Price,2022-11-24 18:00:00,463698,0.848327651770808,1
Price,2022-11-24 19:00:00,463699,0.9001412735125995,1
Price,2022-11-24 20:00:00,463700,0.7393721967097184,1
Price,2022-11-24 21:00:00,463701,0.6191125311426291,1
Price,2022-11-25 06:00:00,463710,0.591020955922303,1
Price,2022-11-25 07:00:00,463711,0.6481289470404212,1
Price,2022-11-25 16:00:00,463720,0.6705776241056427,1
Price,2022-11-25 17:00:00,463721,0.5262745714360555,1
Price,2022-11-25 18:00:00,463722,0.4950947271622954,1
Price,2022-11-25 19:00:00,463723,0.5507473680592696,1
Price,2022-11-26 03:00:00,463731,0.5050039546532274,1
Price,2022-11-28 14:00:00,463790,1.3289146897539827,1
Price,2022-11-29 10:00:00,463810,1.5558241566319335,1
Price,2022-11-29 11:00:00,463811,1.5893579015593096,1
Price,2022-11-29 12:00:00,463812,1.4527619579883395,1
Price,2022-11-29 13:00:00,463813,1.555523718005018,1
Price,2022-11-29 15:00:00,463815,2.1742055183006146,1
Price,2022-11-29 16:00:00,463816,1.7861918201697995,1
Price,2022-11-29 17:00:00,463817,1.6326723877667235,1
Price,2022-11-29 18:00:00,463818,1.8818661491392867,1
Price,2022-11-29 19:00:00,463819,1.6601385167702116,1
Price,2022-11-29 20:00:00,463820,1.299807887003082,1
Price,2022-11-29 21:00:00,463821,1.550643618459528,1
Price,2022-11-30 16:00:00,463840,1.8750824032590452,1
Price,2022-11-30 17:00:00,463841,1.942643246559751,1
Price,2022-11-30 18:00:00,463842,1.8658108649732716,1
Price,2022-11-30 19:00:00,463843,1.409793630376059,1
Price,2022-12-01 02:00:00,463850,2.0141205995352767,1
Price,2022-12-01 03:00:00,463851,2.321358162906368,1
Price,2022-12-01 15:00:00,463863,2.3639129043568445,1
Price,2022-12-01 16:00:00,463864,1.9126446087958855,1
Price,2022-12-01 17:00:00,463865,1.9231757394203688,1
Price,2022-12-02 06:00:00,463878,2.3223510483641654,1
Price,2022-12-02 07:00:00,463879,2.5490583826329924,1
Price,2022-12-02 08:00:00,463880,1.8102547175538464,1
Price,2022-12-02 15:00:00,463887,1.9618699733313527,1
Price,2022-12-02 16:00:00,463888,1.6705044356079417,1
Price,2022-12-02 17:00:00,463889,1.5474070708060497,1
Price,2022-12-02 18:00:00,463890,1.236779797751756,1
Price,2022-12-02 19:00:00,463891,1.4414055230484346,1
Price,2022-12-02 20:00:00,463892,1.3429136887640851,1
Price,2022-12-02 21:00:00,463893,1.2578112849026728,1
Price,2022-12-02 22:00:00,463894,1.5049097565360825,1
Price,2022-12-05 06:00:00,463950,1.236320534384336,1
Price,2022-12-05 07:00:00,463951,1.4319481911955243,1
Price,2022-12-05 10:00:00,463954,1.338829094554475,1
Price,2022-12-05 11:00:00,463955,1.4763572603477388,1
Price,2022-12-05 14:00:00,463958,1.7065281786780957,1
Price,2022-12-05 15:00:00,463959,1.6399396513586382,1
Price,2022-12-05 16:00:00,463960,1.3206418563559552,1
Price,2022-12-05 17:00:00,463961,1.576094917642672,1
Price,2022-12-05 18:00:00,463962,1.812363994838209,1
Price,2022-12-05 19:00:00,463963,1.795928399318165,1
Price,2022-12-05 20:00:00,463964,1.7117600608978047,1
Price,2022-12-05 21:00:00,463965,1.694664562221148,1
Price,2022-12-06 16:00:00,463984,1.5908670780398495,1
Price,2022-12-06 17:00:00,463985,1.59914934720909,1
Price,2022-12-06 18:00:00,463986,1.801614506472712,1
Price,2022-12-06 19:00:00,463987,1.6992698550148346,1
Price,2022-12-07 03:00:00,463995,1.3045202533564584,1
Price,2022-12-07 16:00:00,464008,1.375350612433584,1
Price,2022-12-11 04:00:00,464092,1.5111187458343665,1
Price,2022-12-11 05:00:00,464093,0.8894097590050469,1
Price,2022-12-12 06:00:00,464118,2.275700992023621,1
Price,2022-12-12 07:00:00,464119,2.411330430334633,1
Price,2022-12-12 08:00:00,464120,2.1420597340900067,1
Price,2022-12-12 09:00:00,464121,1.9013275658923536,1
Price,2022-12-12 10:00:00,464122,1.6500321778184404,1
Price,2022-12-12 11:00:00,464123,1.7053444069278407,1
Price,2022-12-12 13:00:00,464125,2.3118953887313785,1
Price,2022-12-12 14:00:00,464126,2.559585419930346,1
Price,2022-12-12 15:00:00,464127,2.4774161060509825,1
Price,2022-12-12 16:00:00,464128,2.0647479568249607,1
Price,2022-12-12 17:00:00,464129,2.1129657485115096,1
Price,2022-12-12 18:00:00,464130,2.265017042328534,1
Price,2022-12-12 19:00:00,464131,2.314696224033982,1
Price,2022-12-12 20:00:00,464132,2.22776696700953,1
Price,2022-12-12 21:00:00,464133,2.2579836549050265,1
Price,2022-12-12 22:00:00,464134,2.2088119146965117,1
Price,2022-12-13 15:00:00,464151,2.509031461588714,1
Price,2022-12-13 16:00:00,464152,2.025898204862997,1
Price,2022-12-13 17:00:00,464153,1.997639617202756,1
Price,2022-12-14 02:00:00,464162,2.452810594170709,1
Price,2022-12-14 03:00:00,464163,2.726431436560864,1
Price,2022-12-14 04:00:00,464164,1.7569273876177929,1
Price,2022-12-14 15:00:00,464175,2.24140049321728,1
Price,2022-12-14 16:00:00,464176,1.8693168279182484,1
Price,2022-12-14 17:00:00,464177,1.9193808755871984,1
Price,2022-12-15 07:00:00,464191,2.7324337560503564,1
Price,2022-12-15 08:00:00,464192,2.2808222695596068,1
Price,2022-12-15 09:00:00,464193,2.389773974683039,1
Price,2022-12-15 13:00:00,464197,3.158928513824214,1
Price,2022-12-15 14:00:00,464198,3.3379216767803976,1
Price,2022-12-15 15:00:00,464199,3.0643152021341797,1
Price,2022-12-15 16:00:00,464200,2.508977856028518,1
Price,2022-12-15 17:00:00,464201,2.5972585875967127,1
Price,2022-12-15 18:00:00,464202,2.628647161272073,1
Price,2022-12-15 19:00:00,464203,2.568942307965753,1
Price,2022-12-15 20:00:00,464204,2.1688608548938784,1
Price,2022-12-15 21:00:00,464205,2.202213875103218,1
Price,2022-12-15 22:00:00,464206,2.428561103871223,1
Price,2022-12-16 07:00:00,464215,2.0886442530635048,1
Price,2022-12-16 08:00:00,464216,1.883095968265589,1
Price,2022-12-16 09:00:00,464217,1.9603319520305416,1
Price,2022-12-16 14:00:00,464222,2.5089879131778017,1
Price,2022-12-16 15:00:00,464223,2.303591913244591,1
Price,2022-12-16 16:00:00,464224,1.840643632182057,1
Price,2022-12-16 17:00:00,464225,1.8762282474396783,1
Price,2022-12-16 18:00:00,464226,1.9218685469837935,1
Price,2022-12-16 20:00:00,464228,1.6464079048764737,1
Price,2022-12-17 03:00:00,464235,0.7859005896558979,1
Price,2022-12-17 05:00:00,464237,0.6406128182216517,1
Price,2022-12-17 06:00:00,464238,0.3556798229215652,1
Price,2022-12-17 16:00:00,464248,0.8991807772940374,1
Price,2022-12-17 17:00:00,464249,0.9345270556944344,1
Price,2022-12-17 18:00:00,464250,0.9552713064930218,1
Price,2022-12-17 19:00:00,464251,0.8317430931388552,1
Price,2022-12-17 20:00:00,464252,0.7969850080385563,1
Price,2022-12-17 21:00:00,464253,0.7909523597932862,1
Price,2022-12-17 22:00:00,464254,0.8654804155915006,1
Price,2022-12-17 23:00:00,464255,0.6785400926979668,1
Price,2022-12-18 00:00:00,464256,0.322758047350228,1
Price,2022-12-18 01:00:00,464257,0.6660280060994688,1
Price,2022-12-18 07:00:00,464263,0.1716612263134707,1
Price,2022-12-18 13:00:00,464269,0.3171292506258985,1
Price,2022-12-18 14:00:00,464270,0.5061487695698201,1
Price,2022-12-18 15:00:00,464271,0.6234820679828952,1
Price,2022-12-18 16:00:00,464272,0.8482342491575672,1
Price,2022-12-18 17:00:00,464273,0.8037453441064113,1
Price,2022-12-18 18:00:00,464274,0.6478436800789851,1
Price,2022-12-18 21:00:00,464277,0.4167826486615926,1
Price,2022-12-19 11:00:00,464291,1.1566570400610832,1
Price,2022-12-19 16:00:00,464296,0.830803943022522,1
Price,2022-12-19 17:00:00,464297,1.195453157621586,1
Price,2022-12-19 18:00:00,464298,1.3529467822170609,1
Price,2022-12-19 19:00:00,464299,1.3709174396098478,1
Price,2022-12-20 08:00:00,464312,0.2771917704887461,1
Price,2022-12-20 09:00:00,464313,0.3374732269146934,1
Price,2022-12-20 10:00:00,464314,0.4695785037836582,1
Price,2022-12-20 11:00:00,464315,0.4467998250465499,1
Price,2022-12-20 12:00:00,464316,0.5108729830372656,1
Price,2022-12-20 13:00:00,464317,0.6512186831270708,1
Price,2022-12-20 14:00:00,464318,0.7969874062802822,1
Price,2022-12-20 15:00:00,464319,0.920343391020508,1
Price,2022-12-20 16:00:00,464320,0.607243453031187,1
Price,2022-12-20 17:00:00,464321,0.7386193294380241,1
Price,2022-12-20 18:00:00,464322,0.870056059160041,1
Price,2022-12-20 19:00:00,464323,0.7646279307403456,1
Price,2022-12-20 20:00:00,464324,0.5597307119777977,1
Price,2022-12-20 21:00:00,464325,0.5903819331069717,1
Price,2022-12-20 22:00:00,464326,0.6958043917902783,1
Price,2022-12-20 23:00:00,464327,0.3363966298553082,1
Price,2022-12-21 00:00:00,464328,0.6958399931188015,1
Price,2022-12-21 01:00:00,464329,0.7579673434545708,1
Price,2022-12-21 08:00:00,464336,0.3803283636972832,1
Price,2022-12-21 09:00:00,464337,0.3080499230490316,1
Price,2022-12-21 14:00:00,464342,0.5428174043563518,1
Price,2022-12-21 15:00:00,464343,0.5736280394968658,1
Price,2022-12-21 16:00:00,464344,0.5262851877449555,1
Price,2022-12-21 17:00:00,464345,0.4673099321350522,1
Price,2022-12-21 18:00:00,464346,0.5306586748945268,1
Price,2022-12-22 06:00:00,464358,0.2007117156500815,1
Price,2022-12-22 07:00:00,464359,0.4622967981476804,1
Price,2022-12-22 08:00:00,464360,0.1544645057211289,1
Price,2022-12-22 09:00:00,464361,0.0952560832748847,1
Load_MW,2022-01-05 00:00:00,455928,0.2470344787738034,1
n_targets,2022-01-05 00:00:00,455928,0.2470344787738034,1
Load_MW,2022-01-07 03:00:00,455979,0.3226833707450196,1
n_targets,2022-01-07 03:00:00,455979,0.3226833707450196,1
Load_MW,2022-01-07 04:00:00,455980,0.0219766944774228,1
n_targets,2022-01-07 04:00:00,455980,0.0219766944774228,1
CF_Wind,2022-01-08 05:00:00,456005,0.2344343423208565,1
n_targets,2022-01-08 05:00:00,456005,0.2344343423208565,1
CF_Wind,2022-01-08 06:00:00,456006,0.2458070523286344,1
n_targets,2022-01-08 06:00:00,456006,0.2458070523286344,1
CF_Wind,2022-01-08 07:00:00,456007,0.2825571904980848,1
n_targets,2022-01-08 07:00:00,456007,0.2825571904980848,1
CF_Wind,2022-01-08 08:00:00,456008,0.2034599351376183,1
n_targets,2022-01-08 08:00:00,456008,0.2034599351376183,1
CF_Wind,2022-01-08 09:00:00,456009,0.2311831704817257,1
n_targets,2022-01-08 09:00:00,456009,0.2311831704817257,1
CF_Wind,2022-01-08 10:00:00,456010,0.0889047101156941,1
n_targets,2022-01-08 10:00:00,456010,0.0889047101156941,1
CF_Wind,2022-01-08 11:00:00,456011,0.1208920218669054,1
n_targets,2022-01-08 11:00:00,456011,0.1208920218669054,1
CF_Wind,2022-01-08 22:00:00,456022,0.4417075349504464,1
n_targets,2022-01-08 22:00:00,456022,0.4417075349504464,1
CF_Wind,2022-01-08 23:00:00,456023,0.6394281907153614,1
n_targets,2022-01-08 23:00:00,456023,0.6394281907153614,1
CF_Wind,2022-01-09 00:00:00,456024,0.3065570150879397,1
n_targets,2022-01-09 00:00:00,456024,0.3065570150879397,1
CF_Wind,2022-01-09 22:00:00,456046,0.3530191725150178,1
n_targets,2022-01-09 22:00:00,456046,0.3530191725150178,1
CF_Wind,2022-01-09 23:00:00,456047,0.5145472868884748,1
CF_Wind,2022-01-10 01:00:00,456049,0.070759252278856,1
n_targets,2022-01-10 03:00:00,456051,0.2525188389394941,1
Price,2022-01-10 04:00:00,456052,0.2440007013486171,1
n_targets,2022-01-10 04:00:00,456052,0.2440007013486171,1
Price,2022-01-10 05:00:00,456053,0.24422937882085,1
n_targets,2022-01-10 05:00:00,456053,0.24422937882085,1
CF_Solar,2022-01-10 08:00:00,456056,0.6013530311491977,1
Price,2022-01-10 08:00:00,456056,0.6013530311491977,1
CF_Solar,2022-01-10 09:00:00,456057,0.621582497486024,1
CF_Solar,2022-01-10 10:00:00,456058,0.5387789245618271,1
Price,2022-01-10 10:00:00,456058,0.5387789245618271,1
Price,2022-01-10 11:00:00,456059,0.5744145069487325,1
Price,2022-01-10 12:00:00,456060,0.3620691426930891,1
Price,2022-01-10 13:00:00,456061,0.6237006078828058,1
n_targets,2022-01-10 13:00:00,456061,0.6237006078828058,1
Price,2022-01-10 14:00:00,456062,0.6197253863654582,1
Price,2022-01-10 15:00:00,456063,0.6679015276255427,1
CF_Solar,2022-01-10 16:00:00,456064,0.6030782302517947,1
CF_Wind,2022-01-10 22:00:00,456070,0.5852232276212734,1
Price,2022-01-10 22:00:00,456070,0.5852232276212734,1
CF_Wind,2022-01-10 23:00:00,456071,0.4358967030824232,1
Price,2022-01-10 23:00:00,456071,0.4358967030824232,1
Price,2022-01-11 04:00:00,456076,0.1096981633263136,1
Price,2022-01-11 05:00:00,456077,0.1457425091568034,1
Price,2022-01-11 06:00:00,456078,0.3390299710072704,1
n_targets,2022-01-11 06:00:00,456078,0.3390299710072704,1
Price,2022-01-11 08:00:00,456080,0.3776341793938984,1
CF_Solar,2022-01-11 09:00:00,456081,0.4085679036420986,1
Price,2022-01-11 09:00:00,456081,0.4085679036420986,1
Price,2022-01-11 10:00:00,456082,0.3417333115414738,1
Price,2022-01-11 11:00:00,456083,0.2481430793695018,1
Price,2022-01-11 12:00:00,456084,0.2310064094230257,1
Price,2022-01-11 13:00:00,456085,0.4348877537000504,1
CF_Solar,2022-01-11 15:00:00,456087,0.8162942106057107,1
Price,2022-01-11 15:00:00,456087,0.8162942106057107,1
CF_Solar,2022-01-11 16:00:00,456088,0.5907720971950625,1
Price,2022-01-11 16:00:00,456088,0.5907720971950625,1
Price,2022-01-12 04:00:00,456100,0.063224359096961,1
Price,2022-01-12 05:00:00,456101,0.1521579391322867,1
Price,2022-01-12 06:00:00,456102,0.3685948557137535,1
n_targets,2022-01-12 06:00:00,456102,0.3685948557137535,1
Price,2022-01-12 07:00:00,456103,0.3464205523398866,1
n_targets,2022-01-12 07:00:00,456103,0.3464205523398866,1
Price,2022-01-12 08:00:00,456104,0.3989125158166957,1
n_targets,2022-01-12 08:00:00,456104,0.3989125158166957,1
Price,2022-01-12 09:00:00,456105,0.266284900686456,1
n_targets,2022-01-12 09:00:00,456105,0.266284900686456,1
Price,2022-01-12 10:00:00,456106,0.2293411615509875,1
n_targets,2022-01-12 10:00:00,456106,0.2293411615509875,1
Price,2022-01-12 11:00:00,456107,0.1966691069173514,1
n_targets,2022-01-12 11:00:00,456107,0.1966691069173514,1
Price,2022-01-12 12:00:00,456108,0.1850188222458388,1
n_targets,2022-01-12 12:00:00,456108,0.1850188222458388,1
Price,2022-01-12 13:00:00,456109,0.3172140080281616,1
n_targets,2022-01-12 13:00:00,456109,0.3172140080281616,1
CF_Solar,2022-01-12 16:00:00,456112,0.4639436572116304,1
Load_MW,2022-01-12 16:00:00,456112,0.4639436572116304,1
Price,2022-01-12 20:00:00,456116,0.0632127312291765,1
Price,2022-01-12 21:00:00,456117,0.0288687787761043,1
Price,2022-01-13 08:00:00,456128,0.088400503328855,1
n_targets,2022-01-13 08:00:00,456128,0.088400503328855,1
Load_MW,2022-01-13 12:00:00,456132,0.0618679488573645,1
n_targets,2022-01-13 12:00:00,456132,0.0618679488573645,1
Load_MW,2022-01-13 13:00:00,456133,0.130698254978187,1
n_targets,2022-01-13 13:00:00,456133,0.130698254978187,1
Load_MW,2022-01-13 14:00:00,456134,0.2366835760488355,1
Load_MW,2022-01-13 15:00:00,456135,0.3363470462102342,1
CF_Solar,2022-01-13 16:00:00,456136,0.2366295633121158,1
Load_MW,2022-01-13 16:00:00,456136,0.2366295633121158,1
Load_MW,2022-01-13 17:00:00,456137,0.1601764660139888,1
CF_Solar,2022-01-14 16:00:00,456160,0.3170595242110472,1
n_targets,2022-01-14 16:00:00,456160,0.3170595242110472,1
n_targets,2022-01-15 09:00:00,456177,0.098305789410013,1
Price,2022-01-15 10:00:00,456178,0.0146093668049105,1
n_targets,2022-01-15 10:00:00,456178,0.0146093668049105,1
Price,2022-01-15 11:00:00,456179,0.0036542340779599,1
n_targets,2022-01-15 11:00:00,456179,0.0036542340779599,1
Price,2022-01-15 12:00:00,456180,0.0011357089703534,1
n_targets,2022-01-15 12:00:00,456180,0.0011357089703534,1
Price,2022-01-15 13:00:00,456181,0.0007376746461433,1
n_targets,2022-01-15 13:00:00,456181,0.0007376746461433,1
Price,2022-01-15 19:00:00,456187,0.1650304446507862,1
Price,2022-01-15 20:00:00,456188,0.3331428837072363,1
CF_Wind,2022-01-15 21:00:00,456189,0.4230405147404279,1
Price,2022-01-15 21:00:00,456189,0.4230405147404279,1
CF_Wind,2022-01-15 22:00:00,456190,0.4655850490616284,1
Price,2022-01-15 22:00:00,456190,0.4655850490616284,1
CF_Wind,2022-01-15 23:00:00,456191,0.3412080237968355,1
Price,2022-01-15 23:00:00,456191,0.3412080237968355,1
CF_Wind,2022-01-16 00:00:00,456192,0.2053074246808484,1
CF_Wind,2022-01-16 01:00:00,456193,0.1924659664235501,1
CF_Wind,2022-01-16 02:00:00,456194,0.0373545715387397,1
CF_Wind,2022-01-16 03:00:00,456195,0.0385125914794464,1
CF_Wind,2022-01-16 07:00:00,456199,0.0531680121873001,1
n_targets,2022-01-16 07:00:00,456199,0.0531680121873001,1
CF_Wind,2022-01-16 08:00:00,456200,0.1014404650122267,1
n_targets,2022-01-16 08:00:00,456200,0.1014404650122267,1
CF_Wind,2022-01-16 09:00:00,456201,0.1265464036299759,1
n_targets,2022-01-16 09:00:00,456201,0.1265464036299759,1
CF_Wind,2022-01-16 10:00:00,456202,0.1200941531940582,1
n_targets,2022-01-16 10:00:00,456202,0.1200941531940582,1
CF_Wind,2022-01-16 11:00:00,456203,0.2053590860687357,1
n_targets,2022-01-16 11:00:00,456203,0.2053590860687357,1
CF_Wind,2022-01-16 12:00:00,456204,0.1789419152138596,1
n_targets,2022-01-16 12:00:00,456204,0.1789419152138596,1
CF_Solar,2022-01-17 08:00:00,456224,0.4527636288368153,1
CF_Solar,2022-01-17 09:00:00,456225,0.452954243705151,1
CF_Wind,2022-01-17 09:00:00,456225,0.452954243705151,1
CF_Wind,2022-01-17 10:00:00,456226,0.3151876568437881,1
CF_Wind,2022-01-17 11:00:00,456227,0.2168981777081267,1
CF_Wind,2022-01-17 12:00:00,456228,0.0817730605822313,1
n_targets,2022-01-17 12:00:00,456228,0.0817730605822313,1
CF_Wind,2022-01-17 13:00:00,456229,0.0176240150527731,1
n_targets,2022-01-17 13:00:00,456229,0.0176240150527731,1
CF_Wind,2022-01-17 14:00:00,456230,0.247445396244347,1
CF_Wind,2022-01-17 15:00:00,456231,0.5540430165075767,1
CF_Solar,2022-01-17 16:00:00,456232,0.4860835938212826,1
CF_Wind,2022-01-17 16:00:00,456232,0.4860835938212826,1
CF_Solar,2022-01-18 08:00:00,456248,0.6583804425714201,1
CF_Wind,2022-01-18 09:00:00,456249,0.5222931542333527,1
Load_MW,2022-01-18 09:00:00,456249,0.5222931542333527,1
CF_Wind,2022-01-18 10:00:00,456250,0.5578650467605555,1
Load_MW,2022-01-18 10:00:00,456250,0.5578650467605555,1
CF_Wind,2022-01-18 11:00:00,456251,0.6538464841024472,1
Load_MW,2022-01-18 11:00:00,456251,0.6538464841024472,1
CF_Wind,2022-01-18 12:00:00,456252,0.4919834093793622,1
Load_MW,2022-01-18 12:00:00,456252,0.4919834093793622,1
CF_Wind,2022-01-18 13:00:00,456253,0.262814269393703,1
Load_MW,2022-01-18 13:00:00,456253,0.262814269393703,1
CF_Wind,2022-01-18 14:00:00,456254,0.3359692883260208,1
Price,2022-01-18 14:00:00,456254,0.3359692883260208,1
CF_Solar,2022-01-18 16:00:00,456256,0.5813169053678564,1
Load_MW,2022-01-18 19:00:00,456259,0.7175053226546544,1
Load_MW,2022-01-18 20:00:00,456260,0.765492882668767,1
Load_MW,2022-01-18 21:00:00,456261,0.9191848771951854,1
Load_MW,2022-01-18 22:00:00,456262,0.515778708440926,1
Load_MW,2022-01-18 23:00:00,456263,0.1721228265534744,1
Load_MW,2022-01-19 00:00:00,456264,0.5188741318431127,1
Load_MW,2022-01-19 01:00:00,456265,0.6746760152694411,1
Price,2022-01-19 02:00:00,456266,0.2887320853010262,1
Price,2022-01-19 03:00:00,456267,0.1678007116271698,1
Price,2022-01-19 04:00:00,456268,0.31225199834229,1
CF_Wind,2022-01-19 06:00:00,456270,0.5342376246918794,1
CF_Wind,2022-01-19 07:00:00,456271,0.3248767360195013,1
n_targets,2022-01-19 07:00:00,456271,0.3248767360195013,1
CF_Wind,2022-01-19 08:00:00,456272,0.1273401171484374,1
n_targets,2022-01-19 08:00:00,456272,0.1273401171484374,1
CF_Wind,2022-01-19 22:00:00,456286,0.3070386856074441,1
n_targets,2022-01-19 22:00:00,456286,0.3070386856074441,1
CF_Solar,2022-01-20 16:00:00,456304,0.0592087521619113,1
n_targets,2022-01-20 16:00:00,456304,0.0592087521619113,1
CF_Solar,2022-01-21 08:00:00,456320,0.1445136280006751,1
CF_Wind,2022-01-21 10:00:00,456322,0.3732831311446316,1
CF_Wind,2022-01-21 11:00:00,456323,0.3127809225005666,1
n_targets,2022-01-21 11:00:00,456323,0.3127809225005666,1
CF_Wind,2022-01-21 12:00:00,456324,0.147286511375229,1
n_targets,2022-01-21 12:00:00,456324,0.147286511375229,1
CF_Wind,2022-01-21 13:00:00,456325,0.3968232671346214,1
CF_Wind,2022-01-21 14:00:00,456326,0.5354353351486223,1
CF_Solar,2022-01-21 15:00:00,456327,0.5504429190719762,1
CF_Wind,2022-01-21 15:00:00,456327,0.5504429190719762,1
CF_Solar,2022-01-21 16:00:00,456328,0.5425491793188826,1
CF_Wind,2022-01-21 16:00:00,456328,0.5425491793188826,1
CF_Wind,2022-01-21 22:00:00,456334,1.447378184752225,1
Load_MW,2022-01-21 22:00:00,456334,1.447378184752225,1
CF_Wind,2022-01-21 23:00:00,456335,0.6720357317547121,1
Load_MW,2022-01-21 23:00:00,456335,0.6720357317547121,1
CF_Wind,2022-01-22 00:00:00,456336,0.5667796413981365,1
CF_Wind,2022-01-24 02:00:00,456386,0.4218757052953061,1
Price,2022-01-24 02:00:00,456386,0.4218757052953061,1
CF_Wind,2022-01-24 03:00:00,456387,0.4257671142886008,1
Price,2022-01-24 03:00:00,456387,0.4257671142886008,1
CF_Wind,2022-01-24 04:00:00,456388,0.4589559057622987,1
Price,2022-01-24 04:00:00,456388,0.4589559057622987,1
CF_Wind,2022-01-24 05:00:00,456389,0.4382326185712903,1
Price,2022-01-24 05:00:00,456389,0.4382326185712903,1
CF_Wind,2022-01-24 06:00:00,456390,0.5677071800892697,1
CF_Wind,2022-01-24 07:00:00,456391,0.6213030701006823,1
CF_Wind,2022-01-24 08:00:00,456392,0.2934980200883119,1
Load_MW,2022-01-24 08:00:00,456392,0.2934980200883119,1
Load_MW,2022-01-24 09:00:00,456393,0.2565353324705677,1
Load_MW,2022-01-24 10:00:00,456394,0.1793873470598999,1
Load_MW,2022-01-24 11:00:00,456395,0.1006371231381895,1
Price,2022-01-24 12:00:00,456396,0.0472785933179216,1
Price,2022-01-24 13:00:00,456397,0.2771065807362871,1
Price,2022-01-24 14:00:00,456398,0.2724343528675381,1
n_targets,2022-01-24 14:00:00,456398,0.2724343528675381,1
Price,2022-01-24 15:00:00,456399,0.1244600489836293,1
n_targets,2022-01-24 15:00:00,456399,0.1244600489836293,1
Price,2022-01-24 16:00:00,456400,0.0577925272095627,1
CF_Wind,2022-01-24 18:00:00,456402,0.3623525367573614,1
CF_Wind,2022-01-24 19:00:00,456403,0.2767950193290127,1
CF_Wind,2022-01-24 20:00:00,456404,0.3663839290474933,1
Price,2022-01-24 20:00:00,456404,0.3663839290474933,1
CF_Wind,2022-01-24 21:00:00,456405,0.4555987359341318,1
Price,2022-01-24 21:00:00,456405,0.4555987359341318,1
CF_Wind,2022-01-24 22:00:00,456406,0.5900812582377852,1
Price,2022-01-24 22:00:00,456406,0.5900812582377852,1
CF_Wind,2022-01-24 23:00:00,456407,1.0214426304099455,1
Price,2022-01-24 23:00:00,456407,1.0214426304099455,1
CF_Wind,2022-01-25 00:00:00,456408,1.0735706551985285,1
Price,2022-01-25 00:00:00,456408,1.0735706551985285,1
CF_Wind,2022-01-25 01:00:00,456409,1.2210319601491162,1
Price,2022-01-25 01:00:00,456409,1.2210319601491162,1
CF_Wind,2022-01-25 02:00:00,456410,1.1932952606797702,1
Price,2022-01-25 02:00:00,456410,1.1932952606797702,1
CF_Wind,2022-01-25 03:00:00,456411,1.1875709830453889,1
Price,2022-01-25 03:00:00,456411,1.1875709830453889,1
CF_Wind,2022-01-25 04:00:00,456412,1.0603703933765811,1
Price,2022-01-25 04:00:00,456412,1.0603703933765811,1
CF_Wind,2022-01-25 05:00:00,456413,1.0408738647936628,1
Price,2022-01-25 05:00:00,456413,1.0408738647936628,1
CF_Wind,2022-01-25 06:00:00,456414,0.97970799910455,1
Price,2022-01-25 06:00:00,456414,0.97970799910455,1
CF_Wind,2022-01-25 07:00:00,456415,0.7947383904872785,1
Price,2022-01-25 07:00:00,456415,0.7947383904872785,1
Price,2022-01-25 08:00:00,456416,0.5603148237297348,1
Price,2022-01-25 09:00:00,456417,0.3551970190889857,1
Price,2022-01-25 10:00:00,456418,0.2845430114950247,1
n_targets,2022-01-25 10:00:00,456418,0.2845430114950247,1
Price,2022-01-25 11:00:00,456419,0.255812574116997,1
n_targets,2022-01-25 11:00:00,456419,0.255812574116997,1
Price,2022-01-25 12:00:00,456420,0.2230293641390635,1
n_targets,2022-01-25 12:00:00,456420,0.2230293641390635,1
Price,2022-01-25 13:00:00,456421,0.243818896242278,1
n_targets,2022-01-25 13:00:00,456421,0.243818896242278,1
Price,2022-01-25 14:00:00,456422,0.3851075149826743,1
n_targets,2022-01-25 14:00:00,456422,0.3851075149826743,1
Price,2022-01-25 15:00:00,456423,0.5239511162258994,1
Price,2022-01-25 16:00:00,456424,0.5582944212189336,1
Price,2022-01-25 20:00:00,456428,0.3874294463297429,1
Price,2022-01-25 21:00:00,456429,0.3203645290494088,1
Price,2022-01-25 22:00:00,456430,0.2741653786380333,1
n_targets,2022-01-25 22:00:00,456430,0.2741653786380333,1
Price,2022-01-25 23:00:00,456431,0.3904382549193059,1
n_targets,2022-01-25 23:00:00,456431,0.3904382549193059,1
Price,2022-01-26 00:00:00,456432,0.4495764442256098,1
n_targets,2022-01-26 00:00:00,456432,0.4495764442256098,1
Price,2022-01-26 01:00:00,456433,0.3623331695435285,1
n_targets,2022-01-26 01:00:00,456433,0.3623331695435285,1
Price,2022-01-26 02:00:00,456434,0.3270595734361265,1
n_targets,2022-01-26 02:00:00,456434,0.3270595734361265,1
Price,2022-01-26 03:00:00,456435,0.261763695532923,1
n_targets,2022-01-26 03:00:00,456435,0.261763695532923,1
Price,2022-01-26 04:00:00,456436,0.0819712615889745,1
n_targets,2022-01-26 04:00:00,456436,0.0819712615889745,1
Price,2022-01-26 05:00:00,456437,0.1529931448237309,1
n_targets,2022-01-26 05:00:00,456437,0.1529931448237309,1
Price,2022-01-26 06:00:00,456438,0.2277949116872872,1
n_targets,2022-01-26 06:00:00,456438,0.2277949116872872,1
Price,2022-01-26 07:00:00,456439,0.3139546735218035,1
Price,2022-01-26 08:00:00,456440,0.377824465099486,1
Price,2022-01-26 09:00:00,456441,0.2279179922430729,1
Price,2022-01-26 10:00:00,456442,0.1159947335906474,1
n_targets,2022-01-26 10:00:00,456442,0.1159947335906474,1
Price,2022-01-26 11:00:00,456443,0.1079809802341194,1
n_targets,2022-01-26 11:00:00,456443,0.1079809802341194,1
Price,2022-01-26 12:00:00,456444,0.084026930058924,1
n_targets,2022-01-26 12:00:00,456444,0.084026930058924,1
Price,2022-01-26 13:00:00,456445,0.1043798611575581,1
n_targets,2022-01-26 13:00:00,456445,0.1043798611575581,1
Price,2022-01-26 14:00:00,456446,0.2027176673787549,1
Price,2022-01-26 15:00:00,456447,0.3195002900601704,1
CF_Solar,2022-01-26 16:00:00,456448,0.1639698126666999,1
Load_MW,2022-01-26 19:00:00,456451,0.1123791738194042,1
Load_MW,2022-01-27 13:00:00,456469,0.1718408253304004,1
n_targets,2022-01-27 13:00:00,456469,0.1718408253304004,1
Load_MW,2022-01-27 14:00:00,456470,0.2070879932445002,1
Load_MW,2022-01-27 15:00:00,456471,0.1892187338355282,1
Load_MW,2022-01-27 16:00:00,456472,0.1701587203111547,1
CF_Solar,2022-01-28 07:00:00,456487,0.3389118913999711,1
n_targets,2022-01-28 07:00:00,456487,0.3389118913999711,1
CF_Solar,2022-01-28 08:00:00,456488,0.2834787110112897,1
CF_Wind,2022-01-28 10:00:00,456490,0.6530677341647775,1
CF_Wind,2022-01-28 11:00:00,456491,0.8311249200950084,1
n_targets,2022-01-28 11:00:00,456491,0.8311249200950084,1
CF_Wind,2022-01-28 12:00:00,456492,0.6322577841061423,1
n_targets,2022-01-28 12:00:00,456492,0.6322577841061423,1
CF_Wind,2022-01-28 13:00:00,456493,0.5854407585335879,1
n_targets,2022-01-28 13:00:00,456493,0.5854407585335879,1
CF_Wind,2022-01-28 14:00:00,456494,1.0042863457067066,1
CF_Wind,2022-01-28 15:00:00,456495,1.1284220361336113,1
CF_Solar,2022-01-28 16:00:00,456496,0.846770591713871,1
CF_Wind,2022-01-28 16:00:00,456496,0.846770591713871,1
CF_Wind,2022-01-29 01:00:00,456505,0.2725386415084225,1
Load_MW,2022-01-30 04:00:00,456532,0.821477048072454,1
CF_Solar,2022-01-30 07:00:00,456535,0.1135640983858441,1
CF_Solar,2022-01-31 08:00:00,456560,0.0868779628035167,1
Load_MW,2022-01-31 12:00:00,456564,0.2246710718449072,1
Load_MW,2022-01-31 13:00:00,456565,0.2307345683666151,1
Load_MW,2022-01-31 14:00:00,456566,0.3936891881474276,1
Load_MW,2022-01-31 15:00:00,456567,0.1382073750101757,1
Load_MW,2022-01-31 16:00:00,456568,0.3219092185236825,1
Load_MW,2022-01-31 18:00:00,456570,0.0925349731967193,1
Load_MW,2022-01-31 19:00:00,456571,0.12170903831928,1
n_targets,2022-02-01 17:00:00,456593,0.0928910622121683,1
n_targets,2022-02-01 18:00:00,456594,0.1769263591907071,1
CF_Solar,2022-02-02 07:00:00,456607,0.1674520290042924,1
CF_Wind,2022-02-02 09:00:00,456609,0.139201646472447,1
CF_Wind,2022-02-02 10:00:00,456610,0.5958988078721508,1
n_targets,2022-02-02 10:00:00,456610,0.5958988078721508,1
CF_Wind,2022-02-02 11:00:00,456611,0.7666648730815613,1
CF_Wind,2022-02-02 12:00:00,456612,0.5979260044125061,1
CF_Wind,2022-02-02 13:00:00,456613,0.4812865478305235,1
CF_Wind,2022-02-02 14:00:00,456614,0.6236330220509911,1
CF_Wind,2022-02-02 15:00:00,456615,0.7642625461244248,1
CF_Wind,2022-02-02 16:00:00,456616,0.8489867032061196,1
Load_MW,2022-02-03 09:00:00,456633,0.1577896746287683,1
Load_MW,2022-02-03 10:00:00,456634,0.1766768943591758,1
Load_MW,2022-02-03 11:00:00,456635,0.2767273111058346,1
Load_MW,2022-02-03 12:00:00,456636,0.1804893640184868,1
n_targets,2022-02-03 12:00:00,456636,0.1804893640184868,1
Load_MW,2022-02-03 13:00:00,456637,0.3486408643154501,1
n_targets,2022-02-03 13:00:00,456637,0.3486408643154501,1
Load_MW,2022-02-03 14:00:00,456638,0.6034692178156582,1
Load_MW,2022-02-03 15:00:00,456639,0.576384739241715,1
Load_MW,2022-02-03 16:00:00,456640,0.6856216354504878,1
Load_MW,2022-02-03 20:00:00,456644,0.1772690811465784,1
Load_MW,2022-02-03 22:00:00,456646,0.0013527050676531,1
CF_Wind,2022-02-04 04:00:00,456652,0.0887225278672243,1
Load_MW,2022-02-04 09:00:00,456657,0.0460159242100375,1
n_targets,2022-02-04 09:00:00,456657,0.0460159242100375,1
Load_MW,2022-02-04 10:00:00,456658,0.0359880670994015,1
n_targets,2022-02-04 10:00:00,456658,0.0359880670994015,1
Load_MW,2022-02-04 18:00:00,456666,0.2446975144767351,1
n_targets,2022-02-04 18:00:00,456666,0.2446975144767351,1
Load_MW,2022-02-05 04:00:00,456676,0.1386157126736917,1
CF_Solar,2022-02-07 07:00:00,456727,0.0810681902192993,1
CF_Wind,2022-02-07 15:00:00,456735,0.5417694112478963,1
CF_Wind,2022-02-07 16:00:00,456736,0.673111571990987,1
CF_Solar,2022-02-07 17:00:00,456737,0.787391430437369,1
CF_Wind,2022-02-07 17:00:00,456737,0.787391430437369,1
CF_Wind,2022-02-08 11:00:00,456755,0.8069420791779867,1
CF_Wind,2022-02-08 12:00:00,456756,0.5315288156952016,1
Load_MW,2022-02-08 12:00:00,456756,0.5315288156952016,1
CF_Wind,2022-02-08 13:00:00,456757,0.211898792104537,1
CF_Solar,2022-02-08 17:00:00,456761,0.4214482752974906,1
Load_MW,2022-02-09 16:00:00,456784,0.6218879812087277,1
n_targets,2022-02-09 16:00:00,456784,0.6218879812087277,1
Load_MW,2022-02-09 17:00:00,456785,0.5128081233432034,1
n_targets,2022-02-09 17:00:00,456785,0.5128081233432034,1
Load_MW,2022-02-09 18:00:00,456786,0.1980198938460495,1
n_targets,2022-02-09 18:00:00,456786,0.1980198938460495,1
Price,2022-02-09 23:00:00,456791,0.1024769753378345,1
Price,2022-02-10 01:00:00,456793,0.225002285550643,1
CF_Wind,2022-02-10 03:00:00,456795,0.2788177817647865,1
CF_Wind,2022-02-10 04:00:00,456796,0.484921451562089,1
n_targets,2022-02-10 04:00:00,456796,0.484921451562089,1
CF_Wind,2022-02-10 05:00:00,456797,0.2347441909361094,1
n_targets,2022-02-10 05:00:00,456797,0.2347441909361094,1
CF_Wind,2022-02-10 06:00:00,456798,0.0481070163014258,1
n_targets,2022-02-10 06:00:00,456798,0.0481070163014258,1
n_targets,2022-02-11 02:00:00,456818,0.1149969451832351,1
CF_Wind,2022-02-11 04:00:00,456820,0.0722274023502524,1
Load_MW,2022-02-11 08:00:00,456824,0.0259587135529717,1
n_targets,2022-02-11 08:00:00,456824,0.0259587135529717,1
CF_Wind,2022-02-11 14:00:00,456830,0.0013630611719395,1
n_targets,2022-02-11 14:00:00,456830,0.0013630611719395,1
n_targets,2022-02-11 15:00:00,456831,0.0657697483263026,1
n_targets,2022-02-11 16:00:00,456832,0.1605497981016221,1
CF_Solar,2022-02-11 17:00:00,456833,0.1249853062357864,1
n_targets,2022-02-11 17:00:00,456833,0.1249853062357864,1
CF_Wind,2022-02-12 11:00:00,456851,0.103017650499535,1
n_targets,2022-02-12 11:00:00,456851,0.103017650499535,1
Load_MW,2022-02-12 15:00:00,456855,0.227892827718489,1
n_targets,2022-02-12 15:00:00,456855,0.227892827718489,1
Load_MW,2022-02-12 16:00:00,456856,0.4597822484601683,1
n_targets,2022-02-12 16:00:00,456856,0.4597822484601683,1
Load_MW,2022-02-12 17:00:00,456857,0.5614779823411296,1
n_targets,2022-02-12 17:00:00,456857,0.5614779823411296,1
Load_MW,2022-02-12 19:00:00,456859,0.0609495990766524,1
n_targets,2022-02-12 19:00:00,456859,0.0609495990766524,1
CF_Wind,2022-02-13 19:00:00,456883,0.0279439315270311,1
n_targets,2022-02-13 19:00:00,456883,0.0279439315270311,1
CF_Wind,2022-02-14 07:00:00,456895,0.1133717616077865,1
n_targets,2022-02-14 07:00:00,456895,0.1133717616077865,1
n_targets,2022-02-14 08:00:00,456896,0.0441885985979793,1
n_targets,2022-02-14 09:00:00,456897,0.0518051166029644,1
Load_MW,2022-02-14 10:00:00,456898,0.0316243663706323,1
n_targets,2022-02-14 10:00:00,456898,0.0316243663706323,1
Load_MW,2022-02-14 11:00:00,456899,0.1077330401507872,1
n_targets,2022-02-14 11:00:00,456899,0.1077330401507872,1
Load_MW,2022-02-14 17:00:00,456905,0.5080102054695486,1
n_targets,2022-02-14 17:00:00,456905,0.5080102054695486,1
Load_MW,2022-02-14 18:00:00,456906,0.0890929162079516,1
n_targets,2022-02-14 18:00:00,456906,0.0890929162079516,1
Load_MW,2022-02-14 23:00:00,456911,0.0210209435066075,1
n_targets,2022-02-14 23:00:00,456911,0.0210209435066075,1
Load_MW,2022-02-15 00:00:00,456912,0.1109714859187651,1
n_targets,2022-02-15 00:00:00,456912,0.1109714859187651,1
Load_MW,2022-02-15 08:00:00,456920,0.3085359136858376,1
n_targets,2022-02-15 08:00:00,456920,0.3085359136858376,1
Load_MW,2022-02-15 09:00:00,456921,0.2265671827603843,1
n_targets,2022-02-15 09:00:00,456921,0.2265671827603843,1
Load_MW,2022-02-15 10:00:00,456922,0.1891963353402233,1
n_targets,2022-02-15 10:00:00,456922,0.1891963353402233,1
Load_MW,2022-02-15 11:00:00,456923,0.2245434295404635,1
n_targets,2022-02-15 11:00:00,456923,0.2245434295404635,1
Load_MW,2022-02-15 12:00:00,456924,0.1315712912649485,1
n_targets,2022-02-15 12:00:00,456924,0.1315712912649485,1
Load_MW,2022-02-15 13:00:00,456925,0.1019287111275273,1
n_targets,2022-02-15 13:00:00,456925,0.1019287111275273,1
Load_MW,2022-02-15 14:00:00,456926,0.0542743319862757,1
n_targets,2022-02-15 14:00:00,456926,0.0542743319862757,1
Load_MW,2022-02-15 15:00:00,456927,0.1660522198832148,1
n_targets,2022-02-15 15:00:00,456927,0.1660522198832148,1
Load_MW,2022-02-15 16:00:00,456928,0.3143337739287206,1
n_targets,2022-02-15 16:00:00,456928,0.3143337739287206,1
Load_MW,2022-02-15 17:00:00,456929,0.4966909707397064,1
n_targets,2022-02-15 17:00:00,456929,0.4966909707397064,1
Load_MW,2022-02-15 18:00:00,456930,0.118700556245711,1
n_targets,2022-02-15 18:00:00,456930,0.118700556245711,1
CF_Wind,2022-02-16 00:00:00,456936,0.2889866577147117,1
n_targets,2022-02-16 00:00:00,456936,0.2889866577147117,1
CF_Wind,2022-02-16 01:00:00,456937,0.1349656349678609,1
n_targets,2022-02-16 01:00:00,456937,0.1349656349678609,1
CF_Wind,2022-02-16 02:00:00,456938,0.1488623968563518,1
n_targets,2022-02-16 02:00:00,456938,0.1488623968563518,1
CF_Wind,2022-02-16 03:00:00,456939,0.1467176047611502,1
n_targets,2022-02-16 03:00:00,456939,0.1467176047611502,1
CF_Wind,2022-02-16 04:00:00,456940,0.0567317209541105,1
n_targets,2022-02-16 04:00:00,456940,0.0567317209541105,1
CF_Solar,2022-02-17 07:00:00,456967,0.0148973005292796,1
n_targets,2022-02-17 07:00:00,456967,0.0148973005292796,1
Load_MW,2022-02-18 12:00:00,456996,0.1206823249578785,1
n_targets,2022-02-18 12:00:00,456996,0.1206823249578785,1
Load_MW,2022-02-18 13:00:00,456997,0.130983347267436,1
n_targets,2022-02-18 13:00:00,456997,0.130983347267436,1
Load_MW,2022-02-18 14:00:00,456998,0.3735724455458602,1
n_targets,2022-02-18 14:00:00,456998,0.3735724455458602,1
CF_Wind,2022-02-18 18:00:00,457002,0.3283732806155937,1
CF_Wind,2022-02-19 07:00:00,457015,0.1275976951562465,1
CF_Wind,2022-02-21 12:00:00,457068,0.31367859353904,1
n_targets,2022-02-21 12:00:00,457068,0.31367859353904,1
CF_Wind,2022-02-21 13:00:00,457069,0.188726409939163,1
n_targets,2022-02-21 13:00:00,457069,0.188726409939163,1
n_targets,2022-02-23 08:00:00,457112,0.450659104448788,1
CF_Wind,2022-02-23 09:00:00,457113,0.5927911683813079,1
n_targets,2022-02-23 09:00:00,457113,0.5927911683813079,1
CF_Wind,2022-02-23 10:00:00,457114,0.1505508118158647,1
n_targets,2022-02-23 10:00:00,457114,0.1505508118158647,1
Load_MW,2022-02-23 23:00:00,457127,0.2517791241586278,1
Load_MW,2022-02-24 00:00:00,457128,0.3118068365903395,1
Load_MW,2022-02-24 01:00:00,457129,0.1935585944645501,1
n_targets,2022-02-24 01:00:00,457129,0.1935585944645501,1
CF_Wind,2022-02-25 07:00:00,457159,0.0156777286874065,1
CF_Wind,2022-02-25 08:00:00,457160,0.4194049667530477,1
CF_Wind,2022-02-25 09:00:00,457161,0.4972808526420371,1
n_targets,2022-02-25 09:00:00,457161,0.4972808526420371,1
CF_Wind,2022-02-25 10:00:00,457162,0.4359522978311094,1
n_targets,2022-02-25 10:00:00,457162,0.4359522978311094,1
CF_Wind,2022-02-27 12:00:00,457212,0.2617196237217789,1
n_targets,2022-02-27 12:00:00,457212,0.2617196237217789,1
CF_Wind,2022-02-27 13:00:00,457213,0.166628264345243,1
n_targets,2022-02-27 13:00:00,457213,0.166628264345243,1
CF_Wind,2022-02-27 14:00:00,457214,0.2482314786589159,1
n_targets,2022-02-27 14:00:00,457214,0.2482314786589159,1
CF_Solar,2022-02-28 07:00:00,457231,0.199038209016559,1
Price,2022-02-28 07:00:00,457231,0.199038209016559,1
Price,2022-02-28 08:00:00,457232,0.1197047613772055,1
Price,2022-02-28 09:00:00,457233,0.022208254583091,1
Load_MW,2022-02-28 13:00:00,457237,0.1703273778035898,1
Load_MW,2022-02-28 14:00:00,457238,0.11340981633064,1
Load_MW,2022-02-28 15:00:00,457239,0.0536750385499316,1
Load_MW,2022-02-28 16:00:00,457240,0.0873674650162676,1
Load_MW,2022-02-28 17:00:00,457241,0.1712989326796878,1
CF_Wind,2022-03-01 04:00:00,457252,0.9813909684122506,1
Price,2022-03-01 04:00:00,457252,0.9813909684122506,1
CF_Wind,2022-03-01 05:00:00,457253,0.8673079079364476,1
Price,2022-03-01 05:00:00,457253,0.8673079079364476,1
CF_Wind,2022-03-01 06:00:00,457254,0.9985534130886308,1
Price,2022-03-01 06:00:00,457254,0.9985534130886308,1
CF_Wind,2022-03-01 07:00:00,457255,0.6299693080199489,1
Price,2022-03-01 07:00:00,457255,0.6299693080199489,1
CF_Wind,2022-03-01 08:00:00,457256,0.3711064742693117,1
Price,2022-03-01 08:00:00,457256,0.3711064742693117,1
Price,2022-03-01 10:00:00,457258,0.1028469326132501,1
Price,2022-03-01 11:00:00,457259,0.0695648986301891,1
Price,2022-03-01 12:00:00,457260,0.0584545163691303,1
n_targets,2022-03-01 12:00:00,457260,0.0584545163691303,1
Price,2022-03-01 13:00:00,457261,0.1040026204745139,1
n_targets,2022-03-01 13:00:00,457261,0.1040026204745139,1
Price,2022-03-01 14:00:00,457262,0.288214868045106,1
n_targets,2022-03-01 14:00:00,457262,0.288214868045106,1
Price,2022-03-01 15:00:00,457263,0.2656238795232915,1
n_targets,2022-03-01 15:00:00,457263,0.2656238795232915,1
Price,2022-03-01 16:00:00,457264,0.6502987106777349,1
Price,2022-03-02 04:00:00,457276,0.4655272669985997,1
Price,2022-03-02 05:00:00,457277,0.4509994760476656,1
Price,2022-03-02 06:00:00,457278,0.469657806836224,1
n_targets,2022-03-02 06:00:00,457278,0.469657806836224,1
Price,2022-03-02 07:00:00,457279,0.7392042646201813,1
Price,2022-03-02 08:00:00,457280,0.5322525191258656,1
Price,2022-03-02 09:00:00,457281,0.1778986894842495,1
Price,2022-03-02 10:00:00,457282,0.1013074062806174,1
Price,2022-03-02 11:00:00,457283,0.0459603673105406,1
n_targets,2022-03-02 11:00:00,457283,0.0459603673105406,1
Price,2022-03-02 12:00:00,457284,0.0865493418066118,1
n_targets,2022-03-02 12:00:00,457284,0.0865493418066118,1
Price,2022-03-02 13:00:00,457285,0.1962855498617199,1
n_targets,2022-03-02 13:00:00,457285,0.1962855498617199,1
Price,2022-03-02 14:00:00,457286,0.3671884295638985,1
Price,2022-03-02 15:00:00,457287,0.3234237912594393,1
CF_Solar,2022-03-03 06:00:00,457302,2.2531783327252786,1
Load_MW,2022-03-03 08:00:00,457304,0.8333347090462397,1
Load_MW,2022-03-03 09:00:00,457305,0.7706040766389797,1
Load_MW,2022-03-03 10:00:00,457306,0.7575385666986902,1
Price,2022-03-03 11:00:00,457307,0.5624921465562018,1
Price,2022-03-03 12:00:00,457308,0.3187774759448494,1
CF_Wind,2022-03-03 13:00:00,457309,0.2918599435683282,1
Price,2022-03-03 13:00:00,457309,0.2918599435683282,1
CF_Wind,2022-03-03 14:00:00,457310,0.8311242486478521,1
CF_Wind,2022-03-03 15:00:00,457311,0.6702802718684746,1
Load_MW,2022-03-03 16:00:00,457312,0.6226750048938658,1
Price,2022-03-03 17:00:00,457313,1.2945212823695966,1
Price,2022-03-03 18:00:00,457314,1.0188651397141617,1
Price,2022-03-03 19:00:00,457315,0.977263961023258,1
n_targets,2022-03-03 19:00:00,457315,0.977263961023258,1
CF_Solar,2022-03-04 06:00:00,457326,2.2572372077830622,1
CF_Solar,2022-03-04 07:00:00,457327,1.688702856470489,1
CF_Solar,2022-03-04 08:00:00,457328,1.3234683510486491,1
Price,2022-03-04 08:00:00,457328,1.3234683510486491,1
Price,2022-03-04 09:00:00,457329,0.8933224147526493,1
Price,2022-03-04 10:00:00,457330,0.818081174289605,1
Price,2022-03-04 11:00:00,457331,0.8349415771469253,1
n_targets,2022-03-04 11:00:00,457331,0.8349415771469253,1
Price,2022-03-04 12:00:00,457332,0.9138247501459332,1
n_targets,2022-03-04 12:00:00,457332,0.9138247501459332,1
Load_MW,2022-03-04 15:00:00,457335,1.1139037824682003,1
Load_MW,2022-03-04 16:00:00,457336,1.2454971680574507,1
CF_Solar,2022-03-04 17:00:00,457337,1.7693040313762058,1
Load_MW,2022-03-04 17:00:00,457337,1.7693040313762058,1
CF_Solar,2022-03-05 06:00:00,457350,1.3655484972603822,1
CF_Wind,2022-03-05 06:00:00,457350,1.3655484972603822,1
Price,2022-03-05 06:00:00,457350,1.3655484972603822,1
CF_Wind,2022-03-05 07:00:00,457351,1.3486532207981408,1
Price,2022-03-05 07:00:00,457351,1.3486532207981408,1
CF_Wind,2022-03-05 08:00:00,457352,1.009028194465643,1
Price,2022-03-05 08:00:00,457352,1.009028194465643,1
CF_Wind,2022-03-05 09:00:00,457353,0.9662346207614771,1
Price,2022-03-05 09:00:00,457353,0.9662346207614771,1
CF_Wind,2022-03-05 10:00:00,457354,0.923477644888732,1
Price,2022-03-05 10:00:00,457354,0.923477644888732,1
CF_Wind,2022-03-05 11:00:00,457355,0.9351357059246356,1
Price,2022-03-05 11:00:00,457355,0.9351357059246356,1
CF_Wind,2022-03-05 12:00:00,457356,0.8527754543146444,1
Price,2022-03-05 12:00:00,457356,0.8527754543146444,1
CF_Wind,2022-03-05 13:00:00,457357,0.7983060513682354,1
Price,2022-03-05 13:00:00,457357,0.7983060513682354,1
CF_Wind,2022-03-05 14:00:00,457358,0.8509316855129259,1
Price,2022-03-05 14:00:00,457358,0.8509316855129259,1
CF_Wind,2022-03-05 15:00:00,457359,0.7512667567465485,1
Price,2022-03-05 15:00:00,457359,0.7512667567465485,1
CF_Wind,2022-03-05 16:00:00,457360,0.5232236479429677,1
Price,2022-03-05 16:00:00,457360,0.5232236479429677,1
CF_Wind,2022-03-05 17:00:00,457361,0.9657195293469588,1
Price,2022-03-05 17:00:00,457361,0.9657195293469588,1
CF_Solar,2022-03-06 06:00:00,457374,1.0031927986292224,1
CF_Wind,2022-03-06 06:00:00,457374,1.0031927986292224,1
Price,2022-03-06 06:00:00,457374,1.0031927986292224,1
CF_Wind,2022-03-06 07:00:00,457375,0.9064535725873164,1
Price,2022-03-06 07:00:00,457375,0.9064535725873164,1
CF_Wind,2022-03-06 08:00:00,457376,0.9715723503336732,1
Price,2022-03-06 08:00:00,457376,0.9715723503336732,1
CF_Wind,2022-03-06 09:00:00,457377,0.7288816816448889,1
Price,2022-03-06 09:00:00,457377,0.7288816816448889,1
CF_Wind,2022-03-06 10:00:00,457378,0.5714486240517982,1
Price,2022-03-06 10:00:00,457378,0.5714486240517982,1
CF_Wind,2022-03-06 11:00:00,457379,0.6346507451554311,1
Price,2022-03-06 11:00:00,457379,0.6346507451554311,1
CF_Wind,2022-03-06 12:00:00,457380,0.5284426220478908,1
Price,2022-03-06 12:00:00,457380,0.5284426220478908,1
CF_Wind,2022-03-06 13:00:00,457381,0.7144701801575986,1
Price,2022-03-06 13:00:00,457381,0.7144701801575986,1
CF_Wind,2022-03-06 14:00:00,457382,0.8046413123477394,1
Price,2022-03-06 14:00:00,457382,0.8046413123477394,1
CF_Wind,2022-03-06 15:00:00,457383,0.5006317426869904,1
Price,2022-03-06 15:00:00,457383,0.5006317426869904,1
Price,2022-03-06 16:00:00,457384,0.3686378864141864,1
CF_Solar,2022-03-07 06:00:00,457398,2.143841515476631,1
CF_Solar,2022-03-07 07:00:00,457399,1.767553104673952,1
Load_MW,2022-03-07 08:00:00,457400,1.1747907752963411,1
Load_MW,2022-03-07 09:00:00,457401,0.9945688100345548,1
Load_MW,2022-03-07 10:00:00,457402,0.984494550515602,1
Load_MW,2022-03-07 11:00:00,457403,0.9971468438498476,1
Price,2022-03-07 12:00:00,457404,1.0127201869981368,1
Load_MW,2022-03-07 15:00:00,457407,1.2145021837299133,1
CF_Solar,2022-03-07 17:00:00,457409,2.02610716102555,1
Load_MW,2022-03-07 17:00:00,457409,2.02610716102555,1
CF_Solar,2022-03-08 06:00:00,457422,2.2318158151463194,1
CF_Solar,2022-03-08 07:00:00,457423,2.2294417033175886,1
Price,2022-03-08 08:00:00,457424,1.9639231489885856,1
Price,2022-03-08 09:00:00,457425,1.7407616524475902,1
Price,2022-03-08 10:00:00,457426,1.6994400036710324,1
Price,2022-03-08 11:00:00,457427,1.710769205857127,1
n_targets,2022-03-08 11:00:00,457427,1.710769205857127,1
Price,2022-03-08 12:00:00,457428,1.907133382643433,1
n_targets,2022-03-08 12:00:00,457428,1.907133382643433,1
Price,2022-03-08 13:00:00,457429,1.8519763853089024,1
n_targets,2022-03-08 13:00:00,457429,1.8519763853089024,1
Price,2022-03-08 14:00:00,457430,1.928555433280072,1
n_targets,2022-03-08 14:00:00,457430,1.928555433280072,1
Price,2022-03-08 15:00:00,457431,1.878429730898556,1
Price,2022-03-08 16:00:00,457432,1.5178499594331745,1
CF_Solar,2022-03-08 17:00:00,457433,1.8241203394742729,1
CF_Solar,2022-03-09 06:00:00,457446,2.168995374199861,1
CF_Wind,2022-03-09 06:00:00,457446,2.168995374199861,1
Price,2022-03-09 06:00:00,457446,2.168995374199861,1
CF_Wind,2022-03-09 07:00:00,457447,2.043467552646425,1
Price,2022-03-09 07:00:00,457447,2.043467552646425,1
CF_Wind,2022-03-09 08:00:00,457448,2.157873325763755,1
Price,2022-03-09 08:00:00,457448,2.157873325763755,1
CF_Wind,2022-03-09 09:00:00,457449,1.9794219262737232,1
Price,2022-03-09 09:00:00,457449,1.9794219262737232,1
CF_Wind,2022-03-09 10:00:00,457450,1.8705271721183212,1
Price,2022-03-09 10:00:00,457450,1.8705271721183212,1
CF_Wind,2022-03-09 11:00:00,457451,2.032813459530186,1
Price,2022-03-09 11:00:00,457451,2.032813459530186,1
CF_Wind,2022-03-09 12:00:00,457452,2.212248982911289,1
Price,2022-03-09 12:00:00,457452,2.212248982911289,1
CF_Wind,2022-03-09 13:00:00,457453,2.0922066062550826,1
Price,2022-03-09 13:00:00,457453,2.0922066062550826,1
Price,2022-03-09 14:00:00,457454,2.010565240782337,1
Price,2022-03-09 15:00:00,457455,2.039290252249515,1
CF_Solar,2022-03-09 16:00:00,457456,1.7376560226637292,1
Price,2022-03-09 16:00:00,457456,1.7376560226637292,1
CF_Solar,2022-03-09 17:00:00,457457,1.6758185039783602,1
Price,2022-03-09 17:00:00,457457,1.6758185039783602,1
CF_Solar,2022-03-10 06:00:00,457470,1.9519548649041347,1
Price,2022-03-10 06:00:00,457470,1.9519548649041347,1
CF_Solar,2022-03-10 07:00:00,457471,1.851253757371758,1
Price,2022-03-10 07:00:00,457471,1.851253757371758,1
Price,2022-03-10 08:00:00,457472,1.409617728453012,1
Price,2022-03-10 09:00:00,457473,1.2624729142717008,1
Price,2022-03-10 10:00:00,457474,1.2590404000566136,1
Price,2022-03-10 11:00:00,457475,1.6499064977413995,1
CF_Wind,2022-03-10 12:00:00,457476,1.7837861534173725,1
Price,2022-03-10 12:00:00,457476,1.7837861534173725,1
CF_Wind,2022-03-10 13:00:00,457477,1.920163154798474,1
Price,2022-03-10 13:00:00,457477,1.920163154798474,1
CF_Wind,2022-03-10 14:00:00,457478,2.021275327258546,1
CF_Wind,2022-03-10 15:00:00,457479,2.024423719743499,1
CF_Wind,2022-03-10 16:00:00,457480,1.5429848971209912,1
Load_MW,2022-03-10 16:00:00,457480,1.5429848971209912,1
CF_Wind,2022-03-10 17:00:00,457481,1.667180242955106,1
Load_MW,2022-03-10 17:00:00,457481,1.667180242955106,1
CF_Wind,2022-03-11 06:00:00,457494,0.9292357432473186,1
Price,2022-03-11 06:00:00,457494,0.9292357432473186,1
Price,2022-03-11 07:00:00,457495,0.7465159752066322,1
Price,2022-03-11 08:00:00,457496,0.6411658204026802,1
Price,2022-03-11 09:00:00,457497,0.5524416633947191,1
Price,2022-03-11 10:00:00,457498,0.6285739298263799,1
CF_Wind,2022-03-11 11:00:00,457499,0.6710683725819764,1
CF_Wind,2022-03-11 12:00:00,457500,0.8617741664221428,1
CF_Wind,2022-03-11 13:00:00,457501,1.1146345938752884,1
Load_MW,2022-03-11 13:00:00,457501,1.1146345938752884,1
CF_Wind,2022-03-11 14:00:00,457502,1.0449965678487692,1
Load_MW,2022-03-11 14:00:00,457502,1.0449965678487692,1
CF_Wind,2022-03-11 15:00:00,457503,0.8943003595058123,1
Price,2022-03-11 15:00:00,457503,0.8943003595058123,1
CF_Wind,2022-03-11 16:00:00,457504,1.2070443708443943,1
CF_Wind,2022-03-11 17:00:00,457505,1.2049055391799453,1
n_targets,2022-03-12 08:00:00,457520,0.2279840362087166,1
Price,2022-03-12 09:00:00,457521,0.2604733371795338,1
n_targets,2022-03-12 09:00:00,457521,0.2604733371795338,1
Price,2022-03-12 10:00:00,457522,0.2370490689443751,1
n_targets,2022-03-12 10:00:00,457522,0.2370490689443751,1
Price,2022-03-12 11:00:00,457523,0.1869736554643457,1
n_targets,2022-03-12 11:00:00,457523,0.1869736554643457,1
Price,2022-03-12 12:00:00,457524,0.2588473744476811,1
n_targets,2022-03-12 12:00:00,457524,0.2588473744476811,1
Price,2022-03-12 13:00:00,457525,0.3053993304676641,1
n_targets,2022-03-12 13:00:00,457525,0.3053993304676641,1
Price,2022-03-12 14:00:00,457526,0.2820023344997944,1
n_targets,2022-03-12 14:00:00,457526,0.2820023344997944,1
Load_MW,2022-03-12 17:00:00,457529,0.6989938391088903,1
Price,2022-03-13 09:00:00,457545,0.0565878763945035,1
n_targets,2022-03-13 09:00:00,457545,0.0565878763945035,1
Price,2022-03-13 10:00:00,457546,0.0404918375508214,1
n_targets,2022-03-13 10:00:00,457546,0.0404918375508214,1
Price,2022-03-13 14:00:00,457550,0.0438346695796529,1
n_targets,2022-03-13 14:00:00,457550,0.0438346695796529,1
Load_MW,2022-03-13 18:00:00,457554,0.6455526060713603,1
CF_Solar,2022-03-14 06:00:00,457566,1.3590166939324833,1
CF_Solar,2022-03-14 07:00:00,457567,0.916365944474723,1
Price,2022-03-14 07:00:00,457567,0.916365944474723,1
Price,2022-03-14 08:00:00,457568,0.7097573447426249,1
Price,2022-03-14 09:00:00,457569,0.5579823137173403,1
Price,2022-03-14 12:00:00,457572,0.6652561312644845,1
Price,2022-03-14 13:00:00,457573,0.8592280522426723,1
Price,2022-03-14 14:00:00,457574,0.7893991015861694,1
CF_Wind,2022-03-14 15:00:00,457575,0.6280679211403273,1
Price,2022-03-14 15:00:00,457575,0.6280679211403273,1
CF_Wind,2022-03-14 16:00:00,457576,0.5835787792510465,1
Price,2022-03-14 16:00:00,457576,0.5835787792510465,1
CF_Wind,2022-03-15 04:00:00,457588,1.410262421838273,1
Price,2022-03-15 04:00:00,457588,1.410262421838273,1
CF_Wind,2022-03-15 05:00:00,457589,1.0564180627847863,1
Price,2022-03-15 05:00:00,457589,1.0564180627847863,1
CF_Wind,2022-03-15 06:00:00,457590,0.8516588892447645,1
Price,2022-03-15 06:00:00,457590,0.8516588892447645,1
CF_Wind,2022-03-15 07:00:00,457591,0.5191152755654838,1
Price,2022-03-15 07:00:00,457591,0.5191152755654838,1
Price,2022-03-15 08:00:00,457592,0.5905483776768596,1
Price,2022-03-15 09:00:00,457593,0.5485437736471503,1
Price,2022-03-15 10:00:00,457594,0.4529876008848286,1
n_targets,2022-03-15 10:00:00,457594,0.4529876008848286,1
Price,2022-03-15 11:00:00,457595,0.4962523153655229,1
n_targets,2022-03-15 11:00:00,457595,0.4962523153655229,1
Price,2022-03-15 12:00:00,457596,0.5173506807286723,1
n_targets,2022-03-15 12:00:00,457596,0.5173506807286723,1
Price,2022-03-15 13:00:00,457597,0.6325570105815481,1
n_targets,2022-03-15 13:00:00,457597,0.6325570105815481,1
Price,2022-03-15 14:00:00,457598,0.6902592883144227,1
Price,2022-03-15 15:00:00,457599,0.7379951075100657,1
CF_Solar,2022-03-15 16:00:00,457600,0.634806525864557,1
Price,2022-03-15 16:00:00,457600,0.634806525864557,1
CF_Solar,2022-03-15 17:00:00,457601,0.7194001506721535,1
Price,2022-03-15 17:00:00,457601,0.7194001506721535,1
Price,2022-03-16 06:00:00,457614,0.4328492751871813,1
Price,2022-03-16 07:00:00,457615,0.266238200682525,1
Price,2022-03-16 08:00:00,457616,0.1745890300502395,1
n_targets,2022-03-16 08:00:00,457616,0.1745890300502395,1
Price,2022-03-16 14:00:00,457622,0.0421735882851379,1
n_targets,2022-03-16 14:00:00,457622,0.0421735882851379,1
Price,2022-03-16 15:00:00,457623,0.0733319000338079,1
n_targets,2022-03-16 15:00:00,457623,0.0733319000338079,1
Price,2022-03-16 16:00:00,457624,0.0599464698522218,1
n_targets,2022-03-16 16:00:00,457624,0.0599464698522218,1
Price,2022-03-16 18:00:00,457626,0.3559037972458241,1
CF_Wind,2022-03-17 02:00:00,457634,0.6559396203073902,1
Price,2022-03-17 02:00:00,457634,0.6559396203073902,1
CF_Wind,2022-03-17 03:00:00,457635,0.8615921495121726,1
Price,2022-03-17 03:00:00,457635,0.8615921495121726,1
CF_Wind,2022-03-17 04:00:00,457636,0.6623919631788318,1
Price,2022-03-17 04:00:00,457636,0.6623919631788318,1
CF_Wind,2022-03-17 05:00:00,457637,0.6310346513407836,1
Price,2022-03-17 05:00:00,457637,0.6310346513407836,1
CF_Wind,2022-03-17 06:00:00,457638,0.6730740242708275,1
CF_Wind,2022-03-17 07:00:00,457639,0.76540777765879,1
CF_Wind,2022-03-17 08:00:00,457640,0.6478950861790522,1
Price,2022-03-17 08:00:00,457640,0.6478950861790522,1
CF_Wind,2022-03-17 09:00:00,457641,0.2826702992254433,1
Price,2022-03-17 09:00:00,457641,0.2826702992254433,1
CF_Wind,2022-03-17 10:00:00,457642,0.327135462215016,1
Price,2022-03-17 10:00:00,457642,0.327135462215016,1
CF_Wind,2022-03-17 11:00:00,457643,0.3295452093709041,1
CF_Wind,2022-03-17 12:00:00,457644,0.3893919677818136,1
CF_Wind,2022-03-17 13:00:00,457645,0.5165269691425731,1
Price,2022-03-17 13:00:00,457645,0.5165269691425731,1
CF_Wind,2022-03-17 14:00:00,457646,0.7666238919151542,1
Price,2022-03-17 14:00:00,457646,0.7666238919151542,1
CF_Wind,2022-03-17 15:00:00,457647,0.8296045518428248,1
CF_Wind,2022-03-17 16:00:00,457648,0.5774747296421927,1
CF_Wind,2022-03-17 17:00:00,457649,0.872861917807773,1
Load_MW,2022-03-17 17:00:00,457649,0.872861917807773,1
Load_MW,2022-03-17 18:00:00,457650,1.2437511358787163,1
Price,2022-03-18 03:00:00,457659,0.6063000228665236,1
Price,2022-03-18 04:00:00,457660,0.5725000229570218,1
Price,2022-03-18 05:00:00,457661,0.4879483388357957,1
n_targets,2022-03-18 05:00:00,457661,0.4879483388357957,1
Price,2022-03-18 06:00:00,457662,0.3673006037944644,1
CF_Wind,2022-03-18 08:00:00,457664,0.5801308992858125,1
CF_Wind,2022-03-18 09:00:00,457665,0.5458184928459808,1
Price,2022-03-18 09:00:00,457665,0.5458184928459808,1
CF_Wind,2022-03-18 10:00:00,457666,0.4602887886949105,1
Price,2022-03-18 10:00:00,457666,0.4602887886949105,1
CF_Wind,2022-03-18 11:00:00,457667,0.6760899857270104,1
Price,2022-03-18 11:00:00,457667,0.6760899857270104,1
CF_Wind,2022-03-18 12:00:00,457668,0.6826218330849294,1
Price,2022-03-18 12:00:00,457668,0.6826218330849294,1
CF_Wind,2022-03-18 13:00:00,457669,0.7017071545182985,1
Price,2022-03-18 13:00:00,457669,0.7017071545182985,1
CF_Wind,2022-03-18 14:00:00,457670,0.8006810176669956,1
Price,2022-03-18 14:00:00,457670,0.8006810176669956,1
CF_Wind,2022-03-18 15:00:00,457671,0.720067893748765,1
CF_Wind,2022-03-18 16:00:00,457672,0.6452360536214523,1
CF_Wind,2022-03-18 17:00:00,457673,0.7835356136564473,1
Load_MW,2022-03-18 17:00:00,457673,0.7835356136564473,1
Load_MW,2022-03-18 18:00:00,457674,0.7604788812193912,1
Price,2022-03-19 00:00:00,457680,0.2448785703174978,1
Price,2022-03-19 03:00:00,457683,0.4619097257157591,1
CF_Wind,2022-03-19 05:00:00,457685,0.3005519814322399,1
CF_Wind,2022-03-19 06:00:00,457686,0.233517645614389,1
n_targets,2022-03-19 06:00:00,457686,0.233517645614389,1
CF_Wind,2022-03-19 07:00:00,457687,0.4911249419005095,1
n_targets,2022-03-19 07:00:00,457687,0.4911249419005095,1
CF_Wind,2022-03-19 08:00:00,457688,0.4587937005949851,1
n_targets,2022-03-19 08:00:00,457688,0.4587937005949851,1
CF_Wind,2022-03-19 09:00:00,457689,0.4730783351397136,1
n_targets,2022-03-19 09:00:00,457689,0.4730783351397136,1
CF_Wind,2022-03-19 10:00:00,457690,0.4278960509735587,1
n_targets,2022-03-19 10:00:00,457690,0.4278960509735587,1
CF_Wind,2022-03-19 11:00:00,457691,0.4773002182123362,1
n_targets,2022-03-19 11:00:00,457691,0.4773002182123362,1
CF_Wind,2022-03-19 12:00:00,457692,0.4129144851944617,1
n_targets,2022-03-19 12:00:00,457692,0.4129144851944617,1
CF_Wind,2022-03-19 13:00:00,457693,0.3985371717078734,1
n_targets,2022-03-19 13:00:00,457693,0.3985371717078734,1
CF_Wind,2022-03-19 14:00:00,457694,0.4475461664717357,1
n_targets,2022-03-19 14:00:00,457694,0.4475461664717357,1
CF_Wind,2022-03-19 15:00:00,457695,0.4237740443072857,1
Load_MW,2022-03-20 16:00:00,457720,0.1155162383054957,1
n_targets,2022-03-20 16:00:00,457720,0.1155162383054957,1
Load_MW,2022-03-20 17:00:00,457721,0.0551539074879783,1
n_targets,2022-03-20 17:00:00,457721,0.0551539074879783,1
n_targets,2022-03-20 18:00:00,457722,0.0269874555959412,1
CF_Wind,2022-03-21 16:00:00,457744,0.1593153815197407,1
n_targets,2022-03-21 16:00:00,457744,0.1593153815197407,1
CF_Wind,2022-03-21 17:00:00,457745,0.1669404006057697,1
CF_Wind,2022-03-21 18:00:00,457746,0.447416396086981,1
CF_Wind,2022-03-22 05:00:00,457757,1.0782525327197214,1
Price,2022-03-22 05:00:00,457757,1.0782525327197214,1
CF_Wind,2022-03-22 06:00:00,457758,1.023902314121769,1
Price,2022-03-22 06:00:00,457758,1.023902314121769,1
CF_Wind,2022-03-22 07:00:00,457759,0.9620309827846116,1
Price,2022-03-22 07:00:00,457759,0.9620309827846116,1
CF_Wind,2022-03-22 08:00:00,457760,0.4845606197031928,1
Price,2022-03-22 08:00:00,457760,0.4845606197031928,1
CF_Wind,2022-03-22 09:00:00,457761,0.2216431707016071,1
CF_Wind,2022-03-22 10:00:00,457762,0.2044149002648856,1
CF_Wind,2022-03-22 11:00:00,457763,0.5232712408194655,1
n_targets,2022-03-22 11:00:00,457763,0.5232712408194655,1
CF_Wind,2022-03-22 12:00:00,457764,0.7077844870772576,1
n_targets,2022-03-22 12:00:00,457764,0.7077844870772576,1
CF_Wind,2022-03-22 13:00:00,457765,0.8944636408989388,1
n_targets,2022-03-22 13:00:00,457765,0.8944636408989388,1
CF_Wind,2022-03-22 14:00:00,457766,1.1749400633921072,1
CF_Wind,2022-03-22 15:00:00,457767,1.1168755638783692,1
CF_Wind,2022-03-22 16:00:00,457768,0.887300306237188,1
CF_Wind,2022-03-22 17:00:00,457769,0.8495298881636371,1
CF_Wind,2022-03-22 18:00:00,457770,0.8287592174793972,1
CF_Wind,2022-03-23 05:00:00,457781,1.2164142729523546,1
Price,2022-03-23 05:00:00,457781,1.2164142729523546,1
CF_Wind,2022-03-23 06:00:00,457782,1.028574133733822,1
Price,2022-03-23 06:00:00,457782,1.028574133733822,1
CF_Wind,2022-03-23 07:00:00,457783,0.8932144389870327,1
Price,2022-03-23 07:00:00,457783,0.8932144389870327,1
CF_Wind,2022-03-23 08:00:00,457784,0.5596998020841517,1
Price,2022-03-23 08:00:00,457784,0.5596998020841517,1
CF_Wind,2022-03-23 09:00:00,457785,0.2983560576146431,1
CF_Wind,2022-03-23 10:00:00,457786,0.382451930059416,1
CF_Wind,2022-03-23 11:00:00,457787,0.6912763642939077,1
n_targets,2022-03-23 11:00:00,457787,0.6912763642939077,1
CF_Wind,2022-03-23 12:00:00,457788,0.7981454797550345,1
n_targets,2022-03-23 12:00:00,457788,0.7981454797550345,1
CF_Wind,2022-03-23 13:00:00,457789,0.8535933166780707,1
n_targets,2022-03-23 13:00:00,457789,0.8535933166780707,1
CF_Wind,2022-03-23 14:00:00,457790,0.9354768692237212,1
n_targets,2022-03-23 14:00:00,457790,0.9354768692237212,1
CF_Wind,2022-03-23 15:00:00,457791,0.7584202901320132,1
n_targets,2022-03-23 15:00:00,457791,0.7584202901320132,1
CF_Wind,2022-03-23 16:00:00,457792,0.6515349090033233,1
n_targets,2022-03-23 16:00:00,457792,0.6515349090033233,1
CF_Wind,2022-03-23 17:00:00,457793,0.6910773396673637,1
CF_Wind,2022-03-23 18:00:00,457794,0.9421757937290668,1
Price,2022-03-24 06:00:00,457806,0.4271425283651422,1
Price,2022-03-24 07:00:00,457807,0.2366670954681213,1
Price,2022-03-24 08:00:00,457808,0.0273116212144668,1
CF_Wind,2022-03-24 12:00:00,457812,0.4292572393681786,1
n_targets,2022-03-24 12:00:00,457812,0.4292572393681786,1
CF_Wind,2022-03-24 13:00:00,457813,0.3694939587894761,1
n_targets,2022-03-24 13:00:00,457813,0.3694939587894761,1
CF_Wind,2022-03-24 14:00:00,457814,0.3625459854298596,1
CF_Wind,2022-03-24 15:00:00,457815,0.3758187466988272,1
CF_Wind,2022-03-24 16:00:00,457816,0.3444568185096623,1
CF_Wind,2022-03-24 17:00:00,457817,0.4778393400577909,1
CF_Wind,2022-03-25 05:00:00,457829,0.6566209757289967,1
Price,2022-03-25 05:00:00,457829,0.6566209757289967,1
Price,2022-03-25 08:00:00,457832,0.3806737009827892,1
CF_Wind,2022-03-25 09:00:00,457833,0.1015372126572655,1
CF_Wind,2022-03-25 10:00:00,457834,0.354486066004307,1
CF_Wind,2022-03-25 11:00:00,457835,0.5159202709664847,1
CF_Wind,2022-03-25 12:00:00,457836,0.5952758061582735,1
CF_Wind,2022-03-25 13:00:00,457837,0.8259294668495896,1
CF_Wind,2022-03-25 14:00:00,457838,1.012797872054405,1
CF_Wind,2022-03-25 15:00:00,457839,0.787478567818845,1
CF_Wind,2022-03-25 16:00:00,457840,0.4575887271030818,1
Price,2022-03-25 16:00:00,457840,0.4575887271030818,1
CF_Wind,2022-03-25 17:00:00,457841,0.444060151403997,1
Price,2022-03-25 17:00:00,457841,0.444060151403997,1
Price,2022-03-25 18:00:00,457842,0.5542888175717042,1
CF_Wind,2022-03-26 04:00:00,457852,0.4950874158061544,1
Price,2022-03-26 04:00:00,457852,0.4950874158061544,1
CF_Wind,2022-03-26 05:00:00,457853,0.2984311569345748,1
CF_Wind,2022-03-26 06:00:00,457854,0.4260779157155341,1
CF_Wind,2022-03-26 07:00:00,457855,0.7383181861310311,1
n_targets,2022-03-26 07:00:00,457855,0.7383181861310311,1
CF_Wind,2022-03-26 08:00:00,457856,0.5454430021069243,1
n_targets,2022-03-26 08:00:00,457856,0.5454430021069243,1
CF_Wind,2022-03-26 09:00:00,457857,0.529723458977531,1
n_targets,2022-03-26 09:00:00,457857,0.529723458977531,1
CF_Wind,2022-03-26 10:00:00,457858,0.5705906393636802,1
n_targets,2022-03-26 10:00:00,457858,0.5705906393636802,1
CF_Wind,2022-03-26 11:00:00,457859,0.6839378841199328,1
n_targets,2022-03-26 11:00:00,457859,0.6839378841199328,1
CF_Wind,2022-03-26 12:00:00,457860,0.5753287543525725,1
n_targets,2022-03-26 12:00:00,457860,0.5753287543525725,1
CF_Wind,2022-03-26 13:00:00,457861,0.5203239034653231,1
n_targets,2022-03-26 13:00:00,457861,0.5203239034653231,1
CF_Wind,2022-03-26 14:00:00,457862,0.5406383813723981,1
n_targets,2022-03-26 14:00:00,457862,0.5406383813723981,1
CF_Wind,2022-03-26 15:00:00,457863,0.3076108059053444,1
n_targets,2022-03-26 15:00:00,457863,0.3076108059053444,1
CF_Wind,2022-03-26 16:00:00,457864,0.1405691955993397,1
n_targets,2022-03-26 16:00:00,457864,0.1405691955993397,1
CF_Wind,2022-03-27 08:00:00,457880,0.1559192944883816,1
n_targets,2022-03-27 08:00:00,457880,0.1559192944883816,1
CF_Wind,2022-03-27 09:00:00,457881,0.0657219896612248,1
n_targets,2022-03-27 09:00:00,457881,0.0657219896612248,1
CF_Wind,2022-03-27 10:00:00,457882,0.2000859667914238,1
n_targets,2022-03-27 10:00:00,457882,0.2000859667914238,1
CF_Wind,2022-03-27 11:00:00,457883,0.3882521916207659,1
n_targets,2022-03-27 11:00:00,457883,0.3882521916207659,1
CF_Wind,2022-03-27 12:00:00,457884,0.6150468067934223,1
n_targets,2022-03-27 12:00:00,457884,0.6150468067934223,1
CF_Wind,2022-03-27 13:00:00,457885,0.7747426213498403,1
n_targets,2022-03-27 13:00:00,457885,0.7747426213498403,1
CF_Wind,2022-03-27 14:00:00,457886,1.00328286698611,1
n_targets,2022-03-27 14:00:00,457886,1.00328286698611,1
CF_Wind,2022-03-27 15:00:00,457887,1.0552191932641768,1
n_targets,2022-03-27 15:00:00,457887,1.0552191932641768,1
CF_Wind,2022-03-27 16:00:00,457888,0.7149260173205101,1
n_targets,2022-03-27 16:00:00,457888,0.7149260173205101,1
CF_Wind,2022-03-27 17:00:00,457889,0.3962413520731158,1
n_targets,2022-03-27 17:00:00,457889,0.3962413520731158,1
CF_Wind,2022-03-27 18:00:00,457890,0.2833115225042557,1
n_targets,2022-03-27 18:00:00,457890,0.2833115225042557,1
CF_Solar,2022-03-28 06:00:00,457902,0.7542079715310945,1
CF_Wind,2022-03-28 06:00:00,457902,0.7542079715310945,1
CF_Wind,2022-03-28 07:00:00,457903,0.5422761540226009,1
Price,2022-03-28 07:00:00,457903,0.5422761540226009,1
CF_Wind,2022-03-28 08:00:00,457904,0.3362288220438665,1
CF_Wind,2022-03-28 09:00:00,457905,0.3734060870607569,1
CF_Wind,2022-03-28 10:00:00,457906,0.5119761460785237,1
n_targets,2022-03-28 10:00:00,457906,0.5119761460785237,1
CF_Wind,2022-03-28 11:00:00,457907,0.76107576610143,1
n_targets,2022-03-28 11:00:00,457907,0.76107576610143,1
CF_Wind,2022-03-28 12:00:00,457908,0.8601453537804065,1
n_targets,2022-03-28 12:00:00,457908,0.8601453537804065,1
CF_Wind,2022-03-28 13:00:00,457909,0.9114662225442642,1
n_targets,2022-03-28 13:00:00,457909,0.9114662225442642,1
CF_Wind,2022-03-28 14:00:00,457910,1.0146732616428462,1
n_targets,2022-03-28 14:00:00,457910,1.0146732616428462,1
CF_Wind,2022-03-28 15:00:00,457911,1.0745719236055056,1
n_targets,2022-03-28 15:00:00,457911,1.0745719236055056,1
CF_Wind,2022-03-28 16:00:00,457912,0.8177505759312909,1
CF_Wind,2022-03-28 17:00:00,457913,0.6337400294065585,1
CF_Wind,2022-03-28 18:00:00,457914,0.8821442380878757,1
Price,2022-03-28 18:00:00,457914,0.8821442380878757,1
CF_Wind,2022-03-29 05:00:00,457925,1.0075279841909006,1
Price,2022-03-29 05:00:00,457925,1.0075279841909006,1
CF_Wind,2022-03-29 06:00:00,457926,0.8355927687983775,1
Price,2022-03-29 06:00:00,457926,0.8355927687983775,1
CF_Wind,2022-03-29 07:00:00,457927,0.5060651992172356,1
Price,2022-03-29 07:00:00,457927,0.5060651992172356,1
CF_Wind,2022-03-29 08:00:00,457928,0.2870098652498878,1
Price,2022-03-29 08:00:00,457928,0.2870098652498878,1
CF_Wind,2022-03-29 09:00:00,457929,0.3110012913315576,1
Price,2022-03-29 09:00:00,457929,0.3110012913315576,1
CF_Wind,2022-03-29 10:00:00,457930,0.2483372536334882,1
Price,2022-03-29 10:00:00,457930,0.2483372536334882,1
CF_Wind,2022-03-29 11:00:00,457931,0.3383557872460383,1
Price,2022-03-29 11:00:00,457931,0.3383557872460383,1
CF_Wind,2022-03-29 12:00:00,457932,0.3289404096576029,1
CF_Wind,2022-03-29 13:00:00,457933,0.4282139866546033,1
CF_Wind,2022-03-29 14:00:00,457934,0.4644192519550663,1
CF_Wind,2022-03-29 15:00:00,457935,0.445941517051565,1
Price,2022-03-29 15:00:00,457935,0.445941517051565,1
CF_Wind,2022-03-29 16:00:00,457936,0.530576955801791,1
Price,2022-03-29 16:00:00,457936,0.530576955801791,1
CF_Wind,2022-03-29 17:00:00,457937,0.7496475139286141,1
Price,2022-03-29 17:00:00,457937,0.7496475139286141,1
CF_Wind,2022-03-29 18:00:00,457938,0.6865376771064928,1
Price,2022-03-29 18:00:00,457938,0.6865376771064928,1
CF_Wind,2022-03-30 04:00:00,457948,1.3506177175446372,1
Price,2022-03-30 04:00:00,457948,1.3506177175446372,1
CF_Wind,2022-03-30 05:00:00,457949,1.1689335396313727,1
Price,2022-03-30 05:00:00,457949,1.1689335396313727,1
CF_Wind,2022-03-30 06:00:00,457950,0.9936219677542024,1
Price,2022-03-30 06:00:00,457950,0.9936219677542024,1
CF_Wind,2022-03-30 07:00:00,457951,0.8875697518863037,1
Price,2022-03-30 07:00:00,457951,0.8875697518863037,1
CF_Wind,2022-03-30 08:00:00,457952,0.8676168106141045,1
Price,2022-03-30 08:00:00,457952,0.8676168106141045,1
CF_Wind,2022-03-30 09:00:00,457953,0.6933191598737682,1
Price,2022-03-30 09:00:00,457953,0.6933191598737682,1
CF_Wind,2022-03-30 10:00:00,457954,0.6552193137760469,1
Price,2022-03-30 10:00:00,457954,0.6552193137760469,1
CF_Wind,2022-03-30 11:00:00,457955,0.5107475320943979,1
Price,2022-03-30 11:00:00,457955,0.5107475320943979,1
CF_Wind,2022-03-30 12:00:00,457956,0.3935654806393414,1
Price,2022-03-30 12:00:00,457956,0.3935654806393414,1
Price,2022-03-30 13:00:00,457957,0.3669344694552652,1
Price,2022-03-30 14:00:00,457958,0.3169283172981876,1
Price,2022-03-30 15:00:00,457959,0.2003816404048675,1
n_targets,2022-03-30 15:00:00,457959,0.2003816404048675,1
Price,2022-03-30 16:00:00,457960,0.08424600333811,1
n_targets,2022-03-30 16:00:00,457960,0.08424600333811,1
Price,2022-03-30 17:00:00,457961,0.2918167808490353,1
Price,2022-03-30 18:00:00,457962,0.3889622176944141,1
CF_Wind,2022-03-31 00:00:00,457968,1.236567679822828,1
Price,2022-03-31 00:00:00,457968,1.236567679822828,1
CF_Wind,2022-03-31 01:00:00,457969,1.2993058384804714,1
Price,2022-03-31 01:00:00,457969,1.2993058384804714,1
CF_Wind,2022-03-31 02:00:00,457970,1.0978878796397924,1
Price,2022-03-31 02:00:00,457970,1.0978878796397924,1
CF_Wind,2022-03-31 05:00:00,457973,0.7010336622335451,1
Price,2022-03-31 05:00:00,457973,0.7010336622335451,1
Price,2022-03-31 06:00:00,457974,0.461786162705506,1
CF_Solar,2022-03-31 08:00:00,457976,0.4345578433083514,1
CF_Solar,2022-03-31 09:00:00,457977,0.2780773669656893,1
Load_MW,2022-03-31 09:00:00,457977,0.2780773669656893,1
Load_MW,2022-03-31 10:00:00,457978,0.1021610877724583,1
Load_MW,2022-03-31 11:00:00,457979,0.1358810873062015,1
Load_MW,2022-03-31 12:00:00,457980,0.1621608198146915,1
Load_MW,2022-03-31 13:00:00,457981,0.1105986898774755,1
Load_MW,2022-03-31 14:00:00,457982,0.0349836376031063,1
CF_Solar,2022-04-01 06:00:00,457998,0.3392312884442612,1
Price,2022-04-01 06:00:00,457998,0.3392312884442612,1
CF_Solar,2022-04-01 07:00:00,457999,0.3045225336351755,1
CF_Solar,2022-04-01 08:00:00,458000,0.142129464803522,1
Load_MW,2022-04-01 13:00:00,458005,0.4359314869869641,1
Load_MW,2022-04-01 14:00:00,458006,0.3237599212332012,1
CF_Solar,2022-04-02 06:00:00,458022,0.131329868731866,1
n_targets,2022-04-02 06:00:00,458022,0.131329868731866,1
CF_Solar,2022-04-02 07:00:00,458023,0.4048197536593003,1
CF_Wind,2022-04-02 09:00:00,458025,0.2720540742752233,1
CF_Wind,2022-04-02 10:00:00,458026,0.2748566662157377,1
n_targets,2022-04-02 10:00:00,458026,0.2748566662157377,1
CF_Wind,2022-04-02 11:00:00,458027,0.225454643663159,1
n_targets,2022-04-02 11:00:00,458027,0.225454643663159,1
CF_Wind,2022-04-02 12:00:00,458028,0.0392494347463616,1
Load_MW,2022-04-02 14:00:00,458030,0.202007955809051,1
CF_Solar,2022-04-03 05:00:00,458045,0.1141949396482433,1
CF_Wind,2022-04-03 09:00:00,458049,0.2688107234601264,1
n_targets,2022-04-03 09:00:00,458049,0.2688107234601264,1
CF_Wind,2022-04-03 10:00:00,458050,0.0634489197122831,1
n_targets,2022-04-03 10:00:00,458050,0.0634489197122831,1
Price,2022-04-04 05:00:00,458069,0.5545092864942034,1
Price,2022-04-04 06:00:00,458070,0.3381632664435752,1
Price,2022-04-04 07:00:00,458071,0.3417875775079719,1
Price,2022-04-04 08:00:00,458072,0.1956710123282727,1
Price,2022-04-04 09:00:00,458073,0.1904552768055356,1
Price,2022-04-04 10:00:00,458074,0.0205471188196142,1
n_targets,2022-04-04 10:00:00,458074,0.0205471188196142,1
n_targets,2022-04-05 04:00:00,458092,0.1745736495876899,1
n_targets,2022-04-05 05:00:00,458093,0.2953315626762087,1
Price,2022-04-05 06:00:00,458094,0.1213908155098952,1
n_targets,2022-04-05 06:00:00,458094,0.1213908155098952,1
Price,2022-04-05 13:00:00,458101,0.0334969884320823,1
n_targets,2022-04-05 13:00:00,458101,0.0334969884320823,1
Price,2022-04-05 14:00:00,458102,0.0030266431415633,1
n_targets,2022-04-05 14:00:00,458102,0.0030266431415633,1
n_targets,2022-04-05 15:00:00,458103,0.3081978057060404,1
n_targets,2022-04-05 16:00:00,458104,0.2739244409319596,1
CF_Solar,2022-04-05 17:00:00,458105,0.1358647642140507,1
CF_Solar,2022-04-05 18:00:00,458106,0.2632514311911045,1
Load_MW,2022-04-06 11:00:00,458123,0.0026820017979978,1
n_targets,2022-04-06 11:00:00,458123,0.0026820017979978,1
Load_MW,2022-04-06 12:00:00,458124,0.2628992404905332,1
n_targets,2022-04-06 12:00:00,458124,0.2628992404905332,1
Load_MW,2022-04-06 13:00:00,458125,0.3101355336484692,1
n_targets,2022-04-06 13:00:00,458125,0.3101355336484692,1
Load_MW,2022-04-06 14:00:00,458126,0.4267776810030284,1
n_targets,2022-04-06 14:00:00,458126,0.4267776810030284,1
Load_MW,2022-04-06 15:00:00,458127,0.3278201640347389,1
n_targets,2022-04-06 15:00:00,458127,0.3278201640347389,1
Load_MW,2022-04-06 23:00:00,458135,0.6315302028465017,1
Load_MW,2022-04-07 00:00:00,458136,1.2353240711012194,1
Load_MW,2022-04-07 01:00:00,458137,0.4924179535611273,1
n_targets,2022-04-07 01:00:00,458137,0.4924179535611273,1
Load_MW,2022-04-07 02:00:00,458138,0.0741908809697384,1
n_targets,2022-04-07 02:00:00,458138,0.0741908809697384,1
Load_MW,2022-04-07 10:00:00,458146,0.0645627417971916,1
n_targets,2022-04-07 10:00:00,458146,0.0645627417971916,1
Load_MW,2022-04-07 22:00:00,458158,0.7311275214469084,1
n_targets,2022-04-07 22:00:00,458158,0.7311275214469084,1
Load_MW,2022-04-07 23:00:00,458159,0.099393601887556,1
n_targets,2022-04-07 23:00:00,458159,0.099393601887556,1
CF_Solar,2022-04-08 05:00:00,458165,0.3680486846733084,1
n_targets,2022-04-08 05:00:00,458165,0.3680486846733084,1
CF_Solar,2022-04-08 06:00:00,458166,0.2913430355724253,1
CF_Wind,2022-04-08 08:00:00,458168,0.4279612375253061,1
CF_Wind,2022-04-08 09:00:00,458169,0.4755145245314121,1
n_targets,2022-04-08 09:00:00,458169,0.4755145245314121,1
CF_Wind,2022-04-08 10:00:00,458170,0.1637456818810843,1
Load_MW,2022-04-08 14:00:00,458174,0.1161211315419405,1
n_targets,2022-04-08 14:00:00,458174,0.1161211315419405,1
Load_MW,2022-04-08 15:00:00,458175,0.1029485342152223,1
n_targets,2022-04-08 15:00:00,458175,0.1029485342152223,1
n_targets,2022-04-08 16:00:00,458176,0.0589369962517223,1
n_targets,2022-04-08 17:00:00,458177,0.0132592615947031,1
CF_Solar,2022-04-11 05:00:00,458237,0.8220699062741474,1
Price,2022-04-11 05:00:00,458237,0.8220699062741474,1
Price,2022-04-11 06:00:00,458238,0.5501267866826485,1
Price,2022-04-11 07:00:00,458239,0.1521951761363273,1
Price,2022-04-11 08:00:00,458240,0.1087746309978821,1
Price,2022-04-11 09:00:00,458241,0.0797226649950779,1
n_targets,2022-04-11 09:00:00,458241,0.0797226649950779,1
CF_Wind,2022-04-11 13:00:00,458245,0.2883533973875414,1
n_targets,2022-04-11 13:00:00,458245,0.2883533973875414,1
CF_Wind,2022-04-11 14:00:00,458246,0.7130605765073077,1
CF_Wind,2022-04-11 15:00:00,458247,0.7880859368660944,1
CF_Wind,2022-04-11 16:00:00,458248,0.5922024969431119,1
Price,2022-04-11 16:00:00,458248,0.5922024969431119,1
CF_Wind,2022-04-11 17:00:00,458249,0.4754231202678067,1
Price,2022-04-11 17:00:00,458249,0.4754231202678067,1
CF_Wind,2022-04-11 18:00:00,458250,0.5599924174613415,1
Price,2022-04-11 18:00:00,458250,0.5599924174613415,1
Price,2022-04-12 04:00:00,458260,0.4141942391594955,1
Price,2022-04-12 05:00:00,458261,0.3129125350566646,1
CF_Wind,2022-04-12 07:00:00,458263,0.7536631478491735,1
CF_Wind,2022-04-12 08:00:00,458264,0.4541270225508711,1
n_targets,2022-04-12 08:00:00,458264,0.4541270225508711,1
CF_Wind,2022-04-12 09:00:00,458265,0.2434085147995568,1
n_targets,2022-04-12 09:00:00,458265,0.2434085147995568,1
CF_Wind,2022-04-12 10:00:00,458266,0.0094208722089792,1
n_targets,2022-04-12 10:00:00,458266,0.0094208722089792,1
CF_Wind,2022-04-12 11:00:00,458267,0.0769669304641618,1
n_targets,2022-04-12 11:00:00,458267,0.0769669304641618,1
CF_Wind,2022-04-12 12:00:00,458268,0.1687419545364372,1
n_targets,2022-04-12 12:00:00,458268,0.1687419545364372,1
CF_Wind,2022-04-12 13:00:00,458269,0.2201600812106749,1
n_targets,2022-04-12 13:00:00,458269,0.2201600812106749,1
CF_Wind,2022-04-12 14:00:00,458270,0.2176867720190354,1
n_targets,2022-04-12 14:00:00,458270,0.2176867720190354,1
CF_Wind,2022-04-12 15:00:00,458271,0.4487178704837282,1
n_targets,2022-04-12 15:00:00,458271,0.4487178704837282,1
CF_Wind,2022-04-12 16:00:00,458272,0.3622931487428635,1
n_targets,2022-04-12 16:00:00,458272,0.3622931487428635,1
CF_Wind,2022-04-12 17:00:00,458273,0.0544154859815311,1
n_targets,2022-04-12 17:00:00,458273,0.0544154859815311,1
CF_Solar,2022-04-13 05:00:00,458285,0.2915840300333563,1
Price,2022-04-13 05:00:00,458285,0.2915840300333563,1
Price,2022-04-13 06:00:00,458286,0.01458525159274,1
CF_Wind,2022-04-13 16:00:00,458296,0.1635732742243041,1
CF_Wind,2022-04-13 17:00:00,458297,0.2125379678817678,1
CF_Solar,2022-04-14 05:00:00,458309,0.4982988971252802,1
Price,2022-04-14 05:00:00,458309,0.4982988971252802,1
Price,2022-04-14 06:00:00,458310,0.2452217333223953,1
Price,2022-04-14 07:00:00,458311,0.0733759726677161,1
Price,2022-04-14 08:00:00,458312,0.0694266488801917,1
n_targets,2022-04-14 08:00:00,458312,0.0694266488801917,1
Price,2022-04-14 09:00:00,458313,0.0873949054194298,1
Load_MW,2022-04-14 15:00:00,458319,0.1956358152881439,1
Load_MW,2022-04-14 16:00:00,458320,0.1248661700072579,1
CF_Solar,2022-04-15 05:00:00,458333,0.1382439525437089,1
Load_MW,2022-04-15 15:00:00,458343,0.0719218835004125,1
Load_MW,2022-04-15 16:00:00,458344,0.1051291187439471,1
CF_Solar,2022-04-16 05:00:00,458357,0.2656091050667679,1
Load_MW,2022-04-16 13:00:00,458365,0.4206188241674318,1
n_targets,2022-04-16 13:00:00,458365,0.4206188241674318,1
Load_MW,2022-04-16 14:00:00,458366,0.4122195664431272,1
n_targets,2022-04-16 14:00:00,458366,0.4122195664431272,1
Load_MW,2022-04-16 15:00:00,458367,0.1281922138361066,1
n_targets,2022-04-16 15:00:00,458367,0.1281922138361066,1
Load_MW,2022-04-17 13:00:00,458389,0.390966876994212,1
n_targets,2022-04-17 13:00:00,458389,0.390966876994212,1
Load_MW,2022-04-17 14:00:00,458390,0.3114630581975752,1
n_targets,2022-04-17 14:00:00,458390,0.3114630581975752,1
Load_MW,2022-04-17 15:00:00,458391,0.189130387716689,1
n_targets,2022-04-17 15:00:00,458391,0.189130387716689,1
CF_Solar,2022-04-19 05:00:00,458429,1.3755986054014893,1
CF_Wind,2022-04-19 05:00:00,458429,1.3755986054014893,1
Price,2022-04-19 05:00:00,458429,1.3755986054014893,1
CF_Solar,2022-04-19 06:00:00,458430,0.6198953086730863,1
CF_Wind,2022-04-19 06:00:00,458430,0.6198953086730863,1
Price,2022-04-19 06:00:00,458430,0.6198953086730863,1
CF_Solar,2022-04-19 07:00:00,458431,0.4869082980239898,1
CF_Wind,2022-04-19 07:00:00,458431,0.4869082980239898,1
CF_Solar,2022-04-19 08:00:00,458432,0.2868202150218684,1
CF_Wind,2022-04-19 08:00:00,458432,0.2868202150218684,1
CF_Wind,2022-04-19 09:00:00,458433,0.1774847657214844,1
CF_Wind,2022-04-19 10:00:00,458434,0.3859120986761204,1
CF_Wind,2022-04-19 11:00:00,458435,0.4983426470500114,1
n_targets,2022-04-19 11:00:00,458435,0.4983426470500114,1
CF_Wind,2022-04-19 12:00:00,458436,0.4003997254608762,1
CF_Wind,2022-04-19 13:00:00,458437,0.4429134931357648,1
CF_Wind,2022-04-19 14:00:00,458438,0.7272174674895644,1
Price,2022-04-19 14:00:00,458438,0.7272174674895644,1
CF_Wind,2022-04-19 15:00:00,458439,0.586076158771631,1
Price,2022-04-19 15:00:00,458439,0.586076158771631,1
CF_Wind,2022-04-19 16:00:00,458440,0.4948022327750732,1
CF_Wind,2022-04-19 17:00:00,458441,0.6308948787446065,1
CF_Wind,2022-04-19 18:00:00,458442,1.248383689808468,1
Price,2022-04-20 01:00:00,458449,0.208409878410045,1
Price,2022-04-20 02:00:00,458450,0.2090448845771195,1
Price,2022-04-20 03:00:00,458451,0.35377942685426,1
Price,2022-04-20 04:00:00,458452,0.765476546087537,1
CF_Wind,2022-04-20 05:00:00,458453,0.6125792711471036,1
Price,2022-04-20 05:00:00,458453,0.6125792711471036,1
CF_Wind,2022-04-20 06:00:00,458454,0.3670361991339026,1
CF_Wind,2022-04-20 07:00:00,458455,0.2747992456957182,1
CF_Wind,2022-04-20 08:00:00,458456,0.028156234746326,1
n_targets,2022-04-20 08:00:00,458456,0.028156234746326,1
CF_Wind,2022-04-20 09:00:00,458457,0.0452290121268947,1
n_targets,2022-04-20 09:00:00,458457,0.0452290121268947,1
CF_Wind,2022-04-20 10:00:00,458458,0.1663075238228704,1
n_targets,2022-04-20 10:00:00,458458,0.1663075238228704,1
CF_Wind,2022-04-20 11:00:00,458459,0.3961346043329383,1
n_targets,2022-04-20 11:00:00,458459,0.3961346043329383,1
CF_Wind,2022-04-20 12:00:00,458460,0.5113124633625288,1
n_targets,2022-04-20 12:00:00,458460,0.5113124633625288,1
CF_Wind,2022-04-20 13:00:00,458461,0.6812048037281315,1
n_targets,2022-04-20 13:00:00,458461,0.6812048037281315,1
CF_Wind,2022-04-20 14:00:00,458462,0.7653978725856665,1
n_targets,2022-04-20 14:00:00,458462,0.7653978725856665,1
CF_Wind,2022-04-20 15:00:00,458463,0.7902024519382342,1
n_targets,2022-04-20 15:00:00,458463,0.7902024519382342,1
CF_Wind,2022-04-20 16:00:00,458464,0.7168509187508179,1
n_targets,2022-04-20 16:00:00,458464,0.7168509187508179,1
CF_Wind,2022-04-20 17:00:00,458465,0.6394161668293394,1
n_targets,2022-04-20 17:00:00,458465,0.6394161668293394,1
CF_Wind,2022-04-20 18:00:00,458466,0.8080661927510493,1
CF_Wind,2022-04-21 01:00:00,458473,0.6243236719809544,1
Price,2022-04-21 01:00:00,458473,0.6243236719809544,1
CF_Wind,2022-04-21 02:00:00,458474,0.6166935414304815,1
Price,2022-04-21 02:00:00,458474,0.6166935414304815,1
CF_Wind,2022-04-21 03:00:00,458475,0.7005120621993948,1
Price,2022-04-21 03:00:00,458475,0.7005120621993948,1
CF_Wind,2022-04-21 04:00:00,458476,0.6793464898037755,1
Price,2022-04-21 04:00:00,458476,0.6793464898037755,1
CF_Wind,2022-04-21 05:00:00,458477,0.5788395309998924,1
Price,2022-04-21 05:00:00,458477,0.5788395309998924,1
CF_Wind,2022-04-21 06:00:00,458478,0.5723696364894346,1
CF_Wind,2022-04-21 07:00:00,458479,0.5958543755357821,1
CF_Wind,2022-04-21 08:00:00,458480,0.4674551305577008,1
n_targets,2022-04-21 08:00:00,458480,0.4674551305577008,1
CF_Wind,2022-04-21 09:00:00,458481,0.5099739275956852,1
n_targets,2022-04-21 09:00:00,458481,0.5099739275956852,1
CF_Wind,2022-04-21 10:00:00,458482,0.6311712494851771,1
n_targets,2022-04-21 10:00:00,458482,0.6311712494851771,1
CF_Wind,2022-04-21 11:00:00,458483,0.7479572075719938,1
n_targets,2022-04-21 11:00:00,458483,0.7479572075719938,1
CF_Wind,2022-04-21 12:00:00,458484,0.6916213254411554,1
n_targets,2022-04-21 12:00:00,458484,0.6916213254411554,1
CF_Wind,2022-04-21 13:00:00,458485,0.6810311578206016,1
n_targets,2022-04-21 13:00:00,458485,0.6810311578206016,1
CF_Wind,2022-04-21 14:00:00,458486,0.6460131249329562,1
n_targets,2022-04-21 14:00:00,458486,0.6460131249329562,1
CF_Wind,2022-04-21 15:00:00,458487,0.5187364843707936,1
n_targets,2022-04-21 15:00:00,458487,0.5187364843707936,1
CF_Wind,2022-04-21 16:00:00,458488,0.212721390786492,1
n_targets,2022-04-21 16:00:00,458488,0.212721390786492,1
CF_Wind,2022-04-21 17:00:00,458489,0.0297868896100894,1
n_targets,2022-04-21 17:00:00,458489,0.0297868896100894,1
CF_Wind,2022-04-21 18:00:00,458490,0.0258718163924285,1
n_targets,2022-04-21 18:00:00,458490,0.0258718163924285,1
CF_Wind,2022-04-21 19:00:00,458491,0.0041505169380262,1
n_targets,2022-04-21 19:00:00,458491,0.0041505169380262,1
CF_Wind,2022-04-21 20:00:00,458492,0.0229859455200682,1
n_targets,2022-04-21 20:00:00,458492,0.0229859455200682,1
CF_Wind,2022-04-21 21:00:00,458493,0.1142905254479913,1
n_targets,2022-04-21 21:00:00,458493,0.1142905254479913,1
CF_Solar,2022-04-22 05:00:00,458501,0.0470383960379154,1
Price,2022-04-22 05:00:00,458501,0.0470383960379154,1
n_targets,2022-04-22 23:00:00,458519,0.3100146809814919,1
Load_MW,2022-04-23 00:00:00,458520,0.2580273383935234,1
n_targets,2022-04-23 00:00:00,458520,0.2580273383935234,1
Load_MW,2022-04-23 01:00:00,458521,0.2176825913113753,1
n_targets,2022-04-23 01:00:00,458521,0.2176825913113753,1
Load_MW,2022-04-23 02:00:00,458522,0.1375312510115525,1
n_targets,2022-04-23 02:00:00,458522,0.1375312510115525,1
Load_MW,2022-04-23 03:00:00,458523,0.1436935482787362,1
n_targets,2022-04-23 03:00:00,458523,0.1436935482787362,1
Load_MW,2022-04-23 04:00:00,458524,0.0871898969110225,1
n_targets,2022-04-23 04:00:00,458524,0.0871898969110225,1
Load_MW,2022-04-23 14:00:00,458534,0.3601597363416839,1
CF_Wind,2022-04-23 15:00:00,458535,0.3984705733372016,1
Load_MW,2022-04-23 15:00:00,458535,0.3984705733372016,1
Load_MW,2022-04-23 16:00:00,458536,0.0196640881848089,1
Load_MW,2022-04-23 23:00:00,458543,0.985031247485996,1
n_targets,2022-04-23 23:00:00,458543,0.985031247485996,1
Load_MW,2022-04-24 00:00:00,458544,0.7415448011566856,1
n_targets,2022-04-24 00:00:00,458544,0.7415448011566856,1
Load_MW,2022-04-24 01:00:00,458545,0.594835299928725,1
n_targets,2022-04-24 01:00:00,458545,0.594835299928725,1
CF_Solar,2022-04-25 05:00:00,458573,0.6343798355221233,1
Price,2022-04-25 05:00:00,458573,0.6343798355221233,1
CF_Solar,2022-04-25 06:00:00,458574,0.2552933601494573,1
Price,2022-04-25 06:00:00,458574,0.2552933601494573,1
CF_Solar,2022-04-25 07:00:00,458575,0.0211077214816231,1
Price,2022-04-25 07:00:00,458575,0.0211077214816231,1
Price,2022-04-25 08:00:00,458576,0.0340403706411651,1
Price,2022-04-25 14:00:00,458582,0.0185726968661485,1
n_targets,2022-04-25 14:00:00,458582,0.0185726968661485,1
n_targets,2022-04-25 15:00:00,458583,0.0536764413426349,1
n_targets,2022-04-25 16:00:00,458584,0.1155666310068135,1
CF_Solar,2022-04-25 17:00:00,458585,0.2452008496137541,1
Price,2022-04-26 05:00:00,458597,0.8366699287893797,1
CF_Wind,2022-04-26 06:00:00,458598,0.6989387881109392,1
Price,2022-04-26 06:00:00,458598,0.6989387881109392,1
CF_Wind,2022-04-26 07:00:00,458599,0.3724390726393976,1
Price,2022-04-26 07:00:00,458599,0.3724390726393976,1
CF_Wind,2022-04-26 08:00:00,458600,0.0942269982118408,1
Price,2022-04-26 08:00:00,458600,0.0942269982118408,1
Price,2022-04-26 09:00:00,458601,0.0350482426158043,1
n_targets,2022-04-26 13:00:00,458605,0.0469758375629443,1
CF_Wind,2022-04-26 17:00:00,458609,0.5695724063213821,1
CF_Wind,2022-04-26 18:00:00,458610,0.8089884396738685,1
Price,2022-04-27 05:00:00,458621,0.3532875160885933,1
Price,2022-04-27 06:00:00,458622,0.0706585403333144,1
CF_Wind,2022-04-27 14:00:00,458630,0.7836477133564417,1
n_targets,2022-04-27 14:00:00,458630,0.7836477133564417,1
CF_Wind,2022-04-27 15:00:00,458631,0.5931492002441312,1
n_targets,2022-04-27 15:00:00,458631,0.5931492002441312,1
CF_Wind,2022-04-27 16:00:00,458632,0.5066587231559878,1
n_targets,2022-04-27 16:00:00,458632,0.5066587231559878,1
CF_Wind,2022-04-27 17:00:00,458633,0.2567596789249982,1
n_targets,2022-04-27 17:00:00,458633,0.2567596789249982,1
CF_Solar,2022-04-28 05:00:00,458645,0.7795897390701187,1
Price,2022-04-28 05:00:00,458645,0.7795897390701187,1
Price,2022-04-28 06:00:00,458646,0.2741505547562912,1
Price,2022-04-28 07:00:00,458647,0.1210691369624561,1
Price,2022-04-28 08:00:00,458648,0.0365732206958624,1
n_targets,2022-04-28 08:00:00,458648,0.0365732206958624,1
CF_Wind,2022-04-28 19:00:00,458659,0.7644877789439488,1
Price,2022-04-28 19:00:00,458659,0.7644877789439488,1
CF_Wind,2022-04-29 04:00:00,458668,0.7873423192273135,1
Price,2022-04-29 04:00:00,458668,0.7873423192273135,1
CF_Wind,2022-04-29 05:00:00,458669,0.5499339976618598,1
Price,2022-04-29 05:00:00,458669,0.5499339976618598,1
CF_Wind,2022-04-29 06:00:00,458670,0.5361056779909932,1
Price,2022-04-29 06:00:00,458670,0.5361056779909932,1
CF_Wind,2022-04-29 07:00:00,458671,0.1946834593225321,1
Price,2022-04-29 07:00:00,458671,0.1946834593225321,1
CF_Wind,2022-04-29 08:00:00,458672,0.0422985034782583,1
Price,2022-04-29 08:00:00,458672,0.0422985034782583,1
CF_Wind,2022-04-29 12:00:00,458676,0.4116663995528835,1
n_targets,2022-04-29 12:00:00,458676,0.4116663995528835,1
CF_Wind,2022-04-29 13:00:00,458677,0.5385471239254211,1
CF_Wind,2022-04-29 14:00:00,458678,0.6910413208904436,1
CF_Wind,2022-04-29 15:00:00,458679,0.5868281326827913,1
CF_Wind,2022-04-29 16:00:00,458680,0.5034308615842078,1
CF_Wind,2022-04-29 17:00:00,458681,0.3588942294634574,1
CF_Wind,2022-04-29 18:00:00,458682,0.5783944454970107,1
CF_Wind,2022-04-29 19:00:00,458683,0.763856698507964,1
Price,2022-04-29 19:00:00,458683,0.763856698507964,1
CF_Wind,2022-04-30 04:00:00,458692,0.5430323502688097,1
Price,2022-04-30 04:00:00,458692,0.5430323502688097,1
CF_Wind,2022-04-30 05:00:00,458693,0.4688421864237777,1
CF_Wind,2022-04-30 06:00:00,458694,0.8654037380912658,1
CF_Wind,2022-04-30 07:00:00,458695,1.0713317339999908,1
n_targets,2022-04-30 07:00:00,458695,1.0713317339999908,1
CF_Wind,2022-04-30 08:00:00,458696,0.941238501945076,1
n_targets,2022-04-30 08:00:00,458696,0.941238501945076,1
CF_Wind,2022-04-30 09:00:00,458697,0.8012170269416601,1
n_targets,2022-04-30 09:00:00,458697,0.8012170269416601,1
CF_Wind,2022-04-30 10:00:00,458698,0.7788007396659988,1
n_targets,2022-04-30 10:00:00,458698,0.7788007396659988,1
CF_Wind,2022-04-30 11:00:00,458699,0.9167668452705496,1
n_targets,2022-04-30 11:00:00,458699,0.9167668452705496,1
CF_Wind,2022-04-30 12:00:00,458700,0.7448627747197483,1
n_targets,2022-04-30 12:00:00,458700,0.7448627747197483,1
CF_Wind,2022-04-30 13:00:00,458701,0.6516695662294008,1
n_targets,2022-04-30 13:00:00,458701,0.6516695662294008,1
CF_Wind,2022-04-30 14:00:00,458702,0.6166222574371085,1
CF_Wind,2022-04-30 15:00:00,458703,0.2363252675562273,1
CF_Wind,2022-04-30 16:00:00,458704,0.1148432909041434,1
CF_Wind,2022-04-30 17:00:00,458705,0.3335593467855546,1
n_targets,2022-04-30 17:00:00,458705,0.3335593467855546,1
CF_Wind,2022-04-30 18:00:00,458706,0.5144176576022004,1
CF_Wind,2022-04-30 19:00:00,458707,0.224270533336885,1
CF_Solar,2022-05-02 05:00:00,458741,1.195495326929828,1
CF_Wind,2022-05-02 05:00:00,458741,1.195495326929828,1
Price,2022-05-02 05:00:00,458741,1.195495326929828,1
CF_Solar,2022-05-02 06:00:00,458742,0.961027438917911,1
CF_Wind,2022-05-02 06:00:00,458742,0.961027438917911,1
Price,2022-05-02 06:00:00,458742,0.961027438917911,1
CF_Solar,2022-05-02 07:00:00,458743,0.7279067896626488,1
CF_Wind,2022-05-02 07:00:00,458743,0.7279067896626488,1
Price,2022-05-02 07:00:00,458743,0.7279067896626488,1
CF_Wind,2022-05-02 08:00:00,458744,0.5382391630204055,1
Price,2022-05-02 08:00:00,458744,0.5382391630204055,1
CF_Wind,2022-05-02 09:00:00,458745,0.3781971658313225,1
CF_Wind,2022-05-02 10:00:00,458746,0.3203239841378473,1
CF_Wind,2022-05-02 11:00:00,458747,0.4361763211150209,1
n_targets,2022-05-02 11:00:00,458747,0.4361763211150209,1
CF_Wind,2022-05-02 12:00:00,458748,0.3286187504937061,1
CF_Wind,2022-05-02 13:00:00,458749,0.4871833460650141,1
CF_Wind,2022-05-02 14:00:00,458750,0.7003952112046987,1
Load_MW,2022-05-02 14:00:00,458750,0.7003952112046987,1
CF_Wind,2022-05-02 15:00:00,458751,0.8098986152786105,1
CF_Wind,2022-05-02 16:00:00,458752,0.8944710854825255,1
CF_Wind,2022-05-02 17:00:00,458753,1.0703661742266997,1
CF_Wind,2022-05-02 18:00:00,458754,1.2651058196191491,1
CF_Wind,2022-05-02 19:00:00,458755,1.2692481176018495,1
Price,2022-05-02 19:00:00,458755,1.2692481176018495,1
CF_Wind,2022-05-03 04:00:00,458764,1.210138359091718,1
Price,2022-05-03 04:00:00,458764,1.210138359091718,1
CF_Wind,2022-05-03 05:00:00,458765,1.064990520480885,1
Price,2022-05-03 05:00:00,458765,1.064990520480885,1
CF_Wind,2022-05-03 06:00:00,458766,0.80907010072506,1
Price,2022-05-03 06:00:00,458766,0.80907010072506,1
CF_Wind,2022-05-03 07:00:00,458767,0.4753666810647359,1
CF_Wind,2022-05-03 08:00:00,458768,0.340728310910223,1
CF_Wind,2022-05-03 09:00:00,458769,0.3700759235768409,1
n_targets,2022-05-03 09:00:00,458769,0.3700759235768409,1
CF_Wind,2022-05-03 10:00:00,458770,0.5789651569720793,1
n_targets,2022-05-03 10:00:00,458770,0.5789651569720793,1
CF_Wind,2022-05-03 11:00:00,458771,0.7062530417680231,1
n_targets,2022-05-03 11:00:00,458771,0.7062530417680231,1
CF_Wind,2022-05-03 12:00:00,458772,0.706472642973496,1
n_targets,2022-05-03 12:00:00,458772,0.706472642973496,1
CF_Wind,2022-05-03 13:00:00,458773,0.692674431259285,1
n_targets,2022-05-03 13:00:00,458773,0.692674431259285,1
CF_Wind,2022-05-03 14:00:00,458774,0.8182449110324923,1
n_targets,2022-05-03 14:00:00,458774,0.8182449110324923,1
CF_Wind,2022-05-03 15:00:00,458775,0.970899465613045,1
n_targets,2022-05-03 15:00:00,458775,0.970899465613045,1
CF_Wind,2022-05-03 16:00:00,458776,0.8218020420706282,1
n_targets,2022-05-03 16:00:00,458776,0.8218020420706282,1
CF_Wind,2022-05-03 17:00:00,458777,0.5751767452671657,1
CF_Wind,2022-05-03 18:00:00,458778,0.8931294561392114,1
CF_Solar,2022-05-03 19:00:00,458779,0.8657832747642971,1
CF_Wind,2022-05-03 19:00:00,458779,0.8657832747642971,1
CF_Wind,2022-05-04 04:00:00,458788,1.1981349355554474,1
Price,2022-05-04 04:00:00,458788,1.1981349355554474,1
CF_Wind,2022-05-04 05:00:00,458789,1.034644189577855,1
Price,2022-05-04 05:00:00,458789,1.034644189577855,1
CF_Wind,2022-05-04 06:00:00,458790,0.8534139033931221,1
Price,2022-05-04 06:00:00,458790,0.8534139033931221,1
CF_Wind,2022-05-04 07:00:00,458791,0.705727794223755,1
Price,2022-05-04 07:00:00,458791,0.705727794223755,1
CF_Wind,2022-05-04 08:00:00,458792,0.5660570345306832,1
CF_Wind,2022-05-04 09:00:00,458793,0.6175853124937543,1
CF_Wind,2022-05-04 10:00:00,458794,0.686983697009742,1
n_targets,2022-05-04 10:00:00,458794,0.686983697009742,1
CF_Wind,2022-05-04 11:00:00,458795,0.9213205153306884,1
n_targets,2022-05-04 11:00:00,458795,0.9213205153306884,1
CF_Wind,2022-05-04 12:00:00,458796,0.7924831314624181,1
n_targets,2022-05-04 12:00:00,458796,0.7924831314624181,1
CF_Wind,2022-05-04 13:00:00,458797,0.5791835933911134,1
n_targets,2022-05-04 13:00:00,458797,0.5791835933911134,1
CF_Wind,2022-05-04 14:00:00,458798,0.2316559226288692,1
n_targets,2022-05-04 14:00:00,458798,0.2316559226288692,1
CF_Wind,2022-05-04 15:00:00,458799,0.5270191793663499,1
n_targets,2022-05-04 15:00:00,458799,0.5270191793663499,1
CF_Wind,2022-05-04 16:00:00,458800,0.5447742781468587,1
n_targets,2022-05-04 16:00:00,458800,0.5447742781468587,1
CF_Wind,2022-05-04 17:00:00,458801,0.7149883684462595,1
CF_Wind,2022-05-04 18:00:00,458802,0.9244045216039488,1
CF_Wind,2022-05-04 19:00:00,458803,1.2457733954991406,1
Price,2022-05-04 19:00:00,458803,1.2457733954991406,1
CF_Solar,2022-05-05 04:00:00,458812,1.2663560482041305,1
CF_Wind,2022-05-05 04:00:00,458812,1.2663560482041305,1
Price,2022-05-05 04:00:00,458812,1.2663560482041305,1
CF_Wind,2022-05-05 05:00:00,458813,0.9780854320043036,1
Price,2022-05-05 05:00:00,458813,0.9780854320043036,1
CF_Wind,2022-05-05 06:00:00,458814,0.7762210768593465,1
Price,2022-05-05 06:00:00,458814,0.7762210768593465,1
CF_Wind,2022-05-05 07:00:00,458815,0.4797219118451248,1
Price,2022-05-05 07:00:00,458815,0.4797219118451248,1
CF_Wind,2022-05-05 08:00:00,458816,0.2360680207840906,1
Price,2022-05-05 08:00:00,458816,0.2360680207840906,1
CF_Wind,2022-05-05 09:00:00,458817,0.4071329362258489,1
CF_Wind,2022-05-05 10:00:00,458818,0.611544920827451,1
CF_Wind,2022-05-05 11:00:00,458819,0.8025640505157086,1
n_targets,2022-05-05 11:00:00,458819,0.8025640505157086,1
CF_Wind,2022-05-05 12:00:00,458820,0.5124204610265106,1
n_targets,2022-05-05 12:00:00,458820,0.5124204610265106,1
CF_Wind,2022-05-05 13:00:00,458821,0.2755107525759988,1
CF_Wind,2022-05-05 14:00:00,458822,0.4920331706290968,1
CF_Wind,2022-05-05 15:00:00,458823,0.5354910416470127,1
Load_MW,2022-05-05 15:00:00,458823,0.5354910416470127,1
CF_Wind,2022-05-05 16:00:00,458824,0.4843092392825507,1
CF_Wind,2022-05-05 17:00:00,458825,0.7415794424794391,1
CF_Wind,2022-05-05 18:00:00,458826,0.8118224916706835,1
CF_Wind,2022-05-05 19:00:00,458827,0.8632858046951462,1
Price,2022-05-05 19:00:00,458827,0.8632858046951462,1
CF_Solar,2022-05-06 04:00:00,458836,0.9173389392747572,1
CF_Wind,2022-05-06 04:00:00,458836,0.9173389392747572,1
Price,2022-05-06 04:00:00,458836,0.9173389392747572,1
CF_Wind,2022-05-06 05:00:00,458837,0.5364803472275339,1
Price,2022-05-06 05:00:00,458837,0.5364803472275339,1
CF_Wind,2022-05-06 06:00:00,458838,0.6484458715147798,1
Price,2022-05-06 06:00:00,458838,0.6484458715147798,1
CF_Wind,2022-05-06 07:00:00,458839,0.3826357580808806,1
Price,2022-05-06 07:00:00,458839,0.3826357580808806,1
CF_Wind,2022-05-06 08:00:00,458840,0.0735069852428247,1
CF_Wind,2022-05-06 09:00:00,458841,0.0708167046356929,1
CF_Wind,2022-05-06 10:00:00,458842,0.1064996589005133,1
n_targets,2022-05-06 10:00:00,458842,0.1064996589005133,1
CF_Wind,2022-05-06 11:00:00,458843,0.2021390311955613,1
n_targets,2022-05-06 11:00:00,458843,0.2021390311955613,1
CF_Wind,2022-05-06 12:00:00,458844,0.112488869996369,1
n_targets,2022-05-06 12:00:00,458844,0.112488869996369,1
n_targets,2022-05-06 13:00:00,458845,0.0321581281150735,1
n_targets,2022-05-06 14:00:00,458846,0.0895617443578684,1
n_targets,2022-05-06 15:00:00,458847,0.123341664205101,1
n_targets,2022-05-06 16:00:00,458848,0.0078515348095926,1
Price,2022-05-07 04:00:00,458860,0.2484203942124618,1
CF_Wind,2022-05-07 06:00:00,458862,0.2527832072703777,1
CF_Wind,2022-05-07 07:00:00,458863,0.3179438546867117,1
n_targets,2022-05-07 07:00:00,458863,0.3179438546867117,1
CF_Wind,2022-05-07 08:00:00,458864,0.2156005651561252,1
n_targets,2022-05-07 08:00:00,458864,0.2156005651561252,1
CF_Wind,2022-05-07 09:00:00,458865,0.0888690985440541,1
n_targets,2022-05-07 09:00:00,458865,0.0888690985440541,1
Price,2022-05-07 21:00:00,458877,0.4511312480307885,1
CF_Wind,2022-05-08 00:00:00,458880,0.3125277993352662,1
Price,2022-05-08 00:00:00,458880,0.3125277993352662,1
CF_Wind,2022-05-08 01:00:00,458881,0.26681192052957,1
Price,2022-05-08 01:00:00,458881,0.26681192052957,1
CF_Wind,2022-05-08 02:00:00,458882,0.246405705574231,1
Price,2022-05-08 02:00:00,458882,0.246405705574231,1
CF_Wind,2022-05-08 03:00:00,458883,0.1627963738397844,1
Price,2022-05-08 03:00:00,458883,0.1627963738397844,1
CF_Wind,2022-05-08 04:00:00,458884,0.0263917089888572,1
CF_Wind,2022-05-08 05:00:00,458885,0.1152128379787098,1
CF_Wind,2022-05-08 06:00:00,458886,0.2978235239372975,1
n_targets,2022-05-08 06:00:00,458886,0.2978235239372975,1
CF_Wind,2022-05-08 07:00:00,458887,0.4479229032385061,1
n_targets,2022-05-08 07:00:00,458887,0.4479229032385061,1
CF_Wind,2022-05-08 08:00:00,458888,0.3963748657359545,1
n_targets,2022-05-08 08:00:00,458888,0.3963748657359545,1
CF_Wind,2022-05-08 09:00:00,458889,0.1536772676821858,1
n_targets,2022-05-08 09:00:00,458889,0.1536772676821858,1
CF_Wind,2022-05-08 10:00:00,458890,0.3325387232485188,1
n_targets,2022-05-08 10:00:00,458890,0.3325387232485188,1
CF_Wind,2022-05-08 11:00:00,458891,0.4335996970806048,1
n_targets,2022-05-08 11:00:00,458891,0.4335996970806048,1
CF_Wind,2022-05-08 12:00:00,458892,0.3642669542900172,1
n_targets,2022-05-08 12:00:00,458892,0.3642669542900172,1
CF_Wind,2022-05-08 13:00:00,458893,0.3860932213090626,1
n_targets,2022-05-08 13:00:00,458893,0.3860932213090626,1
CF_Wind,2022-05-08 14:00:00,458894,0.3204835923389704,1
n_targets,2022-05-08 14:00:00,458894,0.3204835923389704,1
CF_Wind,2022-05-08 15:00:00,458895,0.3896184484101208,1
n_targets,2022-05-08 15:00:00,458895,0.3896184484101208,1
CF_Wind,2022-05-08 16:00:00,458896,0.0253643138113857,1
n_targets,2022-05-08 16:00:00,458896,0.0253643138113857,1
CF_Solar,2022-05-09 04:00:00,458908,1.10784417337875,1
Price,2022-05-09 04:00:00,458908,1.10784417337875,1
CF_Solar,2022-05-09 05:00:00,458909,0.7270093425361366,1
CF_Wind,2022-05-09 05:00:00,458909,0.7270093425361366,1
Price,2022-05-09 05:00:00,458909,0.7270093425361366,1
CF_Wind,2022-05-09 06:00:00,458910,0.4699069631254295,1
Price,2022-05-09 06:00:00,458910,0.4699069631254295,1
CF_Wind,2022-05-09 07:00:00,458911,0.37889023353689,1
Price,2022-05-09 07:00:00,458911,0.37889023353689,1
CF_Wind,2022-05-09 08:00:00,458912,0.2212397826684196,1
CF_Wind,2022-05-09 09:00:00,458913,0.4434565833652204,1
CF_Wind,2022-05-09 10:00:00,458914,0.4718265195403239,1
n_targets,2022-05-09 10:00:00,458914,0.4718265195403239,1
CF_Wind,2022-05-09 11:00:00,458915,0.8446075455053288,1
n_targets,2022-05-09 11:00:00,458915,0.8446075455053288,1
CF_Wind,2022-05-09 12:00:00,458916,0.7669696018400796,1
n_targets,2022-05-09 12:00:00,458916,0.7669696018400796,1
CF_Wind,2022-05-09 13:00:00,458917,0.6056218490783141,1
n_targets,2022-05-09 13:00:00,458917,0.6056218490783141,1
CF_Wind,2022-05-09 14:00:00,458918,0.2241503691141992,1
n_targets,2022-05-09 14:00:00,458918,0.2241503691141992,1
CF_Wind,2022-05-09 15:00:00,458919,0.5345102594781235,1
n_targets,2022-05-09 15:00:00,458919,0.5345102594781235,1
CF_Wind,2022-05-09 16:00:00,458920,0.6514895943568415,1
n_targets,2022-05-09 16:00:00,458920,0.6514895943568415,1
CF_Wind,2022-05-09 17:00:00,458921,0.5483635154895352,1
CF_Wind,2022-05-09 18:00:00,458922,1.0613595443995425,1
CF_Wind,2022-05-09 19:00:00,458923,1.4319196416307778,1
Price,2022-05-09 19:00:00,458923,1.4319196416307778,1
CF_Wind,2022-05-10 04:00:00,458932,0.8928309407539645,1
Price,2022-05-10 04:00:00,458932,0.8928309407539645,1
CF_Wind,2022-05-10 05:00:00,458933,0.6744264510842701,1
Price,2022-05-10 05:00:00,458933,0.6744264510842701,1
CF_Wind,2022-05-10 06:00:00,458934,0.6261534133447926,1
CF_Wind,2022-05-10 07:00:00,458935,0.3918763249221777,1
CF_Wind,2022-05-10 08:00:00,458936,0.3053793484525708,1
n_targets,2022-05-10 08:00:00,458936,0.3053793484525708,1
CF_Wind,2022-05-10 09:00:00,458937,0.2510153777579802,1
n_targets,2022-05-10 09:00:00,458937,0.2510153777579802,1
CF_Wind,2022-05-10 10:00:00,458938,0.5843782524072114,1
n_targets,2022-05-10 10:00:00,458938,0.5843782524072114,1
CF_Wind,2022-05-10 11:00:00,458939,0.8849587709268167,1
n_targets,2022-05-10 11:00:00,458939,0.8849587709268167,1
CF_Wind,2022-05-10 12:00:00,458940,0.9467663996336916,1
n_targets,2022-05-10 12:00:00,458940,0.9467663996336916,1
CF_Wind,2022-05-10 13:00:00,458941,0.9990848992989376,1
n_targets,2022-05-10 13:00:00,458941,0.9990848992989376,1
CF_Wind,2022-05-10 14:00:00,458942,0.9709909184690304,1
CF_Wind,2022-05-10 15:00:00,458943,1.1929746642946908,1
CF_Wind,2022-05-10 16:00:00,458944,1.1609560755722843,1
CF_Wind,2022-05-10 17:00:00,458945,1.079407340065801,1
n_targets,2022-05-10 17:00:00,458945,1.079407340065801,1
CF_Wind,2022-05-10 18:00:00,458946,1.0549055705980068,1
CF_Wind,2022-05-10 19:00:00,458947,0.8688978999923469,1
CF_Solar,2022-05-11 04:00:00,458956,0.9140811107595944,1
CF_Wind,2022-05-11 04:00:00,458956,0.9140811107595944,1
Price,2022-05-11 04:00:00,458956,0.9140811107595944,1
CF_Wind,2022-05-11 05:00:00,458957,0.6116700819956296,1
Price,2022-05-11 05:00:00,458957,0.6116700819956296,1
CF_Wind,2022-05-11 06:00:00,458958,0.6241502615637138,1
CF_Wind,2022-05-11 07:00:00,458959,0.4844383526024503,1
CF_Wind,2022-05-11 08:00:00,458960,0.2783861698135832,1
n_targets,2022-05-11 08:00:00,458960,0.2783861698135832,1
CF_Wind,2022-05-11 09:00:00,458961,0.3194633772514934,1
n_targets,2022-05-11 09:00:00,458961,0.3194633772514934,1
CF_Wind,2022-05-11 10:00:00,458962,0.2829921809495037,1
n_targets,2022-05-11 10:00:00,458962,0.2829921809495037,1
CF_Wind,2022-05-11 11:00:00,458963,0.6464071593309904,1
n_targets,2022-05-11 11:00:00,458963,0.6464071593309904,1
CF_Wind,2022-05-11 12:00:00,458964,0.6509877248648384,1
n_targets,2022-05-11 12:00:00,458964,0.6509877248648384,1
CF_Wind,2022-05-11 13:00:00,458965,0.6360161182313975,1
n_targets,2022-05-11 13:00:00,458965,0.6360161182313975,1
CF_Wind,2022-05-11 14:00:00,458966,0.4938739990025038,1
n_targets,2022-05-11 14:00:00,458966,0.4938739990025038,1
CF_Wind,2022-05-11 15:00:00,458967,0.5586765526201187,1
n_targets,2022-05-11 15:00:00,458967,0.5586765526201187,1
CF_Wind,2022-05-11 16:00:00,458968,0.1462864776319312,1
n_targets,2022-05-11 16:00:00,458968,0.1462864776319312,1
Price,2022-05-12 05:00:00,458981,0.0489967181070905,1
n_targets,2022-05-12 06:00:00,458982,0.0707482523875315,1
Load_MW,2022-05-12 12:00:00,458988,0.1323274740882576,1
n_targets,2022-05-12 12:00:00,458988,0.1323274740882576,1
Load_MW,2022-05-12 13:00:00,458989,0.1542677553155906,1
n_targets,2022-05-12 13:00:00,458989,0.1542677553155906,1
Load_MW,2022-05-12 14:00:00,458990,0.0584434684029804,1
n_targets,2022-05-12 14:00:00,458990,0.0584434684029804,1
n_targets,2022-05-12 18:00:00,458994,0.0504960909422813,1
n_targets,2022-05-12 19:00:00,458995,0.095929006222041,1
CF_Solar,2022-05-13 04:00:00,459004,0.6675764688709711,1
Price,2022-05-13 04:00:00,459004,0.6675764688709711,1
CF_Solar,2022-05-13 05:00:00,459005,0.352194245367051,1
Price,2022-05-13 05:00:00,459005,0.352194245367051,1
CF_Solar,2022-05-13 06:00:00,459006,0.1932139247426685,1
n_targets,2022-05-13 08:00:00,459008,0.3788013009870223,1
Load_MW,2022-05-13 09:00:00,459009,0.3468039328565808,1
n_targets,2022-05-13 09:00:00,459009,0.3468039328565808,1
Load_MW,2022-05-13 10:00:00,459010,0.1338363920198524,1
n_targets,2022-05-13 10:00:00,459010,0.1338363920198524,1
Load_MW,2022-05-13 11:00:00,459011,0.323859547999062,1
n_targets,2022-05-13 11:00:00,459011,0.323859547999062,1
Load_MW,2022-05-13 12:00:00,459012,0.1482835250688055,1
n_targets,2022-05-13 12:00:00,459012,0.1482835250688055,1
Load_MW,2022-05-13 13:00:00,459013,0.6661487076997981,1
n_targets,2022-05-13 13:00:00,459013,0.6661487076997981,1
Load_MW,2022-05-13 14:00:00,459014,0.0431271204383441,1
CF_Solar,2022-05-14 04:00:00,459028,0.1585554378935343,1
CF_Wind,2022-05-14 08:00:00,459032,0.1617659860272271,1
n_targets,2022-05-14 08:00:00,459032,0.1617659860272271,1
CF_Wind,2022-05-14 09:00:00,459033,0.0313261291999193,1
n_targets,2022-05-14 09:00:00,459033,0.0313261291999193,1
CF_Wind,2022-05-14 14:00:00,459038,0.4364746460759809,1
n_targets,2022-05-14 14:00:00,459038,0.4364746460759809,1
CF_Wind,2022-05-14 15:00:00,459039,0.3444198653454839,1
n_targets,2022-05-14 15:00:00,459039,0.3444198653454839,1
CF_Wind,2022-05-14 16:00:00,459040,0.3486805173773333,1
n_targets,2022-05-14 16:00:00,459040,0.3486805173773333,1
CF_Wind,2022-05-14 17:00:00,459041,0.3884467015379387,1
n_targets,2022-05-14 17:00:00,459041,0.3884467015379387,1
CF_Wind,2022-05-14 18:00:00,459042,0.1160935160971299,1
n_targets,2022-05-14 18:00:00,459042,0.1160935160971299,1
CF_Wind,2022-05-14 19:00:00,459043,0.2154474276960889,1
CF_Wind,2022-05-15 04:00:00,459052,0.0837623586824227,1
CF_Wind,2022-05-15 05:00:00,459053,0.2819418665310229,1
CF_Wind,2022-05-15 06:00:00,459054,0.3362703917584668,1
n_targets,2022-05-15 06:00:00,459054,0.3362703917584668,1
CF_Wind,2022-05-15 07:00:00,459055,0.5042509397066703,1
n_targets,2022-05-15 07:00:00,459055,0.5042509397066703,1
CF_Wind,2022-05-15 08:00:00,459056,0.5202027210655327,1
n_targets,2022-05-15 08:00:00,459056,0.5202027210655327,1
CF_Wind,2022-05-15 09:00:00,459057,0.6741183400530681,1
n_targets,2022-05-15 09:00:00,459057,0.6741183400530681,1
CF_Wind,2022-05-15 10:00:00,459058,0.8745400912001917,1
n_targets,2022-05-15 10:00:00,459058,0.8745400912001917,1
CF_Wind,2022-05-15 11:00:00,459059,0.9492718460949106,1
n_targets,2022-05-15 11:00:00,459059,0.9492718460949106,1
CF_Wind,2022-05-15 12:00:00,459060,0.7140961874234164,1
n_targets,2022-05-15 12:00:00,459060,0.7140961874234164,1
CF_Wind,2022-05-15 13:00:00,459061,0.6421194782590074,1
n_targets,2022-05-15 13:00:00,459061,0.6421194782590074,1
CF_Wind,2022-05-15 14:00:00,459062,0.6502121440534656,1
n_targets,2022-05-15 14:00:00,459062,0.6502121440534656,1
CF_Wind,2022-05-15 15:00:00,459063,0.6852587608673353,1
n_targets,2022-05-15 15:00:00,459063,0.6852587608673353,1
CF_Wind,2022-05-15 16:00:00,459064,0.798046902627128,1
n_targets,2022-05-15 16:00:00,459064,0.798046902627128,1
CF_Wind,2022-05-15 17:00:00,459065,0.4961513273526579,1
n_targets,2022-05-15 17:00:00,459065,0.4961513273526579,1
CF_Wind,2022-05-15 18:00:00,459066,0.1237305152547245,1
n_targets,2022-05-15 18:00:00,459066,0.1237305152547245,1
CF_Wind,2022-05-15 19:00:00,459067,0.1636951043320558,1
CF_Solar,2022-05-16 04:00:00,459076,0.56143620859276,1
CF_Wind,2022-05-16 04:00:00,459076,0.56143620859276,1
Price,2022-05-16 04:00:00,459076,0.56143620859276,1
CF_Wind,2022-05-16 05:00:00,459077,0.5305374179185509,1
Price,2022-05-16 05:00:00,459077,0.5305374179185509,1
CF_Wind,2022-05-16 06:00:00,459078,0.4389310653261327,1
CF_Wind,2022-05-16 07:00:00,459079,0.4665753978740843,1
CF_Wind,2022-05-16 08:00:00,459080,0.4914778507872581,1
n_targets,2022-05-16 08:00:00,459080,0.4914778507872581,1
CF_Wind,2022-05-16 09:00:00,459081,0.5576007344890892,1
n_targets,2022-05-16 09:00:00,459081,0.5576007344890892,1
CF_Wind,2022-05-16 10:00:00,459082,0.6589759050105497,1
n_targets,2022-05-16 10:00:00,459082,0.6589759050105497,1
CF_Wind,2022-05-16 11:00:00,459083,0.8196239935989247,1
CF_Wind,2022-05-16 12:00:00,459084,0.9153240071804564,1
CF_Wind,2022-05-16 13:00:00,459085,1.092976406054314,1
CF_Wind,2022-05-16 14:00:00,459086,0.945182977832739,1
CF_Wind,2022-05-16 15:00:00,459087,1.2013827502073169,1
CF_Wind,2022-05-16 16:00:00,459088,0.9980972341060156,1
n_targets,2022-05-16 16:00:00,459088,0.9980972341060156,1
CF_Wind,2022-05-16 17:00:00,459089,0.5166840155830368,1
n_targets,2022-05-16 17:00:00,459089,0.5166840155830368,1
CF_Wind,2022-05-16 18:00:00,459090,0.6494865418424891,1
CF_Wind,2022-05-16 19:00:00,459091,0.9524315720812302,1
CF_Solar,2022-05-17 04:00:00,459100,0.8657084624129157,1
Price,2022-05-17 04:00:00,459100,0.8657084624129157,1
CF_Solar,2022-05-17 05:00:00,459101,0.3962920105200664,1
Price,2022-05-17 05:00:00,459101,0.3962920105200664,1
Price,2022-05-17 06:00:00,459102,0.1002889837988343,1
Load_MW,2022-05-17 13:00:00,459109,0.3269137948559715,1
Load_MW,2022-05-17 14:00:00,459110,0.3366027686838624,1
Price,2022-05-17 15:00:00,459111,0.0116381754474144,1
CF_Solar,2022-05-17 19:00:00,459115,0.8243894725601559,1
Price,2022-05-17 19:00:00,459115,0.8243894725601559,1
CF_Solar,2022-05-18 04:00:00,459124,0.7391601887207739,1
Price,2022-05-18 04:00:00,459124,0.7391601887207739,1
CF_Wind,2022-05-18 05:00:00,459125,0.3480271636583054,1
Price,2022-05-18 05:00:00,459125,0.3480271636583054,1
CF_Wind,2022-05-18 06:00:00,459126,0.2116177304516868,1
CF_Wind,2022-05-18 07:00:00,459127,0.0772296026882752,1
CF_Wind,2022-05-18 13:00:00,459133,0.3922939599203576,1
n_targets,2022-05-18 13:00:00,459133,0.3922939599203576,1
CF_Wind,2022-05-18 14:00:00,459134,0.7219274112986085,1
CF_Wind,2022-05-18 15:00:00,459135,0.918178618842824,1
CF_Wind,2022-05-18 16:00:00,459136,0.5946210442862319,1
CF_Wind,2022-05-18 17:00:00,459137,0.4068106631196382,1
CF_Wind,2022-05-18 18:00:00,459138,0.7130169046708787,1
CF_Wind,2022-05-18 19:00:00,459139,0.7218577941600142,1
Price,2022-05-18 19:00:00,459139,0.7218577941600142,1
CF_Wind,2022-05-18 21:00:00,459141,0.3768582210834801,1
Price,2022-05-18 21:00:00,459141,0.3768582210834801,1
CF_Solar,2022-05-19 04:00:00,459148,0.3034575986309755,1
Price,2022-05-19 04:00:00,459148,0.3034575986309755,1
Price,2022-05-19 05:00:00,459149,0.1370599488689476,1
CF_Solar,2022-05-20 04:00:00,459172,0.3964199740220056,1
Price,2022-05-20 04:00:00,459172,0.3964199740220056,1
Price,2022-05-20 05:00:00,459173,0.2848076716514467,1
Price,2022-05-20 06:00:00,459174,0.1298112970086267,1
n_targets,2022-05-20 09:00:00,459177,0.0239544272164551,1
n_targets,2022-05-20 10:00:00,459178,0.4941725494510647,1
CF_Wind,2022-05-20 11:00:00,459179,0.5444494837722527,1
n_targets,2022-05-20 11:00:00,459179,0.5444494837722527,1
CF_Wind,2022-05-20 12:00:00,459180,0.4263768313418947,1
n_targets,2022-05-20 12:00:00,459180,0.4263768313418947,1
CF_Wind,2022-05-20 13:00:00,459181,0.3451569552687561,1
CF_Wind,2022-05-20 14:00:00,459182,0.2585066598080046,1
CF_Solar,2022-05-21 04:00:00,459196,0.3955533212869784,1
CF_Solar,2022-05-21 05:00:00,459197,0.2950519536015823,1
Load_MW,2022-05-21 05:00:00,459197,0.2950519536015823,1
Load_MW,2022-05-21 06:00:00,459198,0.0525789289291365,1
CF_Solar,2022-05-22 04:00:00,459220,0.1765382209281585,1
n_targets,2022-05-22 13:00:00,459229,0.0012790800750059,1
n_targets,2022-05-22 14:00:00,459230,0.0926293475368886,1
n_targets,2022-05-22 15:00:00,459231,0.206996060699014,1
CF_Wind,2022-05-22 16:00:00,459232,0.2397645085157305,1
n_targets,2022-05-22 16:00:00,459232,0.2397645085157305,1
CF_Wind,2022-05-22 17:00:00,459233,0.2537022497909591,1
n_targets,2022-05-22 17:00:00,459233,0.2537022497909591,1
CF_Wind,2022-05-22 18:00:00,459234,0.4801477944996781,1
CF_Solar,2022-05-23 04:00:00,459244,0.3592478886653443,1
CF_Wind,2022-05-23 04:00:00,459244,0.3592478886653443,1
Price,2022-05-23 04:00:00,459244,0.3592478886653443,1
CF_Wind,2022-05-23 05:00:00,459245,0.3377387356277257,1
Price,2022-05-23 05:00:00,459245,0.3377387356277257,1
CF_Wind,2022-05-23 06:00:00,459246,0.3334265501553048,1
CF_Wind,2022-05-23 07:00:00,459247,0.1227168417504449,1
CF_Wind,2022-05-23 08:00:00,459248,0.0498731746148191,1
n_targets,2022-05-23 08:00:00,459248,0.0498731746148191,1
CF_Wind,2022-05-23 12:00:00,459252,0.1493579562470346,1
n_targets,2022-05-23 12:00:00,459252,0.1493579562470346,1
CF_Wind,2022-05-23 13:00:00,459253,0.0522292509292765,1
n_targets,2022-05-23 13:00:00,459253,0.0522292509292765,1
CF_Wind,2022-05-23 14:00:00,459254,0.2445037113544825,1
n_targets,2022-05-23 14:00:00,459254,0.2445037113544825,1
n_targets,2022-05-23 19:00:00,459259,0.3707434813656725,1
Load_MW,2022-05-24 04:00:00,459268,0.4276764520933303,1
CF_Wind,2022-05-24 05:00:00,459269,0.0207471124519915,1
CF_Wind,2022-05-24 06:00:00,459270,0.0633395673948515,1
Load_MW,2022-05-24 13:00:00,459277,0.0817167678509025,1
n_targets,2022-05-24 13:00:00,459277,0.0817167678509025,1
n_targets,2022-05-24 14:00:00,459278,0.0887306599519952,1
n_targets,2022-05-24 15:00:00,459279,0.0690406273491346,1
CF_Solar,2022-05-25 04:00:00,459292,0.3492482448303264,1
CF_Wind,2022-05-25 04:00:00,459292,0.3492482448303264,1
Price,2022-05-25 04:00:00,459292,0.3492482448303264,1
CF_Solar,2022-05-25 05:00:00,459293,0.272868193640625,1
CF_Wind,2022-05-25 05:00:00,459293,0.272868193640625,1
Price,2022-05-25 05:00:00,459293,0.272868193640625,1
CF_Wind,2022-05-25 06:00:00,459294,0.0041703672955744,1
CF_Wind,2022-05-25 07:00:00,459295,0.0922504454092716,1
n_targets,2022-05-25 08:00:00,459296,0.056951199159533,1
n_targets,2022-05-25 09:00:00,459297,0.1820556695174926,1
Load_MW,2022-05-25 10:00:00,459298,0.0528102667918983,1
n_targets,2022-05-25 10:00:00,459298,0.0528102667918983,1
Load_MW,2022-05-25 11:00:00,459299,0.0224038598438616,1
n_targets,2022-05-25 11:00:00,459299,0.0224038598438616,1
CF_Wind,2022-05-25 20:00:00,459308,0.2392129352727414,1
n_targets,2022-05-25 20:00:00,459308,0.2392129352727414,1
CF_Wind,2022-05-25 21:00:00,459309,0.0512133561933823,1
n_targets,2022-05-25 21:00:00,459309,0.0512133561933823,1
Load_MW,2022-05-28 02:00:00,459362,0.0720933976277349,1
CF_Solar,2022-05-28 06:00:00,459366,0.0718910162710346,1
n_targets,2022-05-28 06:00:00,459366,0.0718910162710346,1
CF_Wind,2022-05-29 09:00:00,459393,0.1532216447963466,1
n_targets,2022-05-29 09:00:00,459393,0.1532216447963466,1
CF_Wind,2022-05-29 10:00:00,459394,0.2084344787846266,1
n_targets,2022-05-29 10:00:00,459394,0.2084344787846266,1
CF_Wind,2022-05-29 11:00:00,459395,0.1209525721048363,1
n_targets,2022-05-29 11:00:00,459395,0.1209525721048363,1
CF_Wind,2022-05-29 12:00:00,459396,0.131738316790567,1
n_targets,2022-05-29 12:00:00,459396,0.131738316790567,1
CF_Wind,2022-05-29 16:00:00,459400,0.3472237731970553,1
n_targets,2022-05-29 16:00:00,459400,0.3472237731970553,1
CF_Wind,2022-05-29 17:00:00,459401,0.3887701099362295,1
n_targets,2022-05-29 17:00:00,459401,0.3887701099362295,1
CF_Wind,2022-05-29 18:00:00,459402,0.353099084471036,1
n_targets,2022-05-29 18:00:00,459402,0.353099084471036,1
CF_Wind,2022-05-29 19:00:00,459403,0.2956473673434776,1
n_targets,2022-05-29 19:00:00,459403,0.2956473673434776,1
CF_Wind,2022-05-29 20:00:00,459404,0.3046619257560616,1
n_targets,2022-05-29 20:00:00,459404,0.3046619257560616,1
CF_Wind,2022-05-30 04:00:00,459412,0.419999044510051,1
Price,2022-05-30 04:00:00,459412,0.419999044510051,1
CF_Wind,2022-05-30 05:00:00,459413,0.4343673587668388,1
Price,2022-05-30 05:00:00,459413,0.4343673587668388,1
CF_Wind,2022-05-30 06:00:00,459414,0.3001105584883277,1
CF_Wind,2022-05-30 07:00:00,459415,0.2203099331468663,1
CF_Wind,2022-05-30 08:00:00,459416,0.1591715236474551,1
n_targets,2022-05-30 08:00:00,459416,0.1591715236474551,1
CF_Wind,2022-05-30 09:00:00,459417,0.1092654307458897,1
n_targets,2022-05-30 09:00:00,459417,0.1092654307458897,1
CF_Wind,2022-05-30 10:00:00,459418,0.2905191158311049,1
n_targets,2022-05-30 10:00:00,459418,0.2905191158311049,1
CF_Wind,2022-05-30 11:00:00,459419,0.6742847211407146,1
n_targets,2022-05-30 11:00:00,459419,0.6742847211407146,1
CF_Wind,2022-05-30 12:00:00,459420,0.5130586958488588,1
n_targets,2022-05-30 12:00:00,459420,0.5130586958488588,1
CF_Wind,2022-05-30 13:00:00,459421,0.6172590283397499,1
n_targets,2022-05-30 13:00:00,459421,0.6172590283397499,1
CF_Wind,2022-05-30 14:00:00,459422,0.5118277802036111,1
n_targets,2022-05-30 14:00:00,459422,0.5118277802036111,1
CF_Wind,2022-05-30 15:00:00,459423,0.4210144791556052,1
n_targets,2022-05-30 15:00:00,459423,0.4210144791556052,1
CF_Wind,2022-05-30 16:00:00,459424,0.7560468472049113,1
n_targets,2022-05-30 16:00:00,459424,0.7560468472049113,1
CF_Wind,2022-05-30 17:00:00,459425,0.7619024119162214,1
n_targets,2022-05-30 17:00:00,459425,0.7619024119162214,1
CF_Wind,2022-05-30 18:00:00,459426,1.0058318789243998,1
CF_Wind,2022-05-30 19:00:00,459427,0.5493865693565643,1
CF_Wind,2022-05-31 04:00:00,459436,1.0864620812873953,1
Price,2022-05-31 04:00:00,459436,1.0864620812873953,1
CF_Wind,2022-05-31 05:00:00,459437,0.9228397362223564,1
Price,2022-05-31 05:00:00,459437,0.9228397362223564,1
CF_Wind,2022-05-31 06:00:00,459438,0.693400289636928,1
CF_Wind,2022-05-31 07:00:00,459439,0.2144609389491087,1
CF_Wind,2022-05-31 14:00:00,459446,0.2891647795444962,1
n_targets,2022-05-31 14:00:00,459446,0.2891647795444962,1
CF_Wind,2022-05-31 15:00:00,459447,0.2703499977200791,1
n_targets,2022-05-31 15:00:00,459447,0.2703499977200791,1
CF_Wind,2022-05-31 16:00:00,459448,0.4344300200838686,1
n_targets,2022-05-31 16:00:00,459448,0.4344300200838686,1
CF_Wind,2022-05-31 17:00:00,459449,0.2524471269211767,1
CF_Solar,2022-05-31 19:00:00,459451,0.7528009396297932,1
CF_Solar,2022-06-01 04:00:00,459460,0.7663236365473993,1
CF_Wind,2022-06-01 04:00:00,459460,0.7663236365473993,1
Price,2022-06-01 04:00:00,459460,0.7663236365473993,1
CF_Wind,2022-06-01 05:00:00,459461,0.4512134644322787,1
Price,2022-06-01 05:00:00,459461,0.4512134644322787,1
CF_Wind,2022-06-01 06:00:00,459462,0.3285590028124439,1
CF_Wind,2022-06-01 07:00:00,459463,0.1197029888901577,1
CF_Wind,2022-06-01 11:00:00,459467,0.6952312748222,1
n_targets,2022-06-01 11:00:00,459467,0.6952312748222,1
CF_Wind,2022-06-01 12:00:00,459468,0.5958187781787974,1
n_targets,2022-06-01 12:00:00,459468,0.5958187781787974,1
CF_Wind,2022-06-01 13:00:00,459469,0.5685415586813045,1
n_targets,2022-06-01 13:00:00,459469,0.5685415586813045,1
CF_Wind,2022-06-01 14:00:00,459470,0.6898548881086526,1
n_targets,2022-06-01 14:00:00,459470,0.6898548881086526,1
CF_Wind,2022-06-01 15:00:00,459471,0.3943315686205368,1
n_targets,2022-06-01 15:00:00,459471,0.3943315686205368,1
CF_Wind,2022-06-01 16:00:00,459472,0.3134419815210509,1
n_targets,2022-06-01 16:00:00,459472,0.3134419815210509,1
CF_Wind,2022-06-01 17:00:00,459473,0.5358701076750603,1
n_targets,2022-06-01 17:00:00,459473,0.5358701076750603,1
CF_Wind,2022-06-01 18:00:00,459474,0.3700425335897037,1
CF_Wind,2022-06-02 04:00:00,459484,0.4884788843791803,1
Price,2022-06-02 04:00:00,459484,0.4884788843791803,1
CF_Wind,2022-06-02 05:00:00,459485,0.2553546484787019,1
Price,2022-06-02 05:00:00,459485,0.2553546484787019,1
CF_Wind,2022-06-02 06:00:00,459486,0.082553601309518,1
CF_Wind,2022-06-02 11:00:00,459491,0.3413921501270271,1
n_targets,2022-06-02 11:00:00,459491,0.3413921501270271,1
CF_Wind,2022-06-02 12:00:00,459492,0.2669346164948083,1
n_targets,2022-06-02 12:00:00,459492,0.2669346164948083,1
CF_Wind,2022-06-02 13:00:00,459493,0.456230982122928,1
n_targets,2022-06-02 13:00:00,459493,0.456230982122928,1
CF_Wind,2022-06-02 14:00:00,459494,0.5807943461105638,1
n_targets,2022-06-02 14:00:00,459494,0.5807943461105638,1
n_targets,2022-06-02 15:00:00,459495,0.1451951180436528,1
n_targets,2022-06-02 16:00:00,459496,0.3323709314409917,1
n_targets,2022-06-02 17:00:00,459497,0.1160892429556901,1
n_targets,2022-06-02 18:00:00,459498,0.0146506602956391,1
Price,2022-06-03 01:00:00,459505,0.0752151652666797,1
Price,2022-06-03 02:00:00,459506,0.107353047760258,1
Price,2022-06-03 03:00:00,459507,0.1828791608864164,1
n_targets,2022-06-03 03:00:00,459507,0.1828791608864164,1
Price,2022-06-03 04:00:00,459508,0.2066232828639906,1
n_targets,2022-06-03 04:00:00,459508,0.2066232828639906,1
Price,2022-06-03 05:00:00,459509,0.1216692682396058,1
CF_Wind,2022-06-03 07:00:00,459511,0.2015611073071959,1
CF_Wind,2022-06-04 08:00:00,459536,0.2034024868613539,1
n_targets,2022-06-04 08:00:00,459536,0.2034024868613539,1
CF_Wind,2022-06-04 09:00:00,459537,0.2114566529463084,1
n_targets,2022-06-04 09:00:00,459537,0.2114566529463084,1
CF_Wind,2022-06-04 10:00:00,459538,0.2513920594181087,1
n_targets,2022-06-04 10:00:00,459538,0.2513920594181087,1
CF_Wind,2022-06-04 11:00:00,459539,0.2948127331923622,1
n_targets,2022-06-04 11:00:00,459539,0.2948127331923622,1
CF_Wind,2022-06-04 12:00:00,459540,0.2962321256899227,1
n_targets,2022-06-04 12:00:00,459540,0.2962321256899227,1
CF_Wind,2022-06-04 13:00:00,459541,0.3324594676148484,1
n_targets,2022-06-04 13:00:00,459541,0.3324594676148484,1
CF_Wind,2022-06-04 14:00:00,459542,0.2453678448900837,1
CF_Wind,2022-06-05 08:00:00,459560,0.8039468630173958,1
n_targets,2022-06-05 08:00:00,459560,0.8039468630173958,1
CF_Wind,2022-06-05 09:00:00,459561,0.6221237716667742,1
n_targets,2022-06-05 09:00:00,459561,0.6221237716667742,1
CF_Wind,2022-06-05 10:00:00,459562,0.5771235594139656,1
n_targets,2022-06-05 10:00:00,459562,0.5771235594139656,1
CF_Wind,2022-06-05 11:00:00,459563,0.5454102134453247,1
n_targets,2022-06-05 11:00:00,459563,0.5454102134453247,1
CF_Wind,2022-06-05 12:00:00,459564,0.4807994799211204,1
n_targets,2022-06-05 12:00:00,459564,0.4807994799211204,1
CF_Wind,2022-06-05 13:00:00,459565,0.1771925928882041,1
n_targets,2022-06-05 13:00:00,459565,0.1771925928882041,1
CF_Wind,2022-06-05 14:00:00,459566,0.2551756751748544,1
n_targets,2022-06-05 14:00:00,459566,0.2551756751748544,1
CF_Wind,2022-06-05 15:00:00,459567,0.2191472898747546,1
n_targets,2022-06-05 15:00:00,459567,0.2191472898747546,1
CF_Solar,2022-06-07 04:00:00,459604,0.6821511335889434,1
CF_Wind,2022-06-07 04:00:00,459604,0.6821511335889434,1
Price,2022-06-07 04:00:00,459604,0.6821511335889434,1
CF_Wind,2022-06-07 05:00:00,459605,0.4960571610845989,1
Price,2022-06-07 05:00:00,459605,0.4960571610845989,1
CF_Wind,2022-06-07 06:00:00,459606,0.5168966324292075,1
CF_Wind,2022-06-07 07:00:00,459607,0.5239943263515341,1
CF_Wind,2022-06-07 08:00:00,459608,0.3757396219328413,1
n_targets,2022-06-07 08:00:00,459608,0.3757396219328413,1
CF_Wind,2022-06-07 09:00:00,459609,0.3060865698226489,1
CF_Wind,2022-06-07 10:00:00,459610,0.1260481318793589,1
Load_MW,2022-06-07 15:00:00,459615,0.0659430314240068,1
n_targets,2022-06-07 15:00:00,459615,0.0659430314240068,1
n_targets,2022-06-08 02:00:00,459626,0.0522759395871736,1
n_targets,2022-06-08 03:00:00,459627,0.0502466629515152,1
Price,2022-06-08 04:00:00,459628,0.0633562618834882,1
n_targets,2022-06-08 04:00:00,459628,0.0633562618834882,1
CF_Wind,2022-06-08 15:00:00,459639,0.4021395346300376,1
Load_MW,2022-06-08 15:00:00,459639,0.4021395346300376,1
CF_Wind,2022-06-08 16:00:00,459640,0.3767893202610843,1
CF_Wind,2022-06-08 17:00:00,459641,0.332848876530885,1
CF_Wind,2022-06-08 18:00:00,459642,0.0610031252879335,1
n_targets,2022-06-08 18:00:00,459642,0.0610031252879335,1
CF_Wind,2022-06-08 19:00:00,459643,0.219619746070989,1
CF_Wind,2022-06-09 01:00:00,459649,0.1177105267809042,1
CF_Solar,2022-06-09 19:00:00,459667,0.2953903005553877,1
CF_Solar,2022-06-10 04:00:00,459676,0.6028702347629642,1
Price,2022-06-10 04:00:00,459676,0.6028702347629642,1
CF_Solar,2022-06-10 05:00:00,459677,0.3793062424679234,1
CF_Solar,2022-06-10 06:00:00,459678,0.4342628279203524,1
CF_Solar,2022-06-10 07:00:00,459679,0.6306569008731691,1
CF_Wind,2022-06-10 08:00:00,459680,0.5911985315708255,1
CF_Wind,2022-06-10 09:00:00,459681,0.5023240534177655,1
CF_Wind,2022-06-10 10:00:00,459682,0.4101194957175822,1
CF_Wind,2022-06-10 11:00:00,459683,0.3521478337112851,1
n_targets,2022-06-10 11:00:00,459683,0.3521478337112851,1
CF_Wind,2022-06-10 12:00:00,459684,0.2674935497301529,1
n_targets,2022-06-10 12:00:00,459684,0.2674935497301529,1
CF_Wind,2022-06-10 13:00:00,459685,0.1764769838291164,1
n_targets,2022-06-10 13:00:00,459685,0.1764769838291164,1
CF_Wind,2022-06-10 14:00:00,459686,0.0567881066453406,1
n_targets,2022-06-10 14:00:00,459686,0.0567881066453406,1
CF_Solar,2022-06-12 04:00:00,459724,0.7829396853580841,1
Load_MW,2022-06-12 04:00:00,459724,0.7829396853580841,1
Load_MW,2022-06-12 05:00:00,459725,0.4087718673048857,1
Load_MW,2022-06-12 06:00:00,459726,0.1487918260703893,1
CF_Wind,2022-06-12 08:00:00,459728,0.0233068474048643,1
CF_Wind,2022-06-12 09:00:00,459729,0.0617160442475912,1
n_targets,2022-06-12 09:00:00,459729,0.0617160442475912,1
CF_Wind,2022-06-12 10:00:00,459730,0.321451613614478,1
n_targets,2022-06-12 10:00:00,459730,0.321451613614478,1
CF_Wind,2022-06-12 11:00:00,459731,0.5108450051752782,1
n_targets,2022-06-12 11:00:00,459731,0.5108450051752782,1
CF_Wind,2022-06-12 12:00:00,459732,0.4132948368248841,1
n_targets,2022-06-12 12:00:00,459732,0.4132948368248841,1
CF_Wind,2022-06-12 13:00:00,459733,0.2786132329731103,1
n_targets,2022-06-12 13:00:00,459733,0.2786132329731103,1
CF_Wind,2022-06-12 14:00:00,459734,0.2760903624739992,1
n_targets,2022-06-12 14:00:00,459734,0.2760903624739992,1
CF_Wind,2022-06-12 15:00:00,459735,0.376477258295081,1
n_targets,2022-06-12 15:00:00,459735,0.376477258295081,1
CF_Wind,2022-06-12 16:00:00,459736,0.4386626495560304,1
n_targets,2022-06-12 16:00:00,459736,0.4386626495560304,1
CF_Wind,2022-06-12 17:00:00,459737,0.2628048170309711,1
n_targets,2022-06-12 17:00:00,459737,0.2628048170309711,1
CF_Wind,2022-06-12 18:00:00,459738,0.0614843828303881,1
n_targets,2022-06-12 18:00:00,459738,0.0614843828303881,1
CF_Solar,2022-06-13 04:00:00,459748,0.4794009236318191,1
CF_Wind,2022-06-13 04:00:00,459748,0.4794009236318191,1
CF_Solar,2022-06-14 04:00:00,459772,0.860977801730102,1
CF_Solar,2022-06-14 05:00:00,459773,0.3078703382124941,1
CF_Wind,2022-06-14 05:00:00,459773,0.3078703382124941,1
CF_Wind,2022-06-14 06:00:00,459774,0.2621509016442975,1
CF_Wind,2022-06-14 12:00:00,459780,0.253046845505597,1
n_targets,2022-06-14 12:00:00,459780,0.253046845505597,1
CF_Wind,2022-06-14 13:00:00,459781,0.3651670923235315,1
n_targets,2022-06-14 13:00:00,459781,0.3651670923235315,1
CF_Wind,2022-06-14 14:00:00,459782,0.5556743388647454,1
CF_Wind,2022-06-14 15:00:00,459783,0.6955146290065732,1
CF_Wind,2022-06-14 16:00:00,459784,0.6633310767577425,1
CF_Wind,2022-06-14 17:00:00,459785,0.6358887270884648,1
CF_Wind,2022-06-14 18:00:00,459786,1.0520669891154282,1
CF_Wind,2022-06-14 19:00:00,459787,1.3046943009196177,1
CF_Wind,2022-06-15 02:00:00,459794,0.5576336703276825,1
Price,2022-06-15 02:00:00,459794,0.5576336703276825,1
CF_Wind,2022-06-15 03:00:00,459795,0.697495790395235,1
Price,2022-06-15 03:00:00,459795,0.697495790395235,1
CF_Wind,2022-06-15 04:00:00,459796,0.7403481800752232,1
Price,2022-06-15 04:00:00,459796,0.7403481800752232,1
CF_Wind,2022-06-15 05:00:00,459797,0.5567391363966625,1
Price,2022-06-15 05:00:00,459797,0.5567391363966625,1
CF_Wind,2022-06-15 06:00:00,459798,0.5571716407908109,1
CF_Wind,2022-06-15 07:00:00,459799,0.2651182546081156,1
CF_Wind,2022-06-15 08:00:00,459800,0.0168391705333255,1
n_targets,2022-06-15 08:00:00,459800,0.0168391705333255,1
CF_Wind,2022-06-15 12:00:00,459804,0.3289134921309395,1
n_targets,2022-06-15 12:00:00,459804,0.3289134921309395,1
CF_Wind,2022-06-15 13:00:00,459805,0.0465723232584276,1
n_targets,2022-06-15 13:00:00,459805,0.0465723232584276,1
CF_Wind,2022-06-15 14:00:00,459806,0.0951514407587057,1
CF_Wind,2022-06-15 15:00:00,459807,0.3698681736371791,1
CF_Wind,2022-06-15 16:00:00,459808,0.3562710509128681,1
CF_Wind,2022-06-15 17:00:00,459809,0.3113354542772155,1
CF_Wind,2022-06-15 18:00:00,459810,0.5566565896692335,1
Price,2022-06-15 19:00:00,459811,0.4806991116837815,1
CF_Solar,2022-06-17 04:00:00,459844,1.6411705993610464,1
Price,2022-06-17 04:00:00,459844,1.6411705993610464,1
CF_Solar,2022-06-17 05:00:00,459845,1.0789662730179246,1
Price,2022-06-17 05:00:00,459845,1.0789662730179246,1
CF_Solar,2022-06-17 06:00:00,459846,0.2571088797801175,1
Price,2022-06-17 06:00:00,459846,0.2571088797801175,1
Price,2022-06-17 07:00:00,459847,0.0091523205015375,1
Price,2022-06-17 08:00:00,459848,0.0294479976603385,1
n_targets,2022-06-17 09:00:00,459849,0.0398331523572581,1
Load_MW,2022-06-17 15:00:00,459855,0.1178330980192581,1
Price,2022-06-17 16:00:00,459856,0.0292381105428181,1
Price,2022-06-17 17:00:00,459857,0.3165772229042243,1
Price,2022-06-17 18:00:00,459858,0.7734794005956804,1
CF_Wind,2022-06-17 19:00:00,459859,1.0875127862276597,1
Price,2022-06-17 19:00:00,459859,1.0875127862276597,1
CF_Solar,2022-06-18 04:00:00,459868,1.0225242770840977,1
CF_Wind,2022-06-18 04:00:00,459868,1.0225242770840977,1
Load_MW,2022-06-18 04:00:00,459868,1.0225242770840977,1
CF_Wind,2022-06-18 05:00:00,459869,0.8654286911868896,1
Load_MW,2022-06-18 05:00:00,459869,0.8654286911868896,1
CF_Wind,2022-06-18 06:00:00,459870,0.6369197174790446,1
CF_Wind,2022-06-18 07:00:00,459871,0.6059019407232653,1
CF_Wind,2022-06-18 08:00:00,459872,0.5106828855740915,1
n_targets,2022-06-18 08:00:00,459872,0.5106828855740915,1
CF_Wind,2022-06-18 09:00:00,459873,0.4483294029115663,1
n_targets,2022-06-18 09:00:00,459873,0.4483294029115663,1
CF_Wind,2022-06-18 10:00:00,459874,0.6323615151215705,1
n_targets,2022-06-18 10:00:00,459874,0.6323615151215705,1
CF_Wind,2022-06-18 11:00:00,459875,0.9768678153609504,1
n_targets,2022-06-18 11:00:00,459875,0.9768678153609504,1
CF_Wind,2022-06-18 12:00:00,459876,0.9095987846117236,1
n_targets,2022-06-18 12:00:00,459876,0.9095987846117236,1
CF_Wind,2022-06-18 13:00:00,459877,0.9368196408427184,1
n_targets,2022-06-18 13:00:00,459877,0.9368196408427184,1
CF_Wind,2022-06-18 14:00:00,459878,1.0419509558752824,1
n_targets,2022-06-18 14:00:00,459878,1.0419509558752824,1
CF_Wind,2022-06-18 15:00:00,459879,0.9495560503136252,1
n_targets,2022-06-18 15:00:00,459879,0.9495560503136252,1
CF_Wind,2022-06-18 16:00:00,459880,0.5633055866881362,1
n_targets,2022-06-18 16:00:00,459880,0.5633055866881362,1
CF_Wind,2022-06-18 17:00:00,459881,0.1665554052307671,1
Price,2022-06-18 19:00:00,459883,1.0300909950469443,1
CF_Wind,2022-06-19 06:00:00,459894,0.459512436316337,1
Load_MW,2022-06-19 06:00:00,459894,0.459512436316337,1
CF_Solar,2022-06-20 04:00:00,459916,1.3248889739366143,1
Price,2022-06-20 04:00:00,459916,1.3248889739366143,1
Price,2022-06-20 05:00:00,459917,0.9687414039183224,1
Price,2022-06-20 06:00:00,459918,0.4889530795075631,1
CF_Wind,2022-06-20 07:00:00,459919,0.2920816830750397,1
Load_MW,2022-06-20 09:00:00,459921,0.1986780572898852,1
Load_MW,2022-06-20 10:00:00,459922,0.1304868983336267,1
Load_MW,2022-06-20 11:00:00,459923,0.2306430407381454,1
Load_MW,2022-06-20 13:00:00,459925,0.4405775517767503,1
Load_MW,2022-06-20 14:00:00,459926,0.7392149303393676,1
CF_Wind,2022-06-20 16:00:00,459928,0.6284637295751769,1
CF_Wind,2022-06-20 17:00:00,459929,0.906077659078942,1
CF_Wind,2022-06-20 18:00:00,459930,1.3347485365450793,1
Price,2022-06-20 18:00:00,459930,1.3347485365450793,1
Price,2022-06-20 19:00:00,459931,1.3850271837248582,1
CF_Solar,2022-06-21 04:00:00,459940,1.2455667201586895,1
Price,2022-06-21 04:00:00,459940,1.2455667201586895,1
Price,2022-06-21 05:00:00,459941,0.6987863755428263,1
Price,2022-06-21 06:00:00,459942,0.4041189961066396,1
Price,2022-06-21 07:00:00,459943,0.2102601822174061,1
n_targets,2022-06-21 07:00:00,459943,0.2102601822174061,1
Price,2022-06-21 08:00:00,459944,0.1854732556428839,1
n_targets,2022-06-21 08:00:00,459944,0.1854732556428839,1
Price,2022-06-21 09:00:00,459945,0.1465876840443056,1
n_targets,2022-06-21 09:00:00,459945,0.1465876840443056,1
Price,2022-06-21 10:00:00,459946,0.1221218390080225,1
n_targets,2022-06-21 10:00:00,459946,0.1221218390080225,1
Price,2022-06-21 13:00:00,459949,0.5436163874640356,1
CF_Wind,2022-06-21 15:00:00,459951,0.741345011609319,1
Price,2022-06-21 15:00:00,459951,0.741345011609319,1
CF_Wind,2022-06-21 16:00:00,459952,0.7845898127249236,1
Price,2022-06-21 16:00:00,459952,0.7845898127249236,1
CF_Wind,2022-06-21 17:00:00,459953,1.361569822304432,1
Price,2022-06-21 17:00:00,459953,1.361569822304432,1
CF_Wind,2022-06-21 18:00:00,459954,2.0785514087215016,1
Price,2022-06-21 18:00:00,459954,2.0785514087215016,1
CF_Wind,2022-06-21 19:00:00,459955,1.8991256591923396,1
Price,2022-06-21 19:00:00,459955,1.8991256591923396,1
CF_Wind,2022-06-22 04:00:00,459964,1.826746172379848,1
Price,2022-06-22 04:00:00,459964,1.826746172379848,1
CF_Wind,2022-06-22 05:00:00,459965,1.7731419174746033,1
Price,2022-06-22 05:00:00,459965,1.7731419174746033,1
CF_Wind,2022-06-22 06:00:00,459966,1.591082082725403,1
Price,2022-06-22 06:00:00,459966,1.591082082725403,1
CF_Wind,2022-06-22 07:00:00,459967,1.2435656552570729,1
Price,2022-06-22 07:00:00,459967,1.2435656552570729,1
CF_Wind,2022-06-22 08:00:00,459968,0.7262092104061213,1
Price,2022-06-22 08:00:00,459968,0.7262092104061213,1
CF_Wind,2022-06-22 09:00:00,459969,0.6751014006759593,1
Price,2022-06-22 09:00:00,459969,0.6751014006759593,1
CF_Wind,2022-06-22 10:00:00,459970,0.7842741776943185,1
Price,2022-06-22 10:00:00,459970,0.7842741776943185,1
CF_Wind,2022-06-22 11:00:00,459971,0.8229230103949268,1
Price,2022-06-22 11:00:00,459971,0.8229230103949268,1
CF_Wind,2022-06-22 12:00:00,459972,0.8126516255664249,1
Price,2022-06-22 12:00:00,459972,0.8126516255664249,1
CF_Wind,2022-06-22 13:00:00,459973,1.0199631913917435,1
Price,2022-06-22 13:00:00,459973,1.0199631913917435,1
CF_Wind,2022-06-22 14:00:00,459974,0.8238689728112167,1
Price,2022-06-22 14:00:00,459974,0.8238689728112167,1
CF_Wind,2022-06-22 15:00:00,459975,0.8222052038965713,1
Price,2022-06-22 15:00:00,459975,0.8222052038965713,1
CF_Wind,2022-06-22 16:00:00,459976,0.9610970362946784,1
Price,2022-06-22 16:00:00,459976,0.9610970362946784,1
CF_Wind,2022-06-22 17:00:00,459977,1.728689827011705,1
Price,2022-06-22 17:00:00,459977,1.728689827011705,1
CF_Wind,2022-06-22 18:00:00,459978,1.9233565022611545,1
Price,2022-06-22 18:00:00,459978,1.9233565022611545,1
CF_Solar,2022-06-22 19:00:00,459979,2.1791765847754423,1
CF_Wind,2022-06-22 19:00:00,459979,2.1791765847754423,1
Price,2022-06-22 19:00:00,459979,2.1791765847754423,1
CF_Wind,2022-06-23 01:00:00,459985,1.6298031284515422,1
CF_Solar,2022-06-23 04:00:00,459988,2.202530510622297,1
CF_Wind,2022-06-23 04:00:00,459988,2.202530510622297,1
Price,2022-06-23 04:00:00,459988,2.202530510622297,1
CF_Wind,2022-06-23 05:00:00,459989,2.2380580995931805,1
Price,2022-06-23 05:00:00,459989,2.2380580995931805,1
CF_Wind,2022-06-23 06:00:00,459990,1.4640005143282209,1
Price,2022-06-23 06:00:00,459990,1.4640005143282209,1
CF_Wind,2022-06-23 07:00:00,459991,1.0882008056648027,1
Price,2022-06-23 07:00:00,459991,1.0882008056648027,1
CF_Wind,2022-06-23 08:00:00,459992,0.7713200878008672,1
CF_Wind,2022-06-23 09:00:00,459993,0.7790173899237156,1
Price,2022-06-23 09:00:00,459993,0.7790173899237156,1
CF_Wind,2022-06-23 10:00:00,459994,0.825297601574478,1
Price,2022-06-23 10:00:00,459994,0.825297601574478,1
CF_Wind,2022-06-23 11:00:00,459995,1.2368790453256953,1
Price,2022-06-23 11:00:00,459995,1.2368790453256953,1
CF_Wind,2022-06-23 12:00:00,459996,1.189305174844231,1
Price,2022-06-23 12:00:00,459996,1.189305174844231,1
CF_Wind,2022-06-23 13:00:00,459997,1.1060293408398256,1
Price,2022-06-23 13:00:00,459997,1.1060293408398256,1
CF_Wind,2022-06-23 14:00:00,459998,1.2354020943717607,1
Price,2022-06-23 14:00:00,459998,1.2354020943717607,1
CF_Wind,2022-06-23 15:00:00,459999,1.503172639138507,1
Price,2022-06-23 15:00:00,459999,1.503172639138507,1
CF_Wind,2022-06-23 16:00:00,460000,1.240400894167108,1
Price,2022-06-23 16:00:00,460000,1.240400894167108,1
CF_Wind,2022-06-23 17:00:00,460001,1.6617077256638766,1
Price,2022-06-23 17:00:00,460001,1.6617077256638766,1
CF_Wind,2022-06-23 18:00:00,460002,1.8211509562570352,1
Price,2022-06-23 18:00:00,460002,1.8211509562570352,1
CF_Wind,2022-06-23 19:00:00,460003,1.9434573852905,1
Price,2022-06-23 19:00:00,460003,1.9434573852905,1
CF_Wind,2022-06-24 01:00:00,460009,0.9455220837747332,1
Price,2022-06-24 01:00:00,460009,0.9455220837747332,1
CF_Solar,2022-06-24 04:00:00,460012,1.3622319939494931,1
CF_Wind,2022-06-24 04:00:00,460012,1.3622319939494931,1
Price,2022-06-24 04:00:00,460012,1.3622319939494931,1
CF_Wind,2022-06-24 05:00:00,460013,1.306118202919034,1
Price,2022-06-24 05:00:00,460013,1.306118202919034,1
CF_Wind,2022-06-24 06:00:00,460014,0.8514342248525155,1
Price,2022-06-24 06:00:00,460014,0.8514342248525155,1
Price,2022-06-24 07:00:00,460015,0.5130029953401252,1
Price,2022-06-24 08:00:00,460016,0.416604769921542,1
Price,2022-06-24 09:00:00,460017,0.3008977797880583,1
n_targets,2022-06-24 09:00:00,460017,0.3008977797880583,1
Price,2022-06-24 10:00:00,460018,0.2443013640593476,1
n_targets,2022-06-24 10:00:00,460018,0.2443013640593476,1
Price,2022-06-24 11:00:00,460019,0.2758059882386958,1
n_targets,2022-06-24 11:00:00,460019,0.2758059882386958,1
Price,2022-06-24 12:00:00,460020,0.3279696959040088,1
n_targets,2022-06-24 12:00:00,460020,0.3279696959040088,1
Price,2022-06-24 13:00:00,460021,0.4697017092978495,1
n_targets,2022-06-24 13:00:00,460021,0.4697017092978495,1
Price,2022-06-24 15:00:00,460023,0.476547493729746,1
Price,2022-06-24 16:00:00,460024,0.3439733208520894,1
Price,2022-06-24 17:00:00,460025,0.5472525042330876,1
n_targets,2022-06-24 17:00:00,460025,0.5472525042330876,1
Price,2022-06-24 18:00:00,460026,1.0792599977138484,1
Price,2022-06-24 19:00:00,460027,1.329189857936071,1
CF_Solar,2022-06-25 04:00:00,460036,0.6669277925101265,1
CF_Solar,2022-06-25 05:00:00,460037,0.2635710016898147,1
Load_MW,2022-06-25 05:00:00,460037,0.2635710016898147,1
Price,2022-06-25 06:00:00,460038,0.0573234005088387,1
Price,2022-06-25 10:00:00,460042,0.0962469214023891,1
n_targets,2022-06-25 10:00:00,460042,0.0962469214023891,1
Price,2022-06-25 14:00:00,460046,0.1702543098646178,1
n_targets,2022-06-25 14:00:00,460046,0.1702543098646178,1
Price,2022-06-25 15:00:00,460047,0.2979496165570647,1
Price,2022-06-25 16:00:00,460048,0.3447206850775068,1
CF_Wind,2022-06-25 17:00:00,460049,0.7168544529746568,1
Price,2022-06-25 17:00:00,460049,0.7168544529746568,1
CF_Wind,2022-06-25 18:00:00,460050,1.1324419845701876,1
Price,2022-06-25 18:00:00,460050,1.1324419845701876,1
CF_Wind,2022-06-25 19:00:00,460051,1.281759788158159,1
Price,2022-06-25 19:00:00,460051,1.281759788158159,1
CF_Wind,2022-06-26 03:00:00,460059,0.8123736747872914,1
Price,2022-06-26 03:00:00,460059,0.8123736747872914,1
CF_Wind,2022-06-26 04:00:00,460060,0.3524837882288638,1
CF_Wind,2022-06-26 05:00:00,460061,0.3516798338567632,1
CF_Wind,2022-06-26 06:00:00,460062,0.5845001058143777,1
n_targets,2022-06-26 06:00:00,460062,0.5845001058143777,1
CF_Wind,2022-06-26 07:00:00,460063,0.6079103905265193,1
n_targets,2022-06-26 07:00:00,460063,0.6079103905265193,1
CF_Wind,2022-06-26 08:00:00,460064,0.8735643433335945,1
n_targets,2022-06-26 08:00:00,460064,0.8735643433335945,1
CF_Wind,2022-06-26 09:00:00,460065,0.7056319007476084,1
n_targets,2022-06-26 09:00:00,460065,0.7056319007476084,1
CF_Wind,2022-06-26 10:00:00,460066,0.8945618117761223,1
n_targets,2022-06-26 10:00:00,460066,0.8945618117761223,1
CF_Wind,2022-06-26 11:00:00,460067,1.0645118493230776,1
n_targets,2022-06-26 11:00:00,460067,1.0645118493230776,1
CF_Wind,2022-06-26 12:00:00,460068,1.0535861030268432,1
n_targets,2022-06-26 12:00:00,460068,1.0535861030268432,1
CF_Wind,2022-06-26 13:00:00,460069,0.9609207729676974,1
n_targets,2022-06-26 13:00:00,460069,0.9609207729676974,1
CF_Wind,2022-06-26 14:00:00,460070,0.9145774815969644,1
CF_Wind,2022-06-26 15:00:00,460071,0.8376936656981975,1
CF_Wind,2022-06-26 16:00:00,460072,0.5907577163918165,1
Price,2022-06-26 16:00:00,460072,0.5907577163918165,1
CF_Wind,2022-06-26 17:00:00,460073,0.7297558826993145,1
Price,2022-06-26 17:00:00,460073,0.7297558826993145,1
CF_Wind,2022-06-26 18:00:00,460074,1.12072229281811,1
Price,2022-06-26 18:00:00,460074,1.12072229281811,1
CF_Wind,2022-06-26 19:00:00,460075,1.8033205329495328,1
Price,2022-06-26 19:00:00,460075,1.8033205329495328,1
CF_Solar,2022-06-27 04:00:00,460084,1.6829348643777342,1
Price,2022-06-27 04:00:00,460084,1.6829348643777342,1
Price,2022-06-27 05:00:00,460085,1.248429536652369,1
Price,2022-06-27 06:00:00,460086,1.0833045853552503,1
Price,2022-06-27 07:00:00,460087,0.6996860022666309,1
Price,2022-06-27 08:00:00,460088,0.6405657929194513,1
Price,2022-06-27 09:00:00,460089,0.5424931283011876,1
n_targets,2022-06-27 09:00:00,460089,0.5424931283011876,1
Price,2022-06-27 10:00:00,460090,0.3888773991229444,1
n_targets,2022-06-27 10:00:00,460090,0.3888773991229444,1
Price,2022-06-27 12:00:00,460092,0.5507992125424956,1
Price,2022-06-27 13:00:00,460093,0.4910592282117363,1
Price,2022-06-27 14:00:00,460094,0.6979559508224451,1
n_targets,2022-06-27 14:00:00,460094,0.6979559508224451,1
Price,2022-06-27 15:00:00,460095,0.6679105178602007,1
n_targets,2022-06-27 15:00:00,460095,0.6679105178602007,1
Price,2022-06-27 16:00:00,460096,0.556289280985869,1
n_targets,2022-06-27 16:00:00,460096,0.556289280985869,1
Price,2022-06-27 17:00:00,460097,1.0068191542944265,1
Price,2022-06-27 18:00:00,460098,1.6104507657831848,1
CF_Solar,2022-06-27 19:00:00,460099,1.794164500816175,1
Price,2022-06-27 19:00:00,460099,1.794164500816175,1
Price,2022-06-28 05:00:00,460109,1.238463709165364,1
Price,2022-06-28 06:00:00,460110,1.0865162689476366,1
Price,2022-06-28 07:00:00,460111,0.7359707052860465,1
Price,2022-06-28 08:00:00,460112,0.7517243330440544,1
Price,2022-06-28 09:00:00,460113,0.7154823851039378,1
n_targets,2022-06-28 09:00:00,460113,0.7154823851039378,1
Price,2022-06-28 10:00:00,460114,0.9449447502317252,1
Price,2022-06-28 11:00:00,460115,1.2824485197036792,1
CF_Wind,2022-06-28 12:00:00,460116,1.3876818712122063,1
Price,2022-06-28 12:00:00,460116,1.3876818712122063,1
CF_Wind,2022-06-28 13:00:00,460117,1.4128833499649351,1
CF_Wind,2022-06-28 14:00:00,460118,1.4450216959292523,1
Price,2022-06-28 14:00:00,460118,1.4450216959292523,1
CF_Wind,2022-06-28 15:00:00,460119,1.3569454315645095,1
Price,2022-06-28 15:00:00,460119,1.3569454315645095,1
CF_Wind,2022-06-28 16:00:00,460120,1.5132726828207308,1
Price,2022-06-28 16:00:00,460120,1.5132726828207308,1
CF_Solar,2022-06-28 17:00:00,460121,2.1659333960470457,1
CF_Wind,2022-06-28 17:00:00,460121,2.1659333960470457,1
Price,2022-06-28 17:00:00,460121,2.1659333960470457,1
CF_Solar,2022-06-28 18:00:00,460122,2.3462317859956032,1
CF_Wind,2022-06-28 18:00:00,460122,2.3462317859956032,1
Price,2022-06-28 18:00:00,460122,2.3462317859956032,1
CF_Solar,2022-06-28 19:00:00,460123,2.486296413840389,1
CF_Wind,2022-06-28 19:00:00,460123,2.486296413840389,1
Price,2022-06-28 19:00:00,460123,2.486296413840389,1
CF_Wind,2022-06-29 04:00:00,460132,2.0873044601705875,1
CF_Wind,2022-06-29 05:00:00,460133,1.8539192744228283,1
Price,2022-06-29 05:00:00,460133,1.8539192744228283,1
CF_Wind,2022-06-29 06:00:00,460134,1.5481458783222233,1
Price,2022-06-29 06:00:00,460134,1.5481458783222233,1
CF_Wind,2022-06-29 07:00:00,460135,1.314628149968283,1
Price,2022-06-29 07:00:00,460135,1.314628149968283,1
CF_Wind,2022-06-29 08:00:00,460136,0.9645629761648212,1
Price,2022-06-29 08:00:00,460136,0.9645629761648212,1
CF_Wind,2022-06-29 09:00:00,460137,0.8849331402610772,1
Price,2022-06-29 09:00:00,460137,0.8849331402610772,1
CF_Wind,2022-06-29 10:00:00,460138,0.6863196629644983,1
Price,2022-06-29 10:00:00,460138,0.6863196629644983,1
CF_Wind,2022-06-29 11:00:00,460139,1.0546459168855822,1
Price,2022-06-29 11:00:00,460139,1.0546459168855822,1
Price,2022-06-29 12:00:00,460140,0.8908216506454318,1
Price,2022-06-29 13:00:00,460141,0.8740872302349962,1
Price,2022-06-29 14:00:00,460142,0.908812983600568,1
n_targets,2022-06-29 14:00:00,460142,0.908812983600568,1
Price,2022-06-29 15:00:00,460143,0.9460210672415226,1
Price,2022-06-29 16:00:00,460144,0.7548729984705289,1
CF_Solar,2022-06-29 17:00:00,460145,0.9997820250213604,1
Price,2022-06-29 17:00:00,460145,0.9997820250213604,1
CF_Solar,2022-06-29 18:00:00,460146,1.323422858508828,1
Price,2022-06-29 18:00:00,460146,1.323422858508828,1
CF_Solar,2022-06-29 19:00:00,460147,1.899324960866993,1
Price,2022-06-29 19:00:00,460147,1.899324960866993,1
CF_Solar,2022-06-30 04:00:00,460156,1.959103880363497,1
Price,2022-06-30 04:00:00,460156,1.959103880363497,1
Price,2022-06-30 05:00:00,460157,1.3215472717310717,1
Price,2022-06-30 06:00:00,460158,1.2625278543974543,1
CF_Wind,2022-06-30 07:00:00,460159,0.9701058403808368,1
Price,2022-06-30 07:00:00,460159,0.9701058403808368,1
CF_Wind,2022-06-30 08:00:00,460160,1.1539172172123446,1
Price,2022-06-30 08:00:00,460160,1.1539172172123446,1
CF_Wind,2022-06-30 09:00:00,460161,1.1200319645209391,1
Price,2022-06-30 09:00:00,460161,1.1200319645209391,1
CF_Wind,2022-06-30 10:00:00,460162,1.3258668550558772,1
Price,2022-06-30 10:00:00,460162,1.3258668550558772,1
CF_Wind,2022-06-30 11:00:00,460163,1.2907264799541835,1
Price,2022-06-30 11:00:00,460163,1.2907264799541835,1
CF_Wind,2022-06-30 12:00:00,460164,1.324752010942739,1
Price,2022-06-30 12:00:00,460164,1.324752010942739,1
CF_Wind,2022-06-30 13:00:00,460165,1.4441152697315496,1
Price,2022-06-30 13:00:00,460165,1.4441152697315496,1
CF_Wind,2022-06-30 14:00:00,460166,1.4056656993450896,1
Price,2022-06-30 14:00:00,460166,1.4056656993450896,1
CF_Wind,2022-06-30 15:00:00,460167,1.53691562139768,1
Price,2022-06-30 15:00:00,460167,1.53691562139768,1
CF_Wind,2022-06-30 16:00:00,460168,1.3633633341841314,1
Price,2022-06-30 16:00:00,460168,1.3633633341841314,1
CF_Wind,2022-06-30 17:00:00,460169,1.9237109134109065,1
Price,2022-06-30 17:00:00,460169,1.9237109134109065,1
CF_Wind,2022-06-30 18:00:00,460170,2.219106113375445,1
Price,2022-06-30 18:00:00,460170,2.219106113375445,1
CF_Solar,2022-06-30 19:00:00,460171,2.139248516225289,1
CF_Wind,2022-06-30 19:00:00,460171,2.139248516225289,1
Price,2022-06-30 19:00:00,460171,2.139248516225289,1
CF_Solar,2022-07-01 04:00:00,460180,1.805507015206476,1
CF_Wind,2022-07-01 04:00:00,460180,1.805507015206476,1
Price,2022-07-01 04:00:00,460180,1.805507015206476,1
CF_Wind,2022-07-01 05:00:00,460181,1.6023431329597206,1
Price,2022-07-01 05:00:00,460181,1.6023431329597206,1
CF_Wind,2022-07-01 06:00:00,460182,1.1203443169465384,1
Price,2022-07-01 06:00:00,460182,1.1203443169465384,1
Price,2022-07-01 07:00:00,460183,0.76004073386211,1
Price,2022-07-01 08:00:00,460184,0.7827469797833337,1
Price,2022-07-01 09:00:00,460185,0.8343631999092445,1
Price,2022-07-01 10:00:00,460186,1.0324179062851218,1
CF_Wind,2022-07-01 11:00:00,460187,1.2195774997882936,1
CF_Wind,2022-07-01 12:00:00,460188,1.3223369918765089,1
Price,2022-07-01 12:00:00,460188,1.3223369918765089,1
CF_Wind,2022-07-01 13:00:00,460189,1.37146358717676,1
Price,2022-07-01 13:00:00,460189,1.37146358717676,1
CF_Wind,2022-07-01 14:00:00,460190,1.3684473508393955,1
Price,2022-07-01 14:00:00,460190,1.3684473508393955,1
CF_Wind,2022-07-01 15:00:00,460191,0.9915456281765715,1
Price,2022-07-01 15:00:00,460191,0.9915456281765715,1
CF_Solar,2022-07-01 18:00:00,460194,1.5515740045273076,1
Price,2022-07-01 18:00:00,460194,1.5515740045273076,1
CF_Solar,2022-07-01 19:00:00,460195,1.6248203729617134,1
Price,2022-07-01 19:00:00,460195,1.6248203729617134,1
CF_Solar,2022-07-02 04:00:00,460204,1.3897621856955924,1
Load_MW,2022-07-02 04:00:00,460204,1.3897621856955924,1
CF_Solar,2022-07-02 05:00:00,460205,0.5206562211893879,1
Price,2022-07-02 05:00:00,460205,0.5206562211893879,1
Price,2022-07-02 06:00:00,460206,0.117484235901061,1
Price,2022-07-02 07:00:00,460207,0.0613592921174692,1
Price,2022-07-02 08:00:00,460208,0.1306250493203249,1
n_targets,2022-07-02 08:00:00,460208,0.1306250493203249,1
Price,2022-07-02 09:00:00,460209,0.1055779467529698,1
n_targets,2022-07-02 09:00:00,460209,0.1055779467529698,1
Price,2022-07-02 10:00:00,460210,0.0365351433930241,1
n_targets,2022-07-02 10:00:00,460210,0.0365351433930241,1
Price,2022-07-02 11:00:00,460211,0.1728779644307894,1
n_targets,2022-07-02 11:00:00,460211,0.1728779644307894,1
Price,2022-07-02 12:00:00,460212,0.0895175785961857,1
n_targets,2022-07-02 12:00:00,460212,0.0895175785961857,1
Price,2022-07-02 13:00:00,460213,0.3415556105841864,1
n_targets,2022-07-02 13:00:00,460213,0.3415556105841864,1
Price,2022-07-02 14:00:00,460214,0.422281467567928,1
Price,2022-07-02 15:00:00,460215,0.3003954538222595,1
Price,2022-07-02 16:00:00,460216,0.292147838328169,1
Price,2022-07-02 17:00:00,460217,0.5252047323921374,1
Price,2022-07-02 18:00:00,460218,0.9848776648890798,1
Price,2022-07-02 19:00:00,460219,1.5974584103868716,1
CF_Wind,2022-07-03 04:00:00,460228,0.9774530498245492,1
CF_Wind,2022-07-03 05:00:00,460229,0.5392463243435242,1
Load_MW,2022-07-03 05:00:00,460229,0.5392463243435242,1
CF_Wind,2022-07-03 06:00:00,460230,0.5284395835707332,1
CF_Wind,2022-07-03 07:00:00,460231,0.7917228238696015,1
CF_Wind,2022-07-03 08:00:00,460232,0.6410646685970312,1
n_targets,2022-07-03 08:00:00,460232,0.6410646685970312,1
CF_Wind,2022-07-03 09:00:00,460233,0.54992132991712,1
n_targets,2022-07-03 09:00:00,460233,0.54992132991712,1
CF_Wind,2022-07-03 10:00:00,460234,0.5896069198142204,1
n_targets,2022-07-03 10:00:00,460234,0.5896069198142204,1
CF_Wind,2022-07-03 11:00:00,460235,0.6372006238065444,1
n_targets,2022-07-03 11:00:00,460235,0.6372006238065444,1
CF_Wind,2022-07-03 12:00:00,460236,0.6238789877276452,1
n_targets,2022-07-03 12:00:00,460236,0.6238789877276452,1
CF_Wind,2022-07-03 13:00:00,460237,0.4681854972885022,1
CF_Wind,2022-07-03 14:00:00,460238,0.7185581691088527,1
CF_Wind,2022-07-03 15:00:00,460239,0.6204004630528552,1
Price,2022-07-03 15:00:00,460239,0.6204004630528552,1
CF_Wind,2022-07-03 16:00:00,460240,0.608503103247086,1
Price,2022-07-03 16:00:00,460240,0.608503103247086,1
CF_Wind,2022-07-03 17:00:00,460241,1.036001555738928,1
Price,2022-07-03 17:00:00,460241,1.036001555738928,1
CF_Wind,2022-07-03 18:00:00,460242,1.6005724871023346,1
Price,2022-07-03 18:00:00,460242,1.6005724871023346,1
CF_Wind,2022-07-03 19:00:00,460243,2.357477520522034,1
Price,2022-07-03 19:00:00,460243,2.357477520522034,1
CF_Solar,2022-07-04 04:00:00,460252,2.3012121800919005,1
CF_Wind,2022-07-04 04:00:00,460252,2.3012121800919005,1
Price,2022-07-04 04:00:00,460252,2.3012121800919005,1
CF_Wind,2022-07-04 05:00:00,460253,1.9112778613850008,1
Price,2022-07-04 05:00:00,460253,1.9112778613850008,1
CF_Wind,2022-07-04 06:00:00,460254,1.5937440804208731,1
Price,2022-07-04 06:00:00,460254,1.5937440804208731,1
CF_Wind,2022-07-04 07:00:00,460255,1.2870835577052178,1
CF_Wind,2022-07-04 08:00:00,460256,0.9319917494464908,1
Price,2022-07-04 08:00:00,460256,0.9319917494464908,1
CF_Wind,2022-07-04 09:00:00,460257,1.0649216747797408,1
Price,2022-07-04 09:00:00,460257,1.0649216747797408,1
CF_Wind,2022-07-04 10:00:00,460258,1.1415017984477849,1
Price,2022-07-04 10:00:00,460258,1.1415017984477849,1
CF_Wind,2022-07-04 11:00:00,460259,1.2368503714053076,1
Price,2022-07-04 11:00:00,460259,1.2368503714053076,1
CF_Wind,2022-07-04 12:00:00,460260,1.1796498677388332,1
Price,2022-07-04 12:00:00,460260,1.1796498677388332,1
CF_Wind,2022-07-04 13:00:00,460261,1.3055579316305015,1
Price,2022-07-04 13:00:00,460261,1.3055579316305015,1
CF_Wind,2022-07-04 14:00:00,460262,1.690381699854232,1
Price,2022-07-04 14:00:00,460262,1.690381699854232,1
CF_Wind,2022-07-04 15:00:00,460263,1.680625292094258,1
Price,2022-07-04 15:00:00,460263,1.680625292094258,1
CF_Solar,2022-07-04 16:00:00,460264,1.0989338876428396,1
CF_Wind,2022-07-04 16:00:00,460264,1.0989338876428396,1
Price,2022-07-04 16:00:00,460264,1.0989338876428396,1
CF_Solar,2022-07-04 17:00:00,460265,1.840813861014768,1
CF_Wind,2022-07-04 17:00:00,460265,1.840813861014768,1
Price,2022-07-04 17:00:00,460265,1.840813861014768,1
CF_Solar,2022-07-04 18:00:00,460266,1.7902434240415042,1
CF_Wind,2022-07-04 18:00:00,460266,1.7902434240415042,1
Price,2022-07-04 18:00:00,460266,1.7902434240415042,1
CF_Wind,2022-07-05 01:00:00,460273,2.582668299053603,1
CF_Wind,2022-07-05 02:00:00,460274,2.323397086684494,1
CF_Wind,2022-07-05 04:00:00,460276,2.582618488546034,1
Price,2022-07-05 04:00:00,460276,2.582618488546034,1
CF_Wind,2022-07-05 05:00:00,460277,2.067028861061678,1
Price,2022-07-05 05:00:00,460277,2.067028861061678,1
CF_Wind,2022-07-05 06:00:00,460278,1.6648334035307026,1
Price,2022-07-05 06:00:00,460278,1.6648334035307026,1
CF_Wind,2022-07-05 07:00:00,460279,1.2753232777778636,1
Price,2022-07-05 07:00:00,460279,1.2753232777778636,1
CF_Wind,2022-07-05 08:00:00,460280,0.7733634159880003,1
Price,2022-07-05 08:00:00,460280,0.7733634159880003,1
Price,2022-07-05 09:00:00,460281,0.7266237439204184,1
Price,2022-07-05 10:00:00,460282,0.647068398020382,1
Price,2022-07-05 11:00:00,460283,0.7553014345419493,1
n_targets,2022-07-05 11:00:00,460283,0.7553014345419493,1
Price,2022-07-05 12:00:00,460284,0.7729671599635486,1
n_targets,2022-07-05 12:00:00,460284,0.7729671599635486,1
Price,2022-07-05 13:00:00,460285,0.8489909479086695,1
n_targets,2022-07-05 13:00:00,460285,0.8489909479086695,1
Price,2022-07-05 14:00:00,460286,0.6550396393855751,1
n_targets,2022-07-05 14:00:00,460286,0.6550396393855751,1
Price,2022-07-05 15:00:00,460287,0.7588244790048935,1
n_targets,2022-07-05 15:00:00,460287,0.7588244790048935,1
Price,2022-07-05 16:00:00,460288,0.5047086437919572,1
n_targets,2022-07-05 16:00:00,460288,0.5047086437919572,1
Price,2022-07-05 17:00:00,460289,0.9604538118446868,1
Price,2022-07-05 18:00:00,460290,1.6672557436910276,1
CF_Solar,2022-07-05 19:00:00,460291,1.6370845911178769,1
Price,2022-07-05 19:00:00,460291,1.6370845911178769,1
CF_Solar,2022-07-06 04:00:00,460300,2.302359993491071,1
CF_Wind,2022-07-06 04:00:00,460300,2.302359993491071,1
CF_Wind,2022-07-06 05:00:00,460301,1.9319849941933327,1
Price,2022-07-06 05:00:00,460301,1.9319849941933327,1
CF_Wind,2022-07-06 06:00:00,460302,1.493833497261856,1
Price,2022-07-06 06:00:00,460302,1.493833497261856,1
CF_Wind,2022-07-06 07:00:00,460303,1.155876927704642,1
Price,2022-07-06 07:00:00,460303,1.155876927704642,1
CF_Wind,2022-07-06 08:00:00,460304,1.2237783041153012,1
Price,2022-07-06 08:00:00,460304,1.2237783041153012,1
CF_Wind,2022-07-06 09:00:00,460305,1.2489116648107457,1
Price,2022-07-06 09:00:00,460305,1.2489116648107457,1
CF_Wind,2022-07-06 10:00:00,460306,0.8889625435720676,1
Price,2022-07-06 10:00:00,460306,0.8889625435720676,1
CF_Wind,2022-07-06 11:00:00,460307,0.8556972988755964,1
Load_MW,2022-07-06 13:00:00,460309,1.342440070300915,1
Load_MW,2022-07-06 14:00:00,460310,1.2996963469212062,1
CF_Wind,2022-07-06 15:00:00,460311,1.1280519265839488,1
Price,2022-07-06 15:00:00,460311,1.1280519265839488,1
CF_Wind,2022-07-06 16:00:00,460312,1.166705990451216,1
Price,2022-07-06 16:00:00,460312,1.166705990451216,1
CF_Wind,2022-07-06 17:00:00,460313,1.3347104804467342,1
Price,2022-07-06 17:00:00,460313,1.3347104804467342,1
CF_Wind,2022-07-06 18:00:00,460314,1.886994741490173,1
Price,2022-07-06 18:00:00,460314,1.886994741490173,1
CF_Wind,2022-07-06 19:00:00,460315,2.20659700564989,1
Price,2022-07-06 19:00:00,460315,2.20659700564989,1
CF_Solar,2022-07-07 04:00:00,460324,2.490959894963797,1
CF_Wind,2022-07-07 04:00:00,460324,2.490959894963797,1
Price,2022-07-07 04:00:00,460324,2.490959894963797,1
CF_Wind,2022-07-07 05:00:00,460325,2.035265626808041,1
Price,2022-07-07 05:00:00,460325,2.035265626808041,1
CF_Wind,2022-07-07 06:00:00,460326,1.7006668432905907,1
Price,2022-07-07 06:00:00,460326,1.7006668432905907,1
CF_Wind,2022-07-07 07:00:00,460327,1.559128376138002,1
Price,2022-07-07 07:00:00,460327,1.559128376138002,1
CF_Wind,2022-07-07 08:00:00,460328,1.203929711909662,1
Price,2022-07-07 08:00:00,460328,1.203929711909662,1
Price,2022-07-07 10:00:00,460330,0.6945492913117708,1
Price,2022-07-07 11:00:00,460331,0.7479103032720864,1
n_targets,2022-07-07 11:00:00,460331,0.7479103032720864,1
Price,2022-07-07 13:00:00,460333,0.8226157085956056,1
Price,2022-07-07 14:00:00,460334,0.7616843255216101,1
Price,2022-07-07 15:00:00,460335,0.6503099270069419,1
n_targets,2022-07-07 15:00:00,460335,0.6503099270069419,1
Price,2022-07-07 16:00:00,460336,0.4623520721884098,1
Price,2022-07-07 17:00:00,460337,0.641151251107609,1
CF_Solar,2022-07-07 18:00:00,460338,1.033543699490877,1
Price,2022-07-07 18:00:00,460338,1.033543699490877,1
CF_Solar,2022-07-07 19:00:00,460339,1.3430615789879166,1
Price,2022-07-07 19:00:00,460339,1.3430615789879166,1
CF_Solar,2022-07-08 04:00:00,460348,1.92903581645284,1
Price,2022-07-08 04:00:00,460348,1.92903581645284,1
CF_Solar,2022-07-08 05:00:00,460349,1.3048072429430673,1
Price,2022-07-08 05:00:00,460349,1.3048072429430673,1
Price,2022-07-08 06:00:00,460350,0.8100497685298544,1
Price,2022-07-08 07:00:00,460351,0.5550376779410227,1
Price,2022-07-08 08:00:00,460352,0.4811574350936329,1
Price,2022-07-08 09:00:00,460353,0.7009849752876409,1
CF_Wind,2022-07-08 10:00:00,460354,0.5355055417233279,1
Price,2022-07-08 10:00:00,460354,0.5355055417233279,1
CF_Wind,2022-07-08 11:00:00,460355,0.7527037361976199,1
Price,2022-07-08 11:00:00,460355,0.7527037361976199,1
Price,2022-07-08 12:00:00,460356,0.644572190362996,1
Price,2022-07-08 13:00:00,460357,0.6680960586847335,1
Price,2022-07-08 14:00:00,460358,0.7688293910453807,1
Price,2022-07-08 15:00:00,460359,0.5741837235258704,1
Price,2022-07-08 16:00:00,460360,0.3783972549515269,1
Price,2022-07-08 17:00:00,460361,0.7770399341360221,1
Price,2022-07-08 18:00:00,460362,1.105736334632425,1
Price,2022-07-08 19:00:00,460363,1.6618849562545872,1
Price,2022-07-09 02:00:00,460370,0.5046818895339102,1
Price,2022-07-09 03:00:00,460371,0.3232910966747424,1
Price,2022-07-09 04:00:00,460372,0.5017991977050549,1
Price,2022-07-09 05:00:00,460373,0.2433175563599048,1
Price,2022-07-09 06:00:00,460374,0.0277279937241359,1
CF_Solar,2022-07-10 04:00:00,460396,0.0336940257049076,1
n_targets,2022-07-10 04:00:00,460396,0.0336940257049076,1
Price,2022-07-10 19:00:00,460411,0.9227309227956972,1
CF_Solar,2022-07-11 04:00:00,460420,2.9533604740094104,1
Price,2022-07-11 04:00:00,460420,2.9533604740094104,1
CF_Solar,2022-07-11 05:00:00,460421,2.157685742279116,1
Price,2022-07-11 05:00:00,460421,2.157685742279116,1
CF_Wind,2022-07-11 06:00:00,460422,1.3719837290133887,1
Price,2022-07-11 06:00:00,460422,1.3719837290133887,1
Price,2022-07-11 07:00:00,460423,1.0266970478642032,1
Price,2022-07-11 08:00:00,460424,1.0825621885509364,1
Price,2022-07-11 09:00:00,460425,1.1051827718439404,1
n_targets,2022-07-11 09:00:00,460425,1.1051827718439404,1
Price,2022-07-11 10:00:00,460426,0.9888855264598112,1
n_targets,2022-07-11 10:00:00,460426,0.9888855264598112,1
Price,2022-07-11 11:00:00,460427,0.8531029585340011,1
n_targets,2022-07-11 11:00:00,460427,0.8531029585340011,1
Price,2022-07-11 12:00:00,460428,0.990005226732938,1
n_targets,2022-07-11 12:00:00,460428,0.990005226732938,1
Price,2022-07-11 13:00:00,460429,0.944469262607928,1
n_targets,2022-07-11 13:00:00,460429,0.944469262607928,1
Price,2022-07-11 14:00:00,460430,1.2155366060945303,1
n_targets,2022-07-11 14:00:00,460430,1.2155366060945303,1
Price,2022-07-11 15:00:00,460431,1.1254066748306104,1
n_targets,2022-07-11 15:00:00,460431,1.1254066748306104,1
Price,2022-07-11 16:00:00,460432,0.9219071992426632,1
n_targets,2022-07-11 16:00:00,460432,0.9219071992426632,1
Price,2022-07-11 17:00:00,460433,1.2987591256949254,1
Price,2022-07-11 18:00:00,460434,1.8376802232874407,1
CF_Solar,2022-07-11 19:00:00,460435,2.3425344505005703,1
Price,2022-07-11 19:00:00,460435,2.3425344505005703,1
CF_Wind,2022-07-12 04:00:00,460444,2.2098921513350187,1
Price,2022-07-12 04:00:00,460444,2.2098921513350187,1
CF_Wind,2022-07-12 05:00:00,460445,2.102969308829356,1
Price,2022-07-12 05:00:00,460445,2.102969308829356,1
CF_Wind,2022-07-12 06:00:00,460446,1.7125457893308142,1
Price,2022-07-12 06:00:00,460446,1.7125457893308142,1
CF_Wind,2022-07-12 07:00:00,460447,1.2402682370747826,1
Price,2022-07-12 07:00:00,460447,1.2402682370747826,1
CF_Wind,2022-07-12 08:00:00,460448,0.971426566363297,1
Price,2022-07-12 08:00:00,460448,0.971426566363297,1
Price,2022-07-12 09:00:00,460449,0.8635824229820557,1
Price,2022-07-12 10:00:00,460450,0.9260187353346284,1
Price,2022-07-12 11:00:00,460451,0.8597598092586822,1
CF_Wind,2022-07-12 12:00:00,460452,1.1375621864711245,1
Price,2022-07-12 12:00:00,460452,1.1375621864711245,1
CF_Wind,2022-07-12 13:00:00,460453,0.965998713247568,1
Price,2022-07-12 13:00:00,460453,0.965998713247568,1
CF_Wind,2022-07-12 14:00:00,460454,1.1588702151783277,1
Price,2022-07-12 14:00:00,460454,1.1588702151783277,1
CF_Wind,2022-07-12 15:00:00,460455,1.2011629330186848,1
Price,2022-07-12 15:00:00,460455,1.2011629330186848,1
CF_Wind,2022-07-12 16:00:00,460456,1.2567303939377303,1
Price,2022-07-12 16:00:00,460456,1.2567303939377303,1
CF_Wind,2022-07-12 17:00:00,460457,1.7576056990318814,1
Price,2022-07-12 17:00:00,460457,1.7576056990318814,1
CF_Wind,2022-07-12 18:00:00,460458,2.3532573216828885,1
Price,2022-07-12 18:00:00,460458,2.3532573216828885,1
CF_Wind,2022-07-12 19:00:00,460459,2.640281408205205,1
Price,2022-07-12 19:00:00,460459,2.640281408205205,1
CF_Solar,2022-07-13 04:00:00,460468,3.468664200039683,1
CF_Wind,2022-07-13 04:00:00,460468,3.468664200039683,1
Load_MW,2022-07-13 04:00:00,460468,3.468664200039683,1
CF_Wind,2022-07-13 05:00:00,460469,2.568922828223867,1
Load_MW,2022-07-13 05:00:00,460469,2.568922828223867,1
CF_Wind,2022-07-13 06:00:00,460470,2.066380755687558,1
Load_MW,2022-07-13 06:00:00,460470,2.066380755687558,1
CF_Wind,2022-07-13 07:00:00,460471,1.2049195047728147,1
Price,2022-07-13 07:00:00,460471,1.2049195047728147,1
CF_Wind,2022-07-13 08:00:00,460472,0.9818811465238249,1
Price,2022-07-13 08:00:00,460472,0.9818811465238249,1
Price,2022-07-13 09:00:00,460473,0.8352068170465667,1
Price,2022-07-13 10:00:00,460474,0.8042978133269352,1
Price,2022-07-13 11:00:00,460475,0.8250681941762048,1
n_targets,2022-07-13 11:00:00,460475,0.8250681941762048,1
Price,2022-07-13 12:00:00,460476,0.9247295200005818,1
n_targets,2022-07-13 12:00:00,460476,0.9247295200005818,1
Price,2022-07-13 13:00:00,460477,1.0580776131080536,1
n_targets,2022-07-13 13:00:00,460477,1.0580776131080536,1
Price,2022-07-13 14:00:00,460478,1.2185705406119076,1
Price,2022-07-13 15:00:00,460479,1.0135054781334427,1
CF_Wind,2022-07-13 16:00:00,460480,0.8748311025358784,1
Price,2022-07-13 16:00:00,460480,0.8748311025358784,1
CF_Wind,2022-07-13 17:00:00,460481,1.2253438255373277,1
Price,2022-07-13 17:00:00,460481,1.2253438255373277,1
CF_Wind,2022-07-13 18:00:00,460482,1.9238617309924495,1
Price,2022-07-13 18:00:00,460482,1.9238617309924495,1
CF_Wind,2022-07-13 19:00:00,460483,2.5060234836428017,1
Price,2022-07-13 19:00:00,460483,2.5060234836428017,1
CF_Solar,2022-07-14 04:00:00,460492,3.992621388749104,1
CF_Wind,2022-07-14 04:00:00,460492,3.992621388749104,1
Price,2022-07-14 04:00:00,460492,3.992621388749104,1
CF_Solar,2022-07-14 05:00:00,460493,3.1132083964215065,1
CF_Wind,2022-07-14 05:00:00,460493,3.1132083964215065,1
Price,2022-07-14 05:00:00,460493,3.1132083964215065,1
CF_Wind,2022-07-14 06:00:00,460494,2.302699624152255,1
Price,2022-07-14 06:00:00,460494,2.302699624152255,1
CF_Wind,2022-07-14 07:00:00,460495,1.9248967067078515,1
Price,2022-07-14 07:00:00,460495,1.9248967067078515,1
CF_Wind,2022-07-14 08:00:00,460496,1.296963296600549,1
Price,2022-07-14 08:00:00,460496,1.296963296600549,1
CF_Wind,2022-07-14 09:00:00,460497,1.4758655396301172,1
Price,2022-07-14 09:00:00,460497,1.4758655396301172,1
CF_Wind,2022-07-14 10:00:00,460498,1.1919170238056518,1
Price,2022-07-14 10:00:00,460498,1.1919170238056518,1
CF_Wind,2022-07-14 11:00:00,460499,1.3444545121144575,1
Price,2022-07-14 11:00:00,460499,1.3444545121144575,1
CF_Wind,2022-07-14 12:00:00,460500,1.401780176493642,1
Price,2022-07-14 12:00:00,460500,1.401780176493642,1
CF_Wind,2022-07-14 13:00:00,460501,1.573613566244371,1
CF_Wind,2022-07-14 14:00:00,460502,1.657868821482147,1
Price,2022-07-14 14:00:00,460502,1.657868821482147,1
CF_Wind,2022-07-14 15:00:00,460503,1.6609998460273945,1
Price,2022-07-14 15:00:00,460503,1.6609998460273945,1
CF_Wind,2022-07-14 16:00:00,460504,1.3414800127866997,1
Price,2022-07-14 16:00:00,460504,1.3414800127866997,1
CF_Wind,2022-07-14 17:00:00,460505,1.240500331406953,1
Price,2022-07-14 17:00:00,460505,1.240500331406953,1
CF_Wind,2022-07-14 18:00:00,460506,1.7257872030525785,1
Price,2022-07-14 18:00:00,460506,1.7257872030525785,1
CF_Wind,2022-07-14 19:00:00,460507,2.261887549948555,1
Price,2022-07-14 19:00:00,460507,2.261887549948555,1
CF_Solar,2022-07-15 04:00:00,460516,2.750106910402627,1
Price,2022-07-15 04:00:00,460516,2.750106910402627,1
CF_Solar,2022-07-15 05:00:00,460517,1.8693831437447128,1
Price,2022-07-15 05:00:00,460517,1.8693831437447128,1
Price,2022-07-15 06:00:00,460518,1.1162561476334174,1
Price,2022-07-15 07:00:00,460519,0.989010408703718,1
Price,2022-07-15 08:00:00,460520,1.0108693904027484,1
n_targets,2022-07-15 08:00:00,460520,1.0108693904027484,1
Price,2022-07-15 09:00:00,460521,0.966886697309196,1
n_targets,2022-07-15 09:00:00,460521,0.966886697309196,1
Price,2022-07-15 10:00:00,460522,0.7882471418988939,1
n_targets,2022-07-15 10:00:00,460522,0.7882471418988939,1
Price,2022-07-15 11:00:00,460523,0.9283493171039944,1
n_targets,2022-07-15 11:00:00,460523,0.9283493171039944,1
Price,2022-07-15 12:00:00,460524,1.0123379247042927,1
n_targets,2022-07-15 12:00:00,460524,1.0123379247042927,1
Price,2022-07-15 13:00:00,460525,1.0281389314400515,1
n_targets,2022-07-15 13:00:00,460525,1.0281389314400515,1
Price,2022-07-15 15:00:00,460527,1.1171164668741953,1
CF_Wind,2022-07-15 16:00:00,460528,1.0291788479609083,1
Price,2022-07-15 16:00:00,460528,1.0291788479609083,1
CF_Wind,2022-07-15 17:00:00,460529,1.181993926114716,1
Price,2022-07-15 17:00:00,460529,1.181993926114716,1
CF_Wind,2022-07-15 18:00:00,460530,1.8354227029713688,1
Price,2022-07-15 18:00:00,460530,1.8354227029713688,1
CF_Wind,2022-07-15 19:00:00,460531,2.396903407689843,1
Price,2022-07-15 19:00:00,460531,2.396903407689843,1
CF_Solar,2022-07-16 04:00:00,460540,1.9498376992010131,1
CF_Wind,2022-07-16 04:00:00,460540,1.9498376992010131,1
Load_MW,2022-07-16 04:00:00,460540,1.9498376992010131,1
CF_Wind,2022-07-16 05:00:00,460541,1.333838325059116,1
Load_MW,2022-07-16 05:00:00,460541,1.333838325059116,1
CF_Wind,2022-07-16 06:00:00,460542,1.3026325350398908,1
Load_MW,2022-07-16 06:00:00,460542,1.3026325350398908,1
CF_Wind,2022-07-16 07:00:00,460543,1.4492155462928846,1
Price,2022-07-16 07:00:00,460543,1.4492155462928846,1
CF_Wind,2022-07-16 08:00:00,460544,1.320023847027648,1
Price,2022-07-16 08:00:00,460544,1.320023847027648,1
CF_Wind,2022-07-16 09:00:00,460545,1.0096999560428757,1
Price,2022-07-16 09:00:00,460545,1.0096999560428757,1
CF_Wind,2022-07-16 10:00:00,460546,0.8491561148896885,1
Price,2022-07-16 10:00:00,460546,0.8491561148896885,1
CF_Wind,2022-07-16 11:00:00,460547,0.3770715191918792,1
Price,2022-07-16 11:00:00,460547,0.3770715191918792,1
Price,2022-07-16 17:00:00,460553,0.4431033088314224,1
n_targets,2022-07-16 17:00:00,460553,0.4431033088314224,1
Price,2022-07-16 18:00:00,460554,0.7194170219486742,1
Price,2022-07-16 19:00:00,460555,1.1381270326863404,1
CF_Wind,2022-07-17 04:00:00,460564,0.4417713452924074,1
Price,2022-07-17 04:00:00,460564,0.4417713452924074,1
CF_Wind,2022-07-17 05:00:00,460565,0.3741596323042777,1
CF_Wind,2022-07-17 06:00:00,460566,0.6428124234108956,1
CF_Wind,2022-07-17 07:00:00,460567,0.7318809754887028,1
n_targets,2022-07-17 07:00:00,460567,0.7318809754887028,1
CF_Wind,2022-07-17 08:00:00,460568,0.7463816754722394,1
n_targets,2022-07-17 08:00:00,460568,0.7463816754722394,1
CF_Wind,2022-07-17 09:00:00,460569,0.5558987381331455,1
n_targets,2022-07-17 09:00:00,460569,0.5558987381331455,1
CF_Wind,2022-07-17 10:00:00,460570,0.7263353502333862,1
n_targets,2022-07-17 10:00:00,460570,0.7263353502333862,1
CF_Wind,2022-07-17 11:00:00,460571,0.7607253846514967,1
n_targets,2022-07-17 11:00:00,460571,0.7607253846514967,1
CF_Wind,2022-07-17 12:00:00,460572,0.6671057364882627,1
n_targets,2022-07-17 12:00:00,460572,0.6671057364882627,1
CF_Wind,2022-07-17 13:00:00,460573,0.5468869447516396,1
n_targets,2022-07-17 13:00:00,460573,0.5468869447516396,1
CF_Wind,2022-07-17 14:00:00,460574,0.6825224387362265,1
CF_Wind,2022-07-17 15:00:00,460575,0.6591447734780591,1
CF_Wind,2022-07-17 16:00:00,460576,0.5765520688040424,1
Price,2022-07-17 16:00:00,460576,0.5765520688040424,1
CF_Wind,2022-07-17 17:00:00,460577,0.9663453247770328,1
Price,2022-07-17 17:00:00,460577,0.9663453247770328,1
CF_Wind,2022-07-17 18:00:00,460578,1.4587598155628418,1
Price,2022-07-17 18:00:00,460578,1.4587598155628418,1
CF_Wind,2022-07-17 19:00:00,460579,2.3093120734057235,1
Price,2022-07-17 19:00:00,460579,2.3093120734057235,1
CF_Solar,2022-07-18 04:00:00,460588,3.7885047868632418,1
CF_Wind,2022-07-18 04:00:00,460588,3.7885047868632418,1
Price,2022-07-18 04:00:00,460588,3.7885047868632418,1
CF_Solar,2022-07-18 05:00:00,460589,3.1350640818337068,1
CF_Wind,2022-07-18 05:00:00,460589,3.1350640818337068,1
Price,2022-07-18 05:00:00,460589,3.1350640818337068,1
CF_Wind,2022-07-18 06:00:00,460590,2.3421098065211483,1
Price,2022-07-18 06:00:00,460590,2.3421098065211483,1
CF_Wind,2022-07-18 07:00:00,460591,2.0328721853099463,1
Price,2022-07-18 07:00:00,460591,2.0328721853099463,1
CF_Wind,2022-07-18 08:00:00,460592,1.7394706062794705,1
Price,2022-07-18 08:00:00,460592,1.7394706062794705,1
CF_Wind,2022-07-18 09:00:00,460593,1.757531168179597,1
Price,2022-07-18 09:00:00,460593,1.757531168179597,1
CF_Wind,2022-07-18 10:00:00,460594,1.89317949813023,1
Price,2022-07-18 10:00:00,460594,1.89317949813023,1
CF_Wind,2022-07-18 11:00:00,460595,2.057937829570835,1
Price,2022-07-18 11:00:00,460595,2.057937829570835,1
CF_Wind,2022-07-18 12:00:00,460596,1.914521465779847,1
Price,2022-07-18 12:00:00,460596,1.914521465779847,1
CF_Wind,2022-07-18 13:00:00,460597,2.0481761982753675,1
Price,2022-07-18 13:00:00,460597,2.0481761982753675,1
CF_Wind,2022-07-18 14:00:00,460598,2.157509281998786,1
Price,2022-07-18 14:00:00,460598,2.157509281998786,1
CF_Wind,2022-07-18 15:00:00,460599,2.1569587211620185,1
Price,2022-07-18 15:00:00,460599,2.1569587211620185,1
CF_Wind,2022-07-18 16:00:00,460600,2.069043306626652,1
Price,2022-07-18 16:00:00,460600,2.069043306626652,1
CF_Wind,2022-07-18 17:00:00,460601,2.387087918575764,1
Price,2022-07-18 17:00:00,460601,2.387087918575764,1
CF_Wind,2022-07-18 18:00:00,460602,3.193906002415004,1
Price,2022-07-18 18:00:00,460602,3.193906002415004,1
CF_Solar,2022-07-18 19:00:00,460603,3.861957137928464,1
CF_Wind,2022-07-18 19:00:00,460603,3.861957137928464,1
Price,2022-07-18 19:00:00,460603,3.861957137928464,1
CF_Solar,2022-07-19 04:00:00,460612,3.736616465556682,1
CF_Wind,2022-07-19 04:00:00,460612,3.736616465556682,1
Load_MW,2022-07-19 04:00:00,460612,3.736616465556682,1
CF_Wind,2022-07-19 05:00:00,460613,3.244954815458649,1
Price,2022-07-19 05:00:00,460613,3.244954815458649,1
CF_Wind,2022-07-19 06:00:00,460614,2.6111382325451813,1
Price,2022-07-19 06:00:00,460614,2.6111382325451813,1
CF_Wind,2022-07-19 07:00:00,460615,1.969253944563879,1
Price,2022-07-19 07:00:00,460615,1.969253944563879,1
CF_Wind,2022-07-19 08:00:00,460616,1.9297918650190384,1
Price,2022-07-19 08:00:00,460616,1.9297918650190384,1
CF_Wind,2022-07-19 09:00:00,460617,2.1131030679941114,1
Price,2022-07-19 09:00:00,460617,2.1131030679941114,1
CF_Wind,2022-07-19 10:00:00,460618,2.290320491666604,1
Price,2022-07-19 10:00:00,460618,2.290320491666604,1
CF_Wind,2022-07-19 11:00:00,460619,2.508787451423092,1
Price,2022-07-19 11:00:00,460619,2.508787451423092,1
CF_Wind,2022-07-19 12:00:00,460620,2.4784427458516074,1
Price,2022-07-19 12:00:00,460620,2.4784427458516074,1
CF_Wind,2022-07-19 13:00:00,460621,2.518330857448716,1
Price,2022-07-19 13:00:00,460621,2.518330857448716,1
CF_Wind,2022-07-19 14:00:00,460622,2.604478691232873,1
Price,2022-07-19 14:00:00,460622,2.604478691232873,1
CF_Wind,2022-07-19 15:00:00,460623,2.669399565584332,1
Price,2022-07-19 15:00:00,460623,2.669399565584332,1
CF_Wind,2022-07-19 16:00:00,460624,2.524315031554156,1
Price,2022-07-19 16:00:00,460624,2.524315031554156,1
CF_Solar,2022-07-19 17:00:00,460625,2.678642857414099,1
CF_Wind,2022-07-19 17:00:00,460625,2.678642857414099,1
Price,2022-07-19 17:00:00,460625,2.678642857414099,1
CF_Solar,2022-07-19 18:00:00,460626,3.3682280731424084,1
CF_Wind,2022-07-19 18:00:00,460626,3.3682280731424084,1
Price,2022-07-19 18:00:00,460626,3.3682280731424084,1
CF_Solar,2022-07-19 19:00:00,460627,4.081200508150502,1
CF_Wind,2022-07-19 19:00:00,460627,4.081200508150502,1
Price,2022-07-19 19:00:00,460627,4.081200508150502,1
CF_Wind,2022-07-20 01:00:00,460633,2.7771283554190167,1
CF_Wind,2022-07-20 02:00:00,460634,2.9131253989916,1
CF_Wind,2022-07-20 04:00:00,460636,4.272873759461509,1
Load_MW,2022-07-20 04:00:00,460636,4.272873759461509,1
CF_Wind,2022-07-20 05:00:00,460637,3.74946870601342,1
Load_MW,2022-07-20 05:00:00,460637,3.74946870601342,1
CF_Wind,2022-07-20 06:00:00,460638,2.488440742758841,1
Load_MW,2022-07-20 06:00:00,460638,2.488440742758841,1
CF_Wind,2022-07-20 07:00:00,460639,2.299241509372062,1
Price,2022-07-20 07:00:00,460639,2.299241509372062,1
CF_Wind,2022-07-20 08:00:00,460640,1.899195988488367,1
Price,2022-07-20 08:00:00,460640,1.899195988488367,1
CF_Wind,2022-07-20 09:00:00,460641,1.97644267855246,1
Price,2022-07-20 09:00:00,460641,1.97644267855246,1
CF_Wind,2022-07-20 10:00:00,460642,1.8500100947515985,1
Price,2022-07-20 10:00:00,460642,1.8500100947515985,1
CF_Wind,2022-07-20 11:00:00,460643,1.9803085836725915,1
Price,2022-07-20 11:00:00,460643,1.9803085836725915,1
CF_Wind,2022-07-20 12:00:00,460644,2.123148534628532,1
Price,2022-07-20 12:00:00,460644,2.123148534628532,1
CF_Wind,2022-07-20 13:00:00,460645,2.1570071047223127,1
Price,2022-07-20 13:00:00,460645,2.1570071047223127,1
CF_Wind,2022-07-20 14:00:00,460646,2.212994769276825,1
Price,2022-07-20 14:00:00,460646,2.212994769276825,1
CF_Wind,2022-07-20 15:00:00,460647,2.150356664588613,1
CF_Wind,2022-07-20 16:00:00,460648,1.750511028801166,1
Price,2022-07-20 16:00:00,460648,1.750511028801166,1
CF_Wind,2022-07-20 17:00:00,460649,2.166251705341641,1
Price,2022-07-20 17:00:00,460649,2.166251705341641,1
CF_Wind,2022-07-20 18:00:00,460650,2.7748197186783514,1
Price,2022-07-20 18:00:00,460650,2.7748197186783514,1
CF_Solar,2022-07-20 19:00:00,460651,2.8507142877392293,1
CF_Wind,2022-07-20 19:00:00,460651,2.8507142877392293,1
Price,2022-07-20 19:00:00,460651,2.8507142877392293,1
CF_Solar,2022-07-21 04:00:00,460660,3.824063497157227,1
CF_Wind,2022-07-21 04:00:00,460660,3.824063497157227,1
Price,2022-07-21 04:00:00,460660,3.824063497157227,1
CF_Solar,2022-07-21 05:00:00,460661,3.0916159236388023,1
CF_Wind,2022-07-21 05:00:00,460661,3.0916159236388023,1
Price,2022-07-21 05:00:00,460661,3.0916159236388023,1
CF_Wind,2022-07-21 06:00:00,460662,2.508214878863483,1
Price,2022-07-21 06:00:00,460662,2.508214878863483,1
CF_Wind,2022-07-21 07:00:00,460663,2.3006124786760425,1
Price,2022-07-21 07:00:00,460663,2.3006124786760425,1
CF_Wind,2022-07-21 08:00:00,460664,2.1706136045930355,1
Price,2022-07-21 08:00:00,460664,2.1706136045930355,1
CF_Wind,2022-07-21 09:00:00,460665,2.0203344433303565,1
Price,2022-07-21 09:00:00,460665,2.0203344433303565,1
CF_Wind,2022-07-21 10:00:00,460666,2.000643211770455,1
Price,2022-07-21 10:00:00,460666,2.000643211770455,1
CF_Wind,2022-07-21 11:00:00,460667,2.225379216022021,1
Price,2022-07-21 11:00:00,460667,2.225379216022021,1
CF_Wind,2022-07-21 12:00:00,460668,2.263832265052911,1
Price,2022-07-21 12:00:00,460668,2.263832265052911,1
CF_Wind,2022-07-21 13:00:00,460669,2.373033774915375,1
Price,2022-07-21 13:00:00,460669,2.373033774915375,1
CF_Wind,2022-07-21 14:00:00,460670,2.384992311967077,1
CF_Wind,2022-07-21 15:00:00,460671,2.1905051314823454,1
Price,2022-07-21 15:00:00,460671,2.1905051314823454,1
CF_Wind,2022-07-21 16:00:00,460672,1.9259970228587011,1
Price,2022-07-21 16:00:00,460672,1.9259970228587011,1
CF_Wind,2022-07-21 17:00:00,460673,2.1191739285355524,1
Price,2022-07-21 17:00:00,460673,2.1191739285355524,1
CF_Wind,2022-07-21 18:00:00,460674,2.5752594486178,1
Price,2022-07-21 18:00:00,460674,2.5752594486178,1
CF_Solar,2022-07-22 04:00:00,460684,3.139152696166292,1
Price,2022-07-22 04:00:00,460684,3.139152696166292,1
CF_Solar,2022-07-22 05:00:00,460685,2.812072996950339,1
CF_Wind,2022-07-22 05:00:00,460685,2.812072996950339,1
Price,2022-07-22 05:00:00,460685,2.812072996950339,1
CF_Wind,2022-07-22 06:00:00,460686,2.078154684826446,1
Price,2022-07-22 06:00:00,460686,2.078154684826446,1
CF_Wind,2022-07-22 07:00:00,460687,1.871622954719742,1
Price,2022-07-22 07:00:00,460687,1.871622954719742,1
CF_Wind,2022-07-22 08:00:00,460688,1.7742054785937262,1
Price,2022-07-22 08:00:00,460688,1.7742054785937262,1
CF_Wind,2022-07-22 09:00:00,460689,1.9383336177293704,1
Price,2022-07-22 09:00:00,460689,1.9383336177293704,1
CF_Wind,2022-07-22 10:00:00,460690,2.040311456975324,1
Price,2022-07-22 10:00:00,460690,2.040311456975324,1
CF_Wind,2022-07-22 11:00:00,460691,2.313096060616818,1
Price,2022-07-22 11:00:00,460691,2.313096060616818,1
CF_Wind,2022-07-22 12:00:00,460692,2.147197750920326,1
Price,2022-07-22 12:00:00,460692,2.147197750920326,1
CF_Wind,2022-07-22 13:00:00,460693,2.408604862990672,1
Price,2022-07-22 13:00:00,460693,2.408604862990672,1
CF_Wind,2022-07-22 14:00:00,460694,2.444116538168238,1
Price,2022-07-22 14:00:00,460694,2.444116538168238,1
CF_Wind,2022-07-22 15:00:00,460695,2.256820217587018,1
Price,2022-07-22 15:00:00,460695,2.256820217587018,1
CF_Wind,2022-07-22 16:00:00,460696,2.024196869722406,1
Price,2022-07-22 16:00:00,460696,2.024196869722406,1
CF_Wind,2022-07-22 17:00:00,460697,2.487958941718808,1
Price,2022-07-22 17:00:00,460697,2.487958941718808,1
CF_Wind,2022-07-22 18:00:00,460698,3.066236598934758,1
Price,2022-07-22 18:00:00,460698,3.066236598934758,1
CF_Solar,2022-07-22 19:00:00,460699,3.6822345719430816,1
CF_Wind,2022-07-22 19:00:00,460699,3.6822345719430816,1
Price,2022-07-22 19:00:00,460699,3.6822345719430816,1
CF_Solar,2022-07-23 04:00:00,460708,2.3205414979218664,1
CF_Wind,2022-07-23 04:00:00,460708,2.3205414979218664,1
Price,2022-07-23 04:00:00,460708,2.3205414979218664,1
CF_Solar,2022-07-23 05:00:00,460709,1.8139773964199648,1
CF_Wind,2022-07-23 05:00:00,460709,1.8139773964199648,1
CF_Wind,2022-07-23 06:00:00,460710,1.7366075789204425,1
Price,2022-07-23 06:00:00,460710,1.7366075789204425,1
CF_Wind,2022-07-23 07:00:00,460711,1.5026240146339045,1
Price,2022-07-23 07:00:00,460711,1.5026240146339045,1
CF_Wind,2022-07-23 08:00:00,460712,1.0508786565135408,1
Price,2022-07-23 08:00:00,460712,1.0508786565135408,1
CF_Wind,2022-07-23 09:00:00,460713,1.020705419261534,1
Price,2022-07-23 09:00:00,460713,1.020705419261534,1
CF_Wind,2022-07-23 10:00:00,460714,1.020050861586612,1
Price,2022-07-23 10:00:00,460714,1.020050861586612,1
CF_Wind,2022-07-23 11:00:00,460715,0.9937479648215928,1
Price,2022-07-23 11:00:00,460715,0.9937479648215928,1
Price,2022-07-23 12:00:00,460716,0.6874215647723048,1
Price,2022-07-23 15:00:00,460719,0.9770888904551588,1
Price,2022-07-23 16:00:00,460720,0.5124442684087018,1
Price,2022-07-23 17:00:00,460721,0.8066908027282476,1
Price,2022-07-23 18:00:00,460722,1.3401128383049024,1
CF_Solar,2022-07-23 19:00:00,460723,1.6805258933918708,1
Price,2022-07-23 19:00:00,460723,1.6805258933918708,1
CF_Solar,2022-07-24 04:00:00,460732,0.5806642193044624,1
Price,2022-07-24 04:00:00,460732,0.5806642193044624,1
Price,2022-07-24 05:00:00,460733,0.2575163007804963,1
n_targets,2022-07-24 07:00:00,460735,0.3400896215516238,1
CF_Wind,2022-07-24 08:00:00,460736,0.7082473400585052,1
CF_Wind,2022-07-24 09:00:00,460737,0.6144681210463168,1
CF_Wind,2022-07-24 10:00:00,460738,0.5462420782674375,1
Price,2022-07-24 10:00:00,460738,0.5462420782674375,1
CF_Wind,2022-07-24 11:00:00,460739,0.4816326867401408,1
Price,2022-07-24 11:00:00,460739,0.4816326867401408,1
CF_Wind,2022-07-24 12:00:00,460740,0.4203244940194057,1
Price,2022-07-24 12:00:00,460740,0.4203244940194057,1
Price,2022-07-24 13:00:00,460741,0.3817491981634422,1
Price,2022-07-24 14:00:00,460742,0.5299875791535058,1
Price,2022-07-24 15:00:00,460743,0.4220404852791841,1
n_targets,2022-07-24 15:00:00,460743,0.4220404852791841,1
Price,2022-07-24 16:00:00,460744,0.4101558052073009,1
Price,2022-07-24 17:00:00,460745,0.8451724767719269,1
CF_Wind,2022-07-24 18:00:00,460746,1.411743494647831,1
Price,2022-07-24 18:00:00,460746,1.411743494647831,1
CF_Wind,2022-07-24 19:00:00,460747,2.445319368470084,1
Price,2022-07-24 19:00:00,460747,2.445319368470084,1
CF_Solar,2022-07-25 04:00:00,460756,2.828810922549015,1
CF_Wind,2022-07-25 04:00:00,460756,2.828810922549015,1
Price,2022-07-25 04:00:00,460756,2.828810922549015,1
CF_Solar,2022-07-25 05:00:00,460757,2.3113517322245447,1
CF_Wind,2022-07-25 05:00:00,460757,2.3113517322245447,1
Price,2022-07-25 05:00:00,460757,2.3113517322245447,1
CF_Wind,2022-07-25 06:00:00,460758,1.9966564662910824,1
Price,2022-07-25 06:00:00,460758,1.9966564662910824,1
CF_Wind,2022-07-25 07:00:00,460759,1.878816165677484,1
Price,2022-07-25 07:00:00,460759,1.878816165677484,1
CF_Wind,2022-07-25 08:00:00,460760,1.5400416584863907,1
Price,2022-07-25 08:00:00,460760,1.5400416584863907,1
Price,2022-07-25 09:00:00,460761,1.206385851312962,1
Price,2022-07-25 10:00:00,460762,1.1479650896301203,1
Price,2022-07-25 11:00:00,460763,1.2848188205672764,1
n_targets,2022-07-25 11:00:00,460763,1.2848188205672764,1
Price,2022-07-25 12:00:00,460764,1.3738466823826343,1
n_targets,2022-07-25 12:00:00,460764,1.3738466823826343,1
Price,2022-07-25 13:00:00,460765,1.4410645240751494,1
n_targets,2022-07-25 13:00:00,460765,1.4410645240751494,1
Price,2022-07-25 14:00:00,460766,1.4803963036575645,1
Price,2022-07-25 15:00:00,460767,1.37244584732464,1
CF_Wind,2022-07-25 16:00:00,460768,1.221618715186291,1
Price,2022-07-25 16:00:00,460768,1.221618715186291,1
CF_Wind,2022-07-25 17:00:00,460769,1.4872461830279096,1
Price,2022-07-25 17:00:00,460769,1.4872461830279096,1
CF_Wind,2022-07-25 18:00:00,460770,1.9974041733614931,1
Price,2022-07-25 18:00:00,460770,1.9974041733614931,1
CF_Solar,2022-07-25 19:00:00,460771,2.3799643181229437,1
Price,2022-07-25 19:00:00,460771,2.3799643181229437,1
CF_Solar,2022-07-26 05:00:00,460781,1.9808195374570607,1
Load_MW,2022-07-26 05:00:00,460781,1.9808195374570607,1
CF_Solar,2022-07-26 06:00:00,460782,1.5926194009218158,1
Price,2022-07-26 06:00:00,460782,1.5926194009218158,1
CF_Solar,2022-07-26 07:00:00,460783,1.3622601918143078,1
Price,2022-07-26 07:00:00,460783,1.3622601918143078,1
CF_Solar,2022-07-26 08:00:00,460784,1.7907757652340586,1
Price,2022-07-26 08:00:00,460784,1.7907757652340586,1
CF_Solar,2022-07-26 09:00:00,460785,1.5879369200878843,1
Price,2022-07-26 09:00:00,460785,1.5879369200878843,1
CF_Solar,2022-07-26 10:00:00,460786,1.8667166326265288,1
Price,2022-07-26 10:00:00,460786,1.8667166326265288,1
CF_Solar,2022-07-26 11:00:00,460787,1.9849781354021911,1
Price,2022-07-26 11:00:00,460787,1.9849781354021911,1
CF_Solar,2022-07-26 12:00:00,460788,1.898155193789344,1
CF_Wind,2022-07-26 12:00:00,460788,1.898155193789344,1
Price,2022-07-26 12:00:00,460788,1.898155193789344,1
CF_Solar,2022-07-26 13:00:00,460789,1.7663647211201694,1
Price,2022-07-26 13:00:00,460789,1.7663647211201694,1
CF_Solar,2022-07-26 14:00:00,460790,2.1488991327650337,1
Price,2022-07-26 14:00:00,460790,2.1488991327650337,1
CF_Solar,2022-07-26 15:00:00,460791,2.073661940570017,1
Price,2022-07-26 15:00:00,460791,2.073661940570017,1
CF_Solar,2022-07-26 16:00:00,460792,1.7988591578344777,1
CF_Wind,2022-07-26 16:00:00,460792,1.7988591578344777,1
Price,2022-07-26 16:00:00,460792,1.7988591578344777,1
CF_Solar,2022-07-26 17:00:00,460793,2.16896735832802,1
CF_Wind,2022-07-26 17:00:00,460793,2.16896735832802,1
Price,2022-07-26 17:00:00,460793,2.16896735832802,1
CF_Solar,2022-07-26 18:00:00,460794,2.843829617401052,1
CF_Wind,2022-07-26 18:00:00,460794,2.843829617401052,1
Price,2022-07-26 18:00:00,460794,2.843829617401052,1
CF_Solar,2022-07-26 19:00:00,460795,3.0739933828271617,1
CF_Wind,2022-07-26 19:00:00,460795,3.0739933828271617,1
Price,2022-07-26 19:00:00,460795,3.0739933828271617,1
CF_Solar,2022-07-27 04:00:00,460804,4.266894720515369,1
CF_Wind,2022-07-27 04:00:00,460804,4.266894720515369,1
Load_MW,2022-07-27 04:00:00,460804,4.266894720515369,1
CF_Wind,2022-07-27 05:00:00,460805,3.231408507953065,1
Price,2022-07-27 05:00:00,460805,3.231408507953065,1
CF_Wind,2022-07-27 06:00:00,460806,2.5455842901098245,1
Price,2022-07-27 06:00:00,460806,2.5455842901098245,1
CF_Wind,2022-07-27 07:00:00,460807,2.5240904117847127,1
Price,2022-07-27 07:00:00,460807,2.5240904117847127,1
CF_Wind,2022-07-27 08:00:00,460808,2.492411613759361,1
Price,2022-07-27 08:00:00,460808,2.492411613759361,1
CF_Wind,2022-07-27 09:00:00,460809,2.3984634718112945,1
Price,2022-07-27 09:00:00,460809,2.3984634718112945,1
CF_Wind,2022-07-27 10:00:00,460810,2.534747478352446,1
Price,2022-07-27 10:00:00,460810,2.534747478352446,1
CF_Wind,2022-07-27 11:00:00,460811,2.54770599565746,1
Price,2022-07-27 11:00:00,460811,2.54770599565746,1
CF_Wind,2022-07-27 12:00:00,460812,2.407917218392134,1
Price,2022-07-27 12:00:00,460812,2.407917218392134,1
CF_Wind,2022-07-27 13:00:00,460813,2.2221749576085834,1
Price,2022-07-27 13:00:00,460813,2.2221749576085834,1
CF_Wind,2022-07-27 14:00:00,460814,2.0993151583920224,1
Price,2022-07-27 14:00:00,460814,2.0993151583920224,1
CF_Wind,2022-07-27 15:00:00,460815,2.1794590772671847,1
Price,2022-07-27 15:00:00,460815,2.1794590772671847,1
CF_Wind,2022-07-27 16:00:00,460816,2.173514096772722,1
Price,2022-07-27 16:00:00,460816,2.173514096772722,1
CF_Wind,2022-07-27 17:00:00,460817,2.323171047244108,1
Price,2022-07-27 17:00:00,460817,2.323171047244108,1
CF_Solar,2022-07-27 18:00:00,460818,2.8998376836204285,1
CF_Wind,2022-07-27 18:00:00,460818,2.8998376836204285,1
Price,2022-07-27 18:00:00,460818,2.8998376836204285,1
CF_Solar,2022-07-27 19:00:00,460819,3.2722418601382897,1
CF_Wind,2022-07-27 19:00:00,460819,3.2722418601382897,1
Price,2022-07-27 19:00:00,460819,3.2722418601382897,1
CF_Solar,2022-07-28 04:00:00,460828,4.535973092413763,1
CF_Wind,2022-07-28 04:00:00,460828,4.535973092413763,1
Price,2022-07-28 04:00:00,460828,4.535973092413763,1
CF_Solar,2022-07-28 05:00:00,460829,3.424514528369397,1
CF_Wind,2022-07-28 05:00:00,460829,3.424514528369397,1
Price,2022-07-28 05:00:00,460829,3.424514528369397,1
CF_Wind,2022-07-28 06:00:00,460830,2.8340835271404945,1
Price,2022-07-28 06:00:00,460830,2.8340835271404945,1
CF_Wind,2022-07-28 07:00:00,460831,2.5662614264713683,1
Price,2022-07-28 07:00:00,460831,2.5662614264713683,1
CF_Wind,2022-07-28 08:00:00,460832,2.679362907967166,1
Price,2022-07-28 08:00:00,460832,2.679362907967166,1
CF_Wind,2022-07-28 09:00:00,460833,2.610717473572983,1
Price,2022-07-28 09:00:00,460833,2.610717473572983,1
CF_Wind,2022-07-28 10:00:00,460834,2.7007013616044784,1
Price,2022-07-28 10:00:00,460834,2.7007013616044784,1
CF_Wind,2022-07-28 11:00:00,460835,2.8156025801833744,1
Price,2022-07-28 11:00:00,460835,2.8156025801833744,1
CF_Wind,2022-07-28 12:00:00,460836,2.840481717409208,1
Price,2022-07-28 12:00:00,460836,2.840481717409208,1
CF_Wind,2022-07-28 13:00:00,460837,2.865333970070391,1
Price,2022-07-28 13:00:00,460837,2.865333970070391,1
CF_Wind,2022-07-28 14:00:00,460838,2.9054450279238004,1
Price,2022-07-28 14:00:00,460838,2.9054450279238004,1
CF_Wind,2022-07-28 15:00:00,460839,2.629654833223749,1
Price,2022-07-28 15:00:00,460839,2.629654833223749,1
CF_Wind,2022-07-28 16:00:00,460840,2.1525577761812253,1
Price,2022-07-28 16:00:00,460840,2.1525577761812253,1
CF_Wind,2022-07-28 17:00:00,460841,2.425295500967747,1
Price,2022-07-28 17:00:00,460841,2.425295500967747,1
CF_Wind,2022-07-28 18:00:00,460842,2.946379524605925,1
Price,2022-07-28 18:00:00,460842,2.946379524605925,1
CF_Solar,2022-07-28 19:00:00,460843,3.266009026330269,1
CF_Wind,2022-07-28 19:00:00,460843,3.266009026330269,1
Price,2022-07-28 19:00:00,460843,3.266009026330269,1
CF_Solar,2022-07-29 04:00:00,460852,4.3422380873603394,1
CF_Wind,2022-07-29 04:00:00,460852,4.3422380873603394,1
Price,2022-07-29 04:00:00,460852,4.3422380873603394,1
CF_Solar,2022-07-29 05:00:00,460853,3.352916526898774,1
CF_Wind,2022-07-29 05:00:00,460853,3.352916526898774,1
Price,2022-07-29 05:00:00,460853,3.352916526898774,1
CF_Wind,2022-07-29 06:00:00,460854,2.717205380566584,1
Price,2022-07-29 06:00:00,460854,2.717205380566584,1
CF_Wind,2022-07-29 07:00:00,460855,2.6134757123273,1
Price,2022-07-29 07:00:00,460855,2.6134757123273,1
CF_Wind,2022-07-29 08:00:00,460856,2.653154056923136,1
Price,2022-07-29 08:00:00,460856,2.653154056923136,1
CF_Wind,2022-07-29 09:00:00,460857,2.6329865675130595,1
Price,2022-07-29 09:00:00,460857,2.6329865675130595,1
CF_Wind,2022-07-29 10:00:00,460858,2.73118786715285,1
Price,2022-07-29 10:00:00,460858,2.73118786715285,1
CF_Wind,2022-07-29 11:00:00,460859,2.741838497852693,1
Price,2022-07-29 11:00:00,460859,2.741838497852693,1
CF_Wind,2022-07-29 12:00:00,460860,2.7677225175522207,1
Price,2022-07-29 12:00:00,460860,2.7677225175522207,1
CF_Wind,2022-07-29 13:00:00,460861,2.803707182356701,1
Price,2022-07-29 13:00:00,460861,2.803707182356701,1
CF_Wind,2022-07-29 14:00:00,460862,2.299931538481756,1
Price,2022-07-29 14:00:00,460862,2.299931538481756,1
CF_Wind,2022-07-29 15:00:00,460863,1.984288273598324,1
Price,2022-07-29 15:00:00,460863,1.984288273598324,1
CF_Wind,2022-07-29 16:00:00,460864,1.532834215535569,1
Price,2022-07-29 16:00:00,460864,1.532834215535569,1
CF_Wind,2022-07-29 17:00:00,460865,1.8323092369028868,1
Price,2022-07-29 17:00:00,460865,1.8323092369028868,1
CF_Wind,2022-07-29 18:00:00,460866,2.509072263512606,1
Price,2022-07-29 18:00:00,460866,2.509072263512606,1
CF_Solar,2022-07-29 19:00:00,460867,3.1503098790791504,1
CF_Wind,2022-07-29 19:00:00,460867,3.1503098790791504,1
Price,2022-07-29 19:00:00,460867,3.1503098790791504,1
CF_Solar,2022-07-30 05:00:00,460877,2.291009102889083,1
Load_MW,2022-07-30 05:00:00,460877,2.291009102889083,1
CF_Solar,2022-07-30 06:00:00,460878,1.4707730540913695,1
CF_Wind,2022-07-30 06:00:00,460878,1.4707730540913695,1
Price,2022-07-30 06:00:00,460878,1.4707730540913695,1
CF_Wind,2022-07-30 07:00:00,460879,1.418282413691366,1
Price,2022-07-30 07:00:00,460879,1.418282413691366,1
CF_Wind,2022-07-30 08:00:00,460880,1.5267821794441874,1
Price,2022-07-30 08:00:00,460880,1.5267821794441874,1
CF_Wind,2022-07-30 09:00:00,460881,1.6188968299107769,1
Price,2022-07-30 09:00:00,460881,1.6188968299107769,1
CF_Wind,2022-07-30 10:00:00,460882,1.4430753737610862,1
Price,2022-07-30 10:00:00,460882,1.4430753737610862,1
CF_Wind,2022-07-30 11:00:00,460883,1.4875274043551778,1
Price,2022-07-30 11:00:00,460883,1.4875274043551778,1
CF_Wind,2022-07-30 12:00:00,460884,1.2501152901147052,1
Price,2022-07-30 12:00:00,460884,1.2501152901147052,1
Price,2022-07-30 13:00:00,460885,1.2761126216834962,1
Price,2022-07-30 14:00:00,460886,1.153126967792392,1
Price,2022-07-30 15:00:00,460887,1.0174336178628742,1
n_targets,2022-07-30 15:00:00,460887,1.0174336178628742,1
Price,2022-07-30 16:00:00,460888,0.8363667943898521,1
n_targets,2022-07-30 16:00:00,460888,0.8363667943898521,1
Price,2022-07-30 17:00:00,460889,1.0011493749098288,1
n_targets,2022-07-30 17:00:00,460889,1.0011493749098288,1
Price,2022-07-30 18:00:00,460890,1.574489909462851,1
CF_Solar,2022-07-31 04:00:00,460900,2.175134677689943,1
Load_MW,2022-07-31 04:00:00,460900,2.175134677689943,1
CF_Solar,2022-07-31 05:00:00,460901,0.8457689610017838,1
Load_MW,2022-07-31 05:00:00,460901,0.8457689610017838,1
Load_MW,2022-07-31 06:00:00,460902,0.3214556224328813,1
Price,2022-07-31 07:00:00,460903,0.0652984767284483,1
Price,2022-07-31 08:00:00,460904,0.5385933746564986,1
Price,2022-07-31 09:00:00,460905,0.6583087361108773,1
Price,2022-07-31 10:00:00,460906,0.3486606552721312,1
Price,2022-07-31 11:00:00,460907,0.5259566415658128,1
Price,2022-07-31 12:00:00,460908,0.505851323314136,1
n_targets,2022-07-31 12:00:00,460908,0.505851323314136,1
Price,2022-07-31 13:00:00,460909,0.7170860525706626,1
n_targets,2022-07-31 13:00:00,460909,0.7170860525706626,1
Price,2022-07-31 14:00:00,460910,1.0019617142987545,1
n_targets,2022-07-31 14:00:00,460910,1.0019617142987545,1
Price,2022-07-31 15:00:00,460911,0.8947747845439729,1
n_targets,2022-07-31 15:00:00,460911,0.8947747845439729,1
Price,2022-07-31 16:00:00,460912,0.6983051311484894,1
n_targets,2022-07-31 16:00:00,460912,0.6983051311484894,1
Price,2022-07-31 18:00:00,460914,1.449949275167547,1
Price,2022-07-31 19:00:00,460915,2.084357197287642,1
CF_Solar,2022-08-01 04:00:00,460924,3.368712774002038,1
CF_Wind,2022-08-01 04:00:00,460924,3.368712774002038,1
Price,2022-08-01 04:00:00,460924,3.368712774002038,1
CF_Solar,2022-08-01 05:00:00,460925,2.9428819166937936,1
CF_Wind,2022-08-01 05:00:00,460925,2.9428819166937936,1
Price,2022-08-01 05:00:00,460925,2.9428819166937936,1
CF_Wind,2022-08-01 06:00:00,460926,2.2021318138071657,1
Price,2022-08-01 06:00:00,460926,2.2021318138071657,1
CF_Wind,2022-08-01 07:00:00,460927,1.970867064005407,1
Price,2022-08-01 07:00:00,460927,1.970867064005407,1
CF_Wind,2022-08-01 08:00:00,460928,2.299139758113994,1
Price,2022-08-01 08:00:00,460928,2.299139758113994,1
CF_Wind,2022-08-01 09:00:00,460929,2.110114941789763,1
Price,2022-08-01 09:00:00,460929,2.110114941789763,1
CF_Wind,2022-08-01 10:00:00,460930,2.316560150654464,1
Price,2022-08-01 10:00:00,460930,2.316560150654464,1
CF_Wind,2022-08-01 11:00:00,460931,2.4398816507363303,1
Price,2022-08-01 11:00:00,460931,2.4398816507363303,1
CF_Wind,2022-08-01 12:00:00,460932,2.1659850509829868,1
Price,2022-08-01 12:00:00,460932,2.1659850509829868,1
CF_Wind,2022-08-01 13:00:00,460933,1.916378070981633,1
Price,2022-08-01 13:00:00,460933,1.916378070981633,1
CF_Wind,2022-08-01 14:00:00,460934,2.2622800907668603,1
Price,2022-08-01 14:00:00,460934,2.2622800907668603,1
CF_Wind,2022-08-01 15:00:00,460935,1.941552298920492,1
Price,2022-08-01 15:00:00,460935,1.941552298920492,1
CF_Wind,2022-08-01 16:00:00,460936,2.016072221311486,1
Price,2022-08-01 16:00:00,460936,2.016072221311486,1
CF_Wind,2022-08-01 17:00:00,460937,2.243787431907334,1
Price,2022-08-01 17:00:00,460937,2.243787431907334,1
CF_Wind,2022-08-01 18:00:00,460938,3.005500055193581,1
Price,2022-08-01 18:00:00,460938,3.005500055193581,1
CF_Solar,2022-08-01 19:00:00,460939,3.5637769661927914,1
CF_Wind,2022-08-01 19:00:00,460939,3.5637769661927914,1
Price,2022-08-01 19:00:00,460939,3.5637769661927914,1
CF_Solar,2022-08-02 05:00:00,460949,3.1564343596283506,1
CF_Wind,2022-08-02 05:00:00,460949,3.1564343596283506,1
Price,2022-08-02 05:00:00,460949,3.1564343596283506,1
CF_Wind,2022-08-02 06:00:00,460950,2.6668342769816267,1
Price,2022-08-02 06:00:00,460950,2.6668342769816267,1
CF_Wind,2022-08-02 07:00:00,460951,1.984562622891016,1
Price,2022-08-02 07:00:00,460951,1.984562622891016,1
CF_Wind,2022-08-02 08:00:00,460952,1.9497185869078164,1
Price,2022-08-02 08:00:00,460952,1.9497185869078164,1
CF_Wind,2022-08-02 09:00:00,460953,1.8952656796257623,1
Price,2022-08-02 09:00:00,460953,1.8952656796257623,1
CF_Wind,2022-08-02 10:00:00,460954,2.001753494780923,1
Price,2022-08-02 10:00:00,460954,2.001753494780923,1
CF_Wind,2022-08-02 11:00:00,460955,2.351636595548222,1
Price,2022-08-02 11:00:00,460955,2.351636595548222,1
CF_Wind,2022-08-02 12:00:00,460956,2.46782251200203,1
Price,2022-08-02 12:00:00,460956,2.46782251200203,1
CF_Wind,2022-08-02 13:00:00,460957,2.389166372139992,1
Price,2022-08-02 13:00:00,460957,2.389166372139992,1
CF_Wind,2022-08-02 14:00:00,460958,2.317858197869989,1
Price,2022-08-02 14:00:00,460958,2.317858197869989,1
CF_Wind,2022-08-02 15:00:00,460959,2.272032836621237,1
Price,2022-08-02 15:00:00,460959,2.272032836621237,1
CF_Wind,2022-08-02 16:00:00,460960,2.072352011237471,1
Price,2022-08-02 16:00:00,460960,2.072352011237471,1
CF_Wind,2022-08-02 17:00:00,460961,2.5639846806174207,1
Price,2022-08-02 17:00:00,460961,2.5639846806174207,1
CF_Wind,2022-08-02 18:00:00,460962,3.229663231582574,1
Price,2022-08-02 18:00:00,460962,3.229663231582574,1
CF_Solar,2022-08-02 19:00:00,460963,4.002788324097938,1
CF_Wind,2022-08-02 19:00:00,460963,4.002788324097938,1
Price,2022-08-02 19:00:00,460963,4.002788324097938,1
CF_Wind,2022-08-03 05:00:00,460973,3.5776851429735133,1
Load_MW,2022-08-03 05:00:00,460973,3.5776851429735133,1
CF_Wind,2022-08-03 06:00:00,460974,3.1028255309186994,1
Load_MW,2022-08-03 06:00:00,460974,3.1028255309186994,1
CF_Wind,2022-08-03 07:00:00,460975,2.59626216400455,1
Price,2022-08-03 07:00:00,460975,2.59626216400455,1
CF_Wind,2022-08-03 08:00:00,460976,2.760692906638228,1
Price,2022-08-03 08:00:00,460976,2.760692906638228,1
CF_Wind,2022-08-03 09:00:00,460977,2.687101889752462,1
Price,2022-08-03 09:00:00,460977,2.687101889752462,1
CF_Wind,2022-08-03 10:00:00,460978,2.587822689492081,1
Price,2022-08-03 10:00:00,460978,2.587822689492081,1
CF_Wind,2022-08-03 11:00:00,460979,2.7620691135252,1
Price,2022-08-03 11:00:00,460979,2.7620691135252,1
CF_Wind,2022-08-03 12:00:00,460980,2.647373214318905,1
Price,2022-08-03 12:00:00,460980,2.647373214318905,1
CF_Wind,2022-08-03 13:00:00,460981,2.614686553927449,1
Price,2022-08-03 13:00:00,460981,2.614686553927449,1
CF_Wind,2022-08-03 14:00:00,460982,2.750431074003133,1
Price,2022-08-03 14:00:00,460982,2.750431074003133,1
CF_Wind,2022-08-03 15:00:00,460983,2.5353221253179505,1
Price,2022-08-03 15:00:00,460983,2.5353221253179505,1
CF_Wind,2022-08-03 16:00:00,460984,2.306878544650506,1
Price,2022-08-03 16:00:00,460984,2.306878544650506,1
CF_Wind,2022-08-03 17:00:00,460985,2.6735924183365976,1
Price,2022-08-03 17:00:00,460985,2.6735924183365976,1
CF_Wind,2022-08-03 18:00:00,460986,3.3837146698802187,1
Price,2022-08-03 18:00:00,460986,3.3837146698802187,1
CF_Solar,2022-08-03 19:00:00,460987,4.061408838477265,1
CF_Wind,2022-08-03 19:00:00,460987,4.061408838477265,1
Price,2022-08-03 19:00:00,460987,4.061408838477265,1
CF_Solar,2022-08-04 05:00:00,460997,3.310438816027567,1
CF_Wind,2022-08-04 05:00:00,460997,3.310438816027567,1
Price,2022-08-04 05:00:00,460997,3.310438816027567,1
CF_Solar,2022-08-04 06:00:00,460998,2.566927859894773,1
CF_Wind,2022-08-04 06:00:00,460998,2.566927859894773,1
Price,2022-08-04 06:00:00,460998,2.566927859894773,1
CF_Wind,2022-08-04 07:00:00,460999,2.340909133776524,1
Price,2022-08-04 07:00:00,460999,2.340909133776524,1
CF_Wind,2022-08-04 08:00:00,461000,2.206376016781844,1
Price,2022-08-04 08:00:00,461000,2.206376016781844,1
CF_Wind,2022-08-04 09:00:00,461001,2.132689074924216,1
Price,2022-08-04 09:00:00,461001,2.132689074924216,1
CF_Wind,2022-08-04 10:00:00,461002,2.098145677329171,1
Price,2022-08-04 10:00:00,461002,2.098145677329171,1
CF_Wind,2022-08-04 11:00:00,461003,2.251114267925156,1
Price,2022-08-04 11:00:00,461003,2.251114267925156,1
CF_Wind,2022-08-04 12:00:00,461004,2.289500280668096,1
Price,2022-08-04 12:00:00,461004,2.289500280668096,1
CF_Wind,2022-08-04 13:00:00,461005,2.308782934647664,1
Price,2022-08-04 13:00:00,461005,2.308782934647664,1
CF_Wind,2022-08-04 14:00:00,461006,2.3577856084826347,1
Price,2022-08-04 14:00:00,461006,2.3577856084826347,1
CF_Wind,2022-08-04 15:00:00,461007,2.301519703761844,1
Price,2022-08-04 15:00:00,461007,2.301519703761844,1
CF_Wind,2022-08-04 16:00:00,461008,2.0409689657039563,1
Price,2022-08-04 16:00:00,461008,2.0409689657039563,1
CF_Wind,2022-08-04 17:00:00,461009,2.38157427630485,1
Price,2022-08-04 17:00:00,461009,2.38157427630485,1
CF_Solar,2022-08-04 18:00:00,461010,3.0639598115320705,1
CF_Wind,2022-08-04 18:00:00,461010,3.0639598115320705,1
Price,2022-08-04 18:00:00,461010,3.0639598115320705,1
CF_Solar,2022-08-04 19:00:00,461011,3.508905645256581,1
CF_Wind,2022-08-04 19:00:00,461011,3.508905645256581,1
Price,2022-08-04 19:00:00,461011,3.508905645256581,1
CF_Solar,2022-08-05 05:00:00,461021,2.7295495893552504,1
CF_Wind,2022-08-05 05:00:00,461021,2.7295495893552504,1
Price,2022-08-05 05:00:00,461021,2.7295495893552504,1
CF_Wind,2022-08-05 06:00:00,461022,2.381495016673391,1
Price,2022-08-05 06:00:00,461022,2.381495016673391,1
CF_Wind,2022-08-05 07:00:00,461023,2.165900092277714,1
Price,2022-08-05 07:00:00,461023,2.165900092277714,1
CF_Wind,2022-08-05 08:00:00,461024,1.904796503579943,1
Price,2022-08-05 08:00:00,461024,1.904796503579943,1
CF_Wind,2022-08-05 09:00:00,461025,1.6258173891295895,1
Price,2022-08-05 09:00:00,461025,1.6258173891295895,1
CF_Wind,2022-08-05 10:00:00,461026,1.6458920416801217,1
Price,2022-08-05 10:00:00,461026,1.6458920416801217,1
CF_Wind,2022-08-05 11:00:00,461027,1.995403060116516,1
Price,2022-08-05 11:00:00,461027,1.995403060116516,1
CF_Wind,2022-08-05 12:00:00,461028,2.0328264312451974,1
Price,2022-08-05 12:00:00,461028,2.0328264312451974,1
CF_Wind,2022-08-05 13:00:00,461029,2.039535957273506,1
Price,2022-08-05 13:00:00,461029,2.039535957273506,1
CF_Wind,2022-08-05 14:00:00,461030,2.1358933679437024,1
Price,2022-08-05 14:00:00,461030,2.1358933679437024,1
CF_Wind,2022-08-05 15:00:00,461031,2.0717956433160203,1
Price,2022-08-05 15:00:00,461031,2.0717956433160203,1
CF_Wind,2022-08-05 16:00:00,461032,1.7667404390059247,1
Price,2022-08-05 16:00:00,461032,1.7667404390059247,1
CF_Wind,2022-08-05 17:00:00,461033,1.9513468051062048,1
Price,2022-08-05 17:00:00,461033,1.9513468051062048,1
CF_Wind,2022-08-05 18:00:00,461034,2.5891863760210434,1
Price,2022-08-05 18:00:00,461034,2.5891863760210434,1
CF_Solar,2022-08-05 19:00:00,461035,3.0399733118156598,1
CF_Wind,2022-08-05 19:00:00,461035,3.0399733118156598,1
Price,2022-08-05 19:00:00,461035,3.0399733118156598,1
CF_Solar,2022-08-06 05:00:00,461045,1.18755311037955,1
Load_MW,2022-08-06 05:00:00,461045,1.18755311037955,1
Load_MW,2022-08-06 06:00:00,461046,0.6751179764045143,1
Load_MW,2022-08-06 07:00:00,461047,0.2573608000336458,1
Price,2022-08-06 08:00:00,461048,0.305095768849408,1
Price,2022-08-06 09:00:00,461049,0.2883498200739012,1
Price,2022-08-06 10:00:00,461050,0.2438451897325735,1
n_targets,2022-08-06 10:00:00,461050,0.2438451897325735,1
Price,2022-08-06 11:00:00,461051,0.2290299161880213,1
n_targets,2022-08-06 11:00:00,461051,0.2290299161880213,1
Price,2022-08-06 12:00:00,461052,0.3247521726763729,1
n_targets,2022-08-06 12:00:00,461052,0.3247521726763729,1
Price,2022-08-06 13:00:00,461053,0.3774777076900368,1
n_targets,2022-08-06 13:00:00,461053,0.3774777076900368,1
Price,2022-08-06 14:00:00,461054,0.4499448335597784,1
n_targets,2022-08-06 14:00:00,461054,0.4499448335597784,1
Price,2022-08-06 15:00:00,461055,0.3768314132041745,1
n_targets,2022-08-06 15:00:00,461055,0.3768314132041745,1
Price,2022-08-06 16:00:00,461056,0.4694173382688409,1
n_targets,2022-08-06 16:00:00,461056,0.4694173382688409,1
Price,2022-08-06 17:00:00,461057,0.6763848270602153,1
n_targets,2022-08-06 17:00:00,461057,0.6763848270602153,1
Price,2022-08-06 18:00:00,461058,1.1392306069660274,1
Price,2022-08-06 19:00:00,461059,1.669887753095192,1
Price,2022-08-07 06:00:00,461070,0.02036178130723,1
Price,2022-08-07 11:00:00,461075,0.0700424611265426,1
n_targets,2022-08-07 11:00:00,461075,0.0700424611265426,1
Price,2022-08-07 12:00:00,461076,0.1401251774935255,1
n_targets,2022-08-07 12:00:00,461076,0.1401251774935255,1
Price,2022-08-07 13:00:00,461077,0.1740272298199738,1
n_targets,2022-08-07 13:00:00,461077,0.1740272298199738,1
Price,2022-08-07 14:00:00,461078,0.3080657581524408,1
n_targets,2022-08-07 14:00:00,461078,0.3080657581524408,1
Price,2022-08-07 15:00:00,461079,0.269521434351843,1
n_targets,2022-08-07 15:00:00,461079,0.269521434351843,1
Price,2022-08-07 16:00:00,461080,0.464766626673682,1
n_targets,2022-08-07 16:00:00,461080,0.464766626673682,1
Price,2022-08-07 17:00:00,461081,0.8927667460550779,1
n_targets,2022-08-07 17:00:00,461081,0.8927667460550779,1
Price,2022-08-07 18:00:00,461082,1.4034426689267026,1
Price,2022-08-07 19:00:00,461083,2.020035219148183,1
CF_Solar,2022-08-08 05:00:00,461093,1.7128866376361005,1
Price,2022-08-08 05:00:00,461093,1.7128866376361005,1
Price,2022-08-08 06:00:00,461094,1.3652152873932255,1
Price,2022-08-08 07:00:00,461095,1.018769923452606,1
Price,2022-08-08 08:00:00,461096,1.0313801241829972,1
Price,2022-08-08 09:00:00,461097,1.0845540859943053,1
Price,2022-08-08 10:00:00,461098,0.953995071661106,1
Price,2022-08-08 11:00:00,461099,1.4512811845991571,1
CF_Wind,2022-08-08 12:00:00,461100,1.460947042203854,1
Price,2022-08-08 12:00:00,461100,1.460947042203854,1
CF_Wind,2022-08-08 13:00:00,461101,1.4133204852532122,1
Price,2022-08-08 13:00:00,461101,1.4133204852532122,1
CF_Wind,2022-08-08 14:00:00,461102,1.543340354727539,1
Price,2022-08-08 14:00:00,461102,1.543340354727539,1
CF_Wind,2022-08-08 15:00:00,461103,1.520814985718693,1
Price,2022-08-08 15:00:00,461103,1.520814985718693,1
CF_Wind,2022-08-08 16:00:00,461104,1.198460044630692,1
Price,2022-08-08 16:00:00,461104,1.198460044630692,1
CF_Wind,2022-08-08 17:00:00,461105,1.3120646041678814,1
Price,2022-08-08 17:00:00,461105,1.3120646041678814,1
CF_Wind,2022-08-08 18:00:00,461106,1.7159600606775436,1
Price,2022-08-08 18:00:00,461106,1.7159600606775436,1
CF_Solar,2022-08-08 19:00:00,461107,2.205740991884145,1
Price,2022-08-08 19:00:00,461107,2.205740991884145,1
Load_MW,2022-08-09 04:00:00,461116,3.14949189678969,1
CF_Wind,2022-08-09 05:00:00,461117,2.463246802054603,1
Load_MW,2022-08-09 05:00:00,461117,2.463246802054603,1
CF_Wind,2022-08-09 06:00:00,461118,1.3929220188470317,1
Price,2022-08-09 06:00:00,461118,1.3929220188470317,1
Price,2022-08-09 07:00:00,461119,0.8492154268417818,1
Price,2022-08-09 08:00:00,461120,0.7266629836637986,1
Price,2022-08-09 09:00:00,461121,0.9909275055544222,1
Price,2022-08-09 10:00:00,461122,1.0181720193711985,1
CF_Wind,2022-08-09 11:00:00,461123,1.285425413888745,1
Price,2022-08-09 11:00:00,461123,1.285425413888745,1
CF_Wind,2022-08-09 12:00:00,461124,1.3515486360411124,1
Price,2022-08-09 12:00:00,461124,1.3515486360411124,1
CF_Wind,2022-08-09 13:00:00,461125,1.1951611934976796,1
Price,2022-08-09 13:00:00,461125,1.1951611934976796,1
CF_Wind,2022-08-09 14:00:00,461126,1.1664078007822285,1
Price,2022-08-09 14:00:00,461126,1.1664078007822285,1
Price,2022-08-09 15:00:00,461127,1.0381538695754902,1
Price,2022-08-09 16:00:00,461128,0.8369392089956578,1
Price,2022-08-09 17:00:00,461129,1.1604742136587305,1
Price,2022-08-09 18:00:00,461130,1.6360599428456404,1
CF_Solar,2022-08-09 19:00:00,461131,2.076929353258356,1
Price,2022-08-09 19:00:00,461131,2.076929353258356,1
CF_Wind,2022-08-10 02:00:00,461138,2.416509039682377,1
CF_Wind,2022-08-10 05:00:00,461141,2.9370019373122225,1
Load_MW,2022-08-10 05:00:00,461141,2.9370019373122225,1
CF_Wind,2022-08-10 06:00:00,461142,2.475509839500348,1
Load_MW,2022-08-10 06:00:00,461142,2.475509839500348,1
CF_Wind,2022-08-10 07:00:00,461143,1.5972769277947847,1
Price,2022-08-10 07:00:00,461143,1.5972769277947847,1
CF_Wind,2022-08-10 08:00:00,461144,1.2472477193712537,1
Price,2022-08-10 08:00:00,461144,1.2472477193712537,1
CF_Wind,2022-08-10 09:00:00,461145,1.2159642403545567,1
Price,2022-08-10 09:00:00,461145,1.2159642403545567,1
CF_Wind,2022-08-10 10:00:00,461146,1.3822075323963876,1
Price,2022-08-10 10:00:00,461146,1.3822075323963876,1
CF_Wind,2022-08-10 11:00:00,461147,1.48413953424167,1
Price,2022-08-10 11:00:00,461147,1.48413953424167,1
CF_Wind,2022-08-10 12:00:00,461148,1.3761873282353936,1
Price,2022-08-10 12:00:00,461148,1.3761873282353936,1
CF_Wind,2022-08-10 13:00:00,461149,1.3791218073356013,1
Price,2022-08-10 13:00:00,461149,1.3791218073356013,1
CF_Wind,2022-08-10 14:00:00,461150,1.40738850722511,1
Price,2022-08-10 14:00:00,461150,1.40738850722511,1
CF_Wind,2022-08-10 15:00:00,461151,1.2341273327786142,1
Price,2022-08-10 15:00:00,461151,1.2341273327786142,1
CF_Wind,2022-08-10 16:00:00,461152,0.9727431520558518,1
Price,2022-08-10 16:00:00,461152,0.9727431520558518,1
Price,2022-08-10 17:00:00,461153,0.9389917432007906,1
Price,2022-08-10 18:00:00,461154,1.4143129609869776,1
CF_Solar,2022-08-10 19:00:00,461155,2.0090236667740617,1
Price,2022-08-10 19:00:00,461155,2.0090236667740617,1
CF_Solar,2022-08-11 05:00:00,461165,2.249506590124468,1
CF_Wind,2022-08-11 05:00:00,461165,2.249506590124468,1
Price,2022-08-11 05:00:00,461165,2.249506590124468,1
CF_Wind,2022-08-11 06:00:00,461166,2.053348348302595,1
Price,2022-08-11 06:00:00,461166,2.053348348302595,1
CF_Wind,2022-08-11 07:00:00,461167,1.6891481134969306,1
Price,2022-08-11 07:00:00,461167,1.6891481134969306,1
CF_Wind,2022-08-11 08:00:00,461168,1.0963228171708888,1
Price,2022-08-11 08:00:00,461168,1.0963228171708888,1
CF_Wind,2022-08-11 09:00:00,461169,1.1265115197202942,1
Price,2022-08-11 09:00:00,461169,1.1265115197202942,1
CF_Wind,2022-08-11 10:00:00,461170,1.2332302817510237,1
Price,2022-08-11 10:00:00,461170,1.2332302817510237,1
CF_Wind,2022-08-11 11:00:00,461171,1.3703357642652236,1
Price,2022-08-11 11:00:00,461171,1.3703357642652236,1
CF_Wind,2022-08-11 12:00:00,461172,1.305654876003954,1
Price,2022-08-11 12:00:00,461172,1.305654876003954,1
CF_Wind,2022-08-11 13:00:00,461173,1.2021406417121074,1
Price,2022-08-11 13:00:00,461173,1.2021406417121074,1
CF_Wind,2022-08-11 14:00:00,461174,1.1657721101694172,1
Price,2022-08-11 14:00:00,461174,1.1657721101694172,1
CF_Wind,2022-08-11 15:00:00,461175,1.2774649288025823,1
Price,2022-08-11 15:00:00,461175,1.2774649288025823,1
CF_Wind,2022-08-11 16:00:00,461176,0.9547944642115732,1
Price,2022-08-11 16:00:00,461176,0.9547944642115732,1
CF_Wind,2022-08-11 17:00:00,461177,1.268739268310485,1
Price,2022-08-11 17:00:00,461177,1.268739268310485,1
CF_Wind,2022-08-11 18:00:00,461178,1.913042633827526,1
Price,2022-08-11 18:00:00,461178,1.913042633827526,1
CF_Wind,2022-08-11 19:00:00,461179,2.187935503340728,1
Price,2022-08-11 19:00:00,461179,2.187935503340728,1
CF_Solar,2022-08-12 05:00:00,461189,3.0367864009923897,1
CF_Wind,2022-08-12 05:00:00,461189,3.0367864009923897,1
Price,2022-08-12 05:00:00,461189,3.0367864009923897,1
CF_Wind,2022-08-12 06:00:00,461190,2.35100215219718,1
Price,2022-08-12 06:00:00,461190,2.35100215219718,1
CF_Wind,2022-08-12 07:00:00,461191,1.9113201247663467,1
Price,2022-08-12 07:00:00,461191,1.9113201247663467,1
CF_Wind,2022-08-12 08:00:00,461192,1.6956352549502811,1
Price,2022-08-12 08:00:00,461192,1.6956352549502811,1
CF_Wind,2022-08-12 09:00:00,461193,1.6635964026245795,1
Price,2022-08-12 09:00:00,461193,1.6635964026245795,1
CF_Wind,2022-08-12 10:00:00,461194,1.8040894671718963,1
Price,2022-08-12 10:00:00,461194,1.8040894671718963,1
CF_Wind,2022-08-12 11:00:00,461195,1.9569683145033143,1
Price,2022-08-12 11:00:00,461195,1.9569683145033143,1
CF_Wind,2022-08-12 12:00:00,461196,1.9119581232917735,1
Price,2022-08-12 12:00:00,461196,1.9119581232917735,1
CF_Wind,2022-08-12 13:00:00,461197,1.820373243971648,1
Price,2022-08-12 13:00:00,461197,1.820373243971648,1
CF_Wind,2022-08-12 14:00:00,461198,1.9452481567721809,1
Price,2022-08-12 14:00:00,461198,1.9452481567721809,1
CF_Wind,2022-08-12 15:00:00,461199,1.8410773417761848,1
Price,2022-08-12 15:00:00,461199,1.8410773417761848,1
CF_Wind,2022-08-12 16:00:00,461200,1.7017252400508311,1
Price,2022-08-12 16:00:00,461200,1.7017252400508311,1
CF_Wind,2022-08-12 17:00:00,461201,2.021545113782281,1
Price,2022-08-12 17:00:00,461201,2.021545113782281,1
CF_Wind,2022-08-12 18:00:00,461202,2.7672565539002307,1
Price,2022-08-12 18:00:00,461202,2.7672565539002307,1
CF_Solar,2022-08-12 19:00:00,461203,2.8569090365549243,1
CF_Wind,2022-08-12 19:00:00,461203,2.8569090365549243,1
Price,2022-08-12 19:00:00,461203,2.8569090365549243,1
CF_Solar,2022-08-13 05:00:00,461213,2.170524994691561,1
CF_Wind,2022-08-13 05:00:00,461213,2.170524994691561,1
Price,2022-08-13 05:00:00,461213,2.170524994691561,1
CF_Wind,2022-08-13 06:00:00,461214,1.71714206156783,1
Price,2022-08-13 06:00:00,461214,1.71714206156783,1
CF_Wind,2022-08-13 07:00:00,461215,1.49611832835923,1
Price,2022-08-13 07:00:00,461215,1.49611832835923,1
CF_Wind,2022-08-13 08:00:00,461216,1.3901052752770773,1
Price,2022-08-13 08:00:00,461216,1.3901052752770773,1
CF_Wind,2022-08-13 09:00:00,461217,1.2131049386442423,1
Price,2022-08-13 09:00:00,461217,1.2131049386442423,1
CF_Wind,2022-08-13 10:00:00,461218,1.1573114320095,1
Price,2022-08-13 10:00:00,461218,1.1573114320095,1
CF_Wind,2022-08-13 11:00:00,461219,1.2590843755318557,1
Price,2022-08-13 11:00:00,461219,1.2590843755318557,1
CF_Wind,2022-08-13 12:00:00,461220,1.2032320931935403,1
Price,2022-08-13 12:00:00,461220,1.2032320931935403,1
CF_Wind,2022-08-13 13:00:00,461221,1.085365767612277,1
Price,2022-08-13 13:00:00,461221,1.085365767612277,1
CF_Wind,2022-08-13 14:00:00,461222,1.0990421188223094,1
Price,2022-08-13 14:00:00,461222,1.0990421188223094,1
CF_Wind,2022-08-13 15:00:00,461223,1.0830848607153734,1
Price,2022-08-13 15:00:00,461223,1.0830848607153734,1
Price,2022-08-13 16:00:00,461224,0.8986752582745856,1
Price,2022-08-13 17:00:00,461225,1.1352228170436909,1
Price,2022-08-13 18:00:00,461226,1.87911886984268,1
Price,2022-08-13 19:00:00,461227,2.170554196683675,1
CF_Wind,2022-08-14 05:00:00,461237,1.5371657829130714,1
Load_MW,2022-08-14 05:00:00,461237,1.5371657829130714,1
CF_Wind,2022-08-14 06:00:00,461238,1.232794159073259,1
Load_MW,2022-08-14 06:00:00,461238,1.232794159073259,1
CF_Wind,2022-08-14 07:00:00,461239,1.0032392248288178,1
Price,2022-08-14 07:00:00,461239,1.0032392248288178,1
CF_Wind,2022-08-14 08:00:00,461240,1.288199636040051,1
Price,2022-08-14 08:00:00,461240,1.288199636040051,1
CF_Wind,2022-08-14 09:00:00,461241,1.2009138177737435,1
Price,2022-08-14 09:00:00,461241,1.2009138177737435,1
CF_Wind,2022-08-14 10:00:00,461242,1.236108009493906,1
Price,2022-08-14 10:00:00,461242,1.236108009493906,1
CF_Wind,2022-08-14 11:00:00,461243,1.5025289363437402,1
Price,2022-08-14 11:00:00,461243,1.5025289363437402,1
CF_Wind,2022-08-14 12:00:00,461244,1.6026976299072,1
Price,2022-08-14 12:00:00,461244,1.6026976299072,1
CF_Wind,2022-08-14 13:00:00,461245,1.4935057678449837,1
Price,2022-08-14 13:00:00,461245,1.4935057678449837,1
CF_Wind,2022-08-14 14:00:00,461246,1.7508609815133245,1
Price,2022-08-14 14:00:00,461246,1.7508609815133245,1
CF_Wind,2022-08-14 15:00:00,461247,1.6002457789549869,1
Price,2022-08-14 15:00:00,461247,1.6002457789549869,1
CF_Wind,2022-08-14 16:00:00,461248,1.2857009600466305,1
Price,2022-08-14 16:00:00,461248,1.2857009600466305,1
CF_Wind,2022-08-14 17:00:00,461249,1.6521190873256644,1
Price,2022-08-14 17:00:00,461249,1.6521190873256644,1
CF_Wind,2022-08-14 18:00:00,461250,2.167355291683569,1
Price,2022-08-14 18:00:00,461250,2.167355291683569,1
CF_Wind,2022-08-14 19:00:00,461251,2.697815528020043,1
Price,2022-08-14 19:00:00,461251,2.697815528020043,1
CF_Solar,2022-08-16 05:00:00,461285,2.821127527199996,1
Price,2022-08-16 05:00:00,461285,2.821127527199996,1
CF_Solar,2022-08-16 06:00:00,461286,1.8361576941695053,1
Price,2022-08-16 06:00:00,461286,1.8361576941695053,1
Price,2022-08-16 07:00:00,461287,1.5148412205077992,1
Price,2022-08-16 08:00:00,461288,1.6068282024692702,1
Price,2022-08-16 09:00:00,461289,1.6370045441978265,1
CF_Wind,2022-08-16 10:00:00,461290,1.7324725345772118,1
Price,2022-08-16 10:00:00,461290,1.7324725345772118,1
CF_Wind,2022-08-16 11:00:00,461291,2.0283685224104557,1
Price,2022-08-16 11:00:00,461291,2.0283685224104557,1
CF_Wind,2022-08-16 12:00:00,461292,2.1203023304483737,1
Price,2022-08-16 12:00:00,461292,2.1203023304483737,1
CF_Wind,2022-08-16 13:00:00,461293,2.3929263674089576,1
Price,2022-08-16 13:00:00,461293,2.3929263674089576,1
CF_Wind,2022-08-16 14:00:00,461294,2.4450705126328165,1
Price,2022-08-16 14:00:00,461294,2.4450705126328165,1
CF_Wind,2022-08-16 15:00:00,461295,2.217329709174127,1
Price,2022-08-16 15:00:00,461295,2.217329709174127,1
CF_Wind,2022-08-16 16:00:00,461296,1.9432014739615573,1
Price,2022-08-16 16:00:00,461296,1.9432014739615573,1
CF_Wind,2022-08-16 17:00:00,461297,2.366452457657812,1
Price,2022-08-16 17:00:00,461297,2.366452457657812,1
CF_Wind,2022-08-16 18:00:00,461298,3.041823810936416,1
Price,2022-08-16 18:00:00,461298,3.041823810936416,1
CF_Solar,2022-08-16 19:00:00,461299,3.636411154130312,1
CF_Wind,2022-08-16 19:00:00,461299,3.636411154130312,1
Price,2022-08-16 19:00:00,461299,3.636411154130312,1
CF_Solar,2022-08-17 05:00:00,461309,4.097499314379524,1
CF_Wind,2022-08-17 05:00:00,461309,4.097499314379524,1
Price,2022-08-17 05:00:00,461309,4.097499314379524,1
CF_Wind,2022-08-17 06:00:00,461310,3.041130904427666,1
Price,2022-08-17 06:00:00,461310,3.041130904427666,1
CF_Wind,2022-08-17 07:00:00,461311,2.8719042274544964,1
Price,2022-08-17 07:00:00,461311,2.8719042274544964,1
CF_Wind,2022-08-17 08:00:00,461312,2.962640643134845,1
Price,2022-08-17 08:00:00,461312,2.962640643134845,1
CF_Wind,2022-08-17 09:00:00,461313,2.897635014158099,1
Price,2022-08-17 09:00:00,461313,2.897635014158099,1
CF_Wind,2022-08-17 10:00:00,461314,2.8867863363992914,1
Price,2022-08-17 10:00:00,461314,2.8867863363992914,1
CF_Wind,2022-08-17 11:00:00,461315,3.080376865963736,1
Price,2022-08-17 11:00:00,461315,3.080376865963736,1
CF_Wind,2022-08-17 12:00:00,461316,3.0771853622271053,1
Price,2022-08-17 12:00:00,461316,3.0771853622271053,1
CF_Wind,2022-08-17 13:00:00,461317,3.1758842227635538,1
Price,2022-08-17 13:00:00,461317,3.1758842227635538,1
CF_Wind,2022-08-17 14:00:00,461318,3.2942685962359133,1
Price,2022-08-17 14:00:00,461318,3.2942685962359133,1
CF_Wind,2022-08-17 15:00:00,461319,2.9656731892503783,1
Price,2022-08-17 15:00:00,461319,2.9656731892503783,1
CF_Wind,2022-08-17 16:00:00,461320,2.3897140214046453,1
Price,2022-08-17 16:00:00,461320,2.3897140214046453,1
CF_Wind,2022-08-17 17:00:00,461321,2.46355546839558,1
Price,2022-08-17 17:00:00,461321,2.46355546839558,1
CF_Wind,2022-08-17 18:00:00,461322,3.0638228979961,1
Price,2022-08-17 18:00:00,461322,3.0638228979961,1
CF_Solar,2022-08-17 19:00:00,461323,3.627413427952176,1
CF_Wind,2022-08-17 19:00:00,461323,3.627413427952176,1
Price,2022-08-17 19:00:00,461323,3.627413427952176,1
CF_Solar,2022-08-18 05:00:00,461333,3.7426336931849455,1
CF_Wind,2022-08-18 05:00:00,461333,3.7426336931849455,1
Price,2022-08-18 05:00:00,461333,3.7426336931849455,1
CF_Wind,2022-08-18 06:00:00,461334,2.970176880078044,1
Price,2022-08-18 06:00:00,461334,2.970176880078044,1
CF_Wind,2022-08-18 07:00:00,461335,2.83382628464226,1
Price,2022-08-18 07:00:00,461335,2.83382628464226,1
CF_Wind,2022-08-18 08:00:00,461336,2.825501038352975,1
Price,2022-08-18 08:00:00,461336,2.825501038352975,1
CF_Wind,2022-08-18 09:00:00,461337,2.5994190188791686,1
Price,2022-08-18 09:00:00,461337,2.5994190188791686,1
CF_Wind,2022-08-18 10:00:00,461338,2.5018414803602163,1
Price,2022-08-18 10:00:00,461338,2.5018414803602163,1
CF_Wind,2022-08-18 11:00:00,461339,2.462538931576593,1
Price,2022-08-18 11:00:00,461339,2.462538931576593,1
CF_Wind,2022-08-18 12:00:00,461340,2.551103521606482,1
Price,2022-08-18 12:00:00,461340,2.551103521606482,1
CF_Wind,2022-08-18 13:00:00,461341,2.572098067547386,1
Price,2022-08-18 13:00:00,461341,2.572098067547386,1
CF_Wind,2022-08-18 14:00:00,461342,2.403276619131838,1
CF_Wind,2022-08-18 15:00:00,461343,2.010073661643702,1
Price,2022-08-18 15:00:00,461343,2.010073661643702,1
CF_Wind,2022-08-18 16:00:00,461344,1.6153748034832902,1
Price,2022-08-18 16:00:00,461344,1.6153748034832902,1
CF_Wind,2022-08-18 17:00:00,461345,2.210481443652132,1
Price,2022-08-18 17:00:00,461345,2.210481443652132,1
CF_Wind,2022-08-18 18:00:00,461346,3.029397055977532,1
Price,2022-08-18 18:00:00,461346,3.029397055977532,1
CF_Solar,2022-08-18 19:00:00,461347,3.5952656643094087,1
CF_Wind,2022-08-18 19:00:00,461347,3.5952656643094087,1
Price,2022-08-18 19:00:00,461347,3.5952656643094087,1
CF_Solar,2022-08-19 05:00:00,461357,3.639108938452477,1
CF_Wind,2022-08-19 05:00:00,461357,3.639108938452477,1
Price,2022-08-19 05:00:00,461357,3.639108938452477,1
CF_Solar,2022-08-19 06:00:00,461358,2.608841624506937,1
CF_Wind,2022-08-19 06:00:00,461358,2.608841624506937,1
Price,2022-08-19 06:00:00,461358,2.608841624506937,1
CF_Wind,2022-08-19 07:00:00,461359,2.462722457436284,1
Price,2022-08-19 07:00:00,461359,2.462722457436284,1
CF_Wind,2022-08-19 08:00:00,461360,2.6176023278125573,1
Price,2022-08-19 08:00:00,461360,2.6176023278125573,1
CF_Wind,2022-08-19 09:00:00,461361,2.591215049155288,1
Price,2022-08-19 09:00:00,461361,2.591215049155288,1
CF_Wind,2022-08-19 10:00:00,461362,2.598473180717761,1
Price,2022-08-19 10:00:00,461362,2.598473180717761,1
CF_Wind,2022-08-19 11:00:00,461363,2.553896967113911,1
Price,2022-08-19 11:00:00,461363,2.553896967113911,1
CF_Wind,2022-08-19 12:00:00,461364,2.388629899215124,1
Price,2022-08-19 12:00:00,461364,2.388629899215124,1
Price,2022-08-19 14:00:00,461366,2.117036420023564,1
Price,2022-08-19 15:00:00,461367,2.3308429874401475,1
CF_Wind,2022-08-19 16:00:00,461368,1.7607524760882998,1
Price,2022-08-19 16:00:00,461368,1.7607524760882998,1
CF_Wind,2022-08-19 17:00:00,461369,1.9574575911337808,1
Price,2022-08-19 17:00:00,461369,1.9574575911337808,1
CF_Solar,2022-08-19 18:00:00,461370,2.73835553675305,1
CF_Wind,2022-08-19 18:00:00,461370,2.73835553675305,1
Price,2022-08-19 18:00:00,461370,2.73835553675305,1
CF_Solar,2022-08-20 05:00:00,461381,2.8725575860352963,1
CF_Wind,2022-08-20 05:00:00,461381,2.8725575860352963,1
Price,2022-08-20 05:00:00,461381,2.8725575860352963,1
CF_Solar,2022-08-20 06:00:00,461382,2.194621915646373,1
CF_Wind,2022-08-20 06:00:00,461382,2.194621915646373,1
Price,2022-08-20 06:00:00,461382,2.194621915646373,1
Price,2022-08-20 07:00:00,461383,1.6014988583645775,1
Price,2022-08-20 08:00:00,461384,1.6814814457868987,1
Price,2022-08-20 09:00:00,461385,1.6000354994282442,1
n_targets,2022-08-20 09:00:00,461385,1.6000354994282442,1
Price,2022-08-20 10:00:00,461386,1.4578576410365764,1
n_targets,2022-08-20 10:00:00,461386,1.4578576410365764,1
Price,2022-08-20 11:00:00,461387,1.6301626348886595,1
Price,2022-08-20 12:00:00,461388,1.4481319000120751,1
Price,2022-08-20 13:00:00,461389,1.4155702506793235,1
Price,2022-08-20 14:00:00,461390,1.52440089028409,1
n_targets,2022-08-20 14:00:00,461390,1.52440089028409,1
Price,2022-08-20 15:00:00,461391,1.4921738087180714,1
n_targets,2022-08-20 15:00:00,461391,1.4921738087180714,1
Price,2022-08-20 16:00:00,461392,1.3209936144180312,1
n_targets,2022-08-20 16:00:00,461392,1.3209936144180312,1
Price,2022-08-20 17:00:00,461393,1.481575217806911,1
Price,2022-08-20 18:00:00,461394,1.9399677679193492,1
CF_Solar,2022-08-21 05:00:00,461405,0.9500259397733544,1
Load_MW,2022-08-21 06:00:00,461406,0.7595927248049639,1
Load_MW,2022-08-21 07:00:00,461407,0.6704131372766247,1
Price,2022-08-21 08:00:00,461408,0.2317869879991594,1
Price,2022-08-21 09:00:00,461409,0.2857264793865137,1
Price,2022-08-21 10:00:00,461410,0.1463681581622835,1
n_targets,2022-08-21 10:00:00,461410,0.1463681581622835,1
Price,2022-08-21 11:00:00,461411,0.364565941937869,1
n_targets,2022-08-21 11:00:00,461411,0.364565941937869,1
Price,2022-08-21 12:00:00,461412,0.2200665456216237,1
n_targets,2022-08-21 12:00:00,461412,0.2200665456216237,1
Price,2022-08-21 13:00:00,461413,0.3866201704302023,1
n_targets,2022-08-21 13:00:00,461413,0.3866201704302023,1
Price,2022-08-21 14:00:00,461414,0.7003885669108287,1
n_targets,2022-08-21 14:00:00,461414,0.7003885669108287,1
Price,2022-08-21 15:00:00,461415,1.2265917217886395,1
n_targets,2022-08-21 15:00:00,461415,1.2265917217886395,1
Price,2022-08-21 16:00:00,461416,1.1818628716566928,1
n_targets,2022-08-21 16:00:00,461416,1.1818628716566928,1
Price,2022-08-21 17:00:00,461417,1.333872729798475,1
n_targets,2022-08-21 17:00:00,461417,1.333872729798475,1
Price,2022-08-21 18:00:00,461418,1.8383252102315013,1
CF_Solar,2022-08-22 05:00:00,461429,2.6791134706715063,1
Price,2022-08-22 05:00:00,461429,2.6791134706715063,1
CF_Solar,2022-08-22 06:00:00,461430,2.03575087218177,1
Price,2022-08-22 06:00:00,461430,2.03575087218177,1
CF_Solar,2022-08-22 07:00:00,461431,1.811853827482332,1
Price,2022-08-22 07:00:00,461431,1.811853827482332,1
Price,2022-08-22 08:00:00,461432,1.879846769928776,1
Price,2022-08-22 09:00:00,461433,1.8546939602236057,1
Price,2022-08-22 10:00:00,461434,1.7840890296522818,1
n_targets,2022-08-22 10:00:00,461434,1.7840890296522818,1
Price,2022-08-22 11:00:00,461435,1.879019238177792,1
n_targets,2022-08-22 11:00:00,461435,1.879019238177792,1
Price,2022-08-22 12:00:00,461436,2.0557664713658244,1
n_targets,2022-08-22 12:00:00,461436,2.0557664713658244,1
Price,2022-08-22 13:00:00,461437,2.136041479885894,1
n_targets,2022-08-22 13:00:00,461437,2.136041479885894,1
Price,2022-08-22 14:00:00,461438,2.074391645843933,1
n_targets,2022-08-22 14:00:00,461438,2.074391645843933,1
Price,2022-08-22 15:00:00,461439,1.7921033986995143,1
Price,2022-08-22 16:00:00,461440,1.431883950324548,1
CF_Solar,2022-08-22 17:00:00,461441,1.602613314780606,1
Price,2022-08-22 17:00:00,461441,1.602613314780606,1
CF_Solar,2022-08-22 18:00:00,461442,2.020947295840938,1
Price,2022-08-22 18:00:00,461442,2.020947295840938,1
CF_Solar,2022-08-23 05:00:00,461453,2.899858788368161,1
Price,2022-08-23 05:00:00,461453,2.899858788368161,1
CF_Solar,2022-08-23 06:00:00,461454,2.1606306766130428,1
Price,2022-08-23 06:00:00,461454,2.1606306766130428,1
CF_Solar,2022-08-23 07:00:00,461455,1.9366242517741168,1
Price,2022-08-23 07:00:00,461455,1.9366242517741168,1
Price,2022-08-23 08:00:00,461456,1.8468905583803197,1
Price,2022-08-23 09:00:00,461457,1.8247372356405616,1
Price,2022-08-23 10:00:00,461458,1.7623023555616988,1
n_targets,2022-08-23 10:00:00,461458,1.7623023555616988,1
Price,2022-08-23 11:00:00,461459,1.871260112529684,1
n_targets,2022-08-23 11:00:00,461459,1.871260112529684,1
Price,2022-08-23 12:00:00,461460,2.041863903941762,1
n_targets,2022-08-23 12:00:00,461460,2.041863903941762,1
Price,2022-08-23 13:00:00,461461,2.124492649255876,1
n_targets,2022-08-23 13:00:00,461461,2.124492649255876,1
Price,2022-08-23 14:00:00,461462,2.0533474615905147,1
n_targets,2022-08-23 14:00:00,461462,2.0533474615905147,1
Price,2022-08-23 15:00:00,461463,1.746068013396869,1
Price,2022-08-23 16:00:00,461464,1.2958128720480144,1
Price,2022-08-23 17:00:00,461465,1.5117345979068677,1
Price,2022-08-23 18:00:00,461466,1.9577475521701544,1
CF_Solar,2022-08-24 05:00:00,461477,3.2448188885304967,1
CF_Wind,2022-08-24 05:00:00,461477,3.2448188885304967,1
Load_MW,2022-08-24 05:00:00,461477,3.2448188885304967,1
CF_Solar,2022-08-24 06:00:00,461478,2.523897031376777,1
CF_Wind,2022-08-24 06:00:00,461478,2.523897031376777,1
Price,2022-08-24 06:00:00,461478,2.523897031376777,1
CF_Wind,2022-08-24 07:00:00,461479,2.1744088777181814,1
Price,2022-08-24 07:00:00,461479,2.1744088777181814,1
CF_Wind,2022-08-24 08:00:00,461480,2.065972755827403,1
Price,2022-08-24 08:00:00,461480,2.065972755827403,1
CF_Wind,2022-08-24 09:00:00,461481,2.105706459897265,1
Price,2022-08-24 09:00:00,461481,2.105706459897265,1
CF_Wind,2022-08-24 10:00:00,461482,2.1640156241849144,1
Price,2022-08-24 10:00:00,461482,2.1640156241849144,1
CF_Wind,2022-08-24 11:00:00,461483,2.12829287235199,1
Price,2022-08-24 11:00:00,461483,2.12829287235199,1
CF_Wind,2022-08-24 12:00:00,461484,2.255542918645327,1
Price,2022-08-24 12:00:00,461484,2.255542918645327,1
CF_Wind,2022-08-24 13:00:00,461485,2.3004140407369693,1
Price,2022-08-24 13:00:00,461485,2.3004140407369693,1
CF_Wind,2022-08-24 14:00:00,461486,2.3336958923871096,1
Price,2022-08-24 14:00:00,461486,2.3336958923871096,1
CF_Wind,2022-08-24 15:00:00,461487,2.0274571641336423,1
Price,2022-08-24 15:00:00,461487,2.0274571641336423,1
CF_Wind,2022-08-24 16:00:00,461488,1.617539148927735,1
Price,2022-08-24 16:00:00,461488,1.617539148927735,1
CF_Wind,2022-08-24 17:00:00,461489,1.820474570399542,1
Price,2022-08-24 17:00:00,461489,1.820474570399542,1
CF_Wind,2022-08-24 18:00:00,461490,2.1799790885340444,1
Price,2022-08-24 18:00:00,461490,2.1799790885340444,1
CF_Solar,2022-08-25 05:00:00,461501,3.8307640372338505,1
CF_Wind,2022-08-25 05:00:00,461501,3.8307640372338505,1
Price,2022-08-25 05:00:00,461501,3.8307640372338505,1
CF_Solar,2022-08-25 06:00:00,461502,3.0055828164615,1
CF_Wind,2022-08-25 06:00:00,461502,3.0055828164615,1
Price,2022-08-25 06:00:00,461502,3.0055828164615,1
CF_Wind,2022-08-25 07:00:00,461503,2.746402487777363,1
Price,2022-08-25 07:00:00,461503,2.746402487777363,1
CF_Wind,2022-08-25 08:00:00,461504,2.85115219743302,1
Price,2022-08-25 08:00:00,461504,2.85115219743302,1
CF_Wind,2022-08-25 09:00:00,461505,2.797680266258408,1
Price,2022-08-25 09:00:00,461505,2.797680266258408,1
CF_Wind,2022-08-25 10:00:00,461506,2.776276649447037,1
Price,2022-08-25 10:00:00,461506,2.776276649447037,1
CF_Wind,2022-08-25 11:00:00,461507,2.9045253721489885,1
Price,2022-08-25 11:00:00,461507,2.9045253721489885,1
CF_Wind,2022-08-25 12:00:00,461508,2.9265103355377047,1
Price,2022-08-25 12:00:00,461508,2.9265103355377047,1
CF_Wind,2022-08-25 13:00:00,461509,3.009014365735215,1
Price,2022-08-25 13:00:00,461509,3.009014365735215,1
CF_Wind,2022-08-25 14:00:00,461510,3.050872474702422,1
Price,2022-08-25 14:00:00,461510,3.050872474702422,1
CF_Wind,2022-08-25 15:00:00,461511,2.7052940778884307,1
Price,2022-08-25 15:00:00,461511,2.7052940778884307,1
CF_Wind,2022-08-25 16:00:00,461512,2.199259043947187,1
Price,2022-08-25 16:00:00,461512,2.199259043947187,1
CF_Wind,2022-08-25 17:00:00,461513,2.5531173645437297,1
Price,2022-08-25 17:00:00,461513,2.5531173645437297,1
CF_Wind,2022-08-25 18:00:00,461514,3.1475896313364564,1
Price,2022-08-25 18:00:00,461514,3.1475896313364564,1
CF_Solar,2022-08-26 05:00:00,461525,3.978479172450007,1
CF_Wind,2022-08-26 05:00:00,461525,3.978479172450007,1
Price,2022-08-26 05:00:00,461525,3.978479172450007,1
CF_Solar,2022-08-26 06:00:00,461526,3.161778662312182,1
CF_Wind,2022-08-26 06:00:00,461526,3.161778662312182,1
Price,2022-08-26 06:00:00,461526,3.161778662312182,1
CF_Wind,2022-08-26 07:00:00,461527,2.829384438401776,1
Price,2022-08-26 07:00:00,461527,2.829384438401776,1
CF_Wind,2022-08-26 08:00:00,461528,2.8931862999135864,1
Price,2022-08-26 08:00:00,461528,2.8931862999135864,1
CF_Wind,2022-08-26 09:00:00,461529,2.790146180142857,1
Price,2022-08-26 09:00:00,461529,2.790146180142857,1
CF_Wind,2022-08-26 10:00:00,461530,2.7744309278402306,1
Price,2022-08-26 10:00:00,461530,2.7744309278402306,1
CF_Wind,2022-08-26 11:00:00,461531,2.907123401110725,1
Price,2022-08-26 11:00:00,461531,2.907123401110725,1
CF_Wind,2022-08-26 12:00:00,461532,2.925646709799106,1
Price,2022-08-26 12:00:00,461532,2.925646709799106,1
CF_Wind,2022-08-26 13:00:00,461533,2.96598192626611,1
Price,2022-08-26 13:00:00,461533,2.96598192626611,1
CF_Wind,2022-08-26 14:00:00,461534,2.993867161217074,1
Price,2022-08-26 14:00:00,461534,2.993867161217074,1
CF_Wind,2022-08-26 15:00:00,461535,2.763963525088724,1
Price,2022-08-26 15:00:00,461535,2.763963525088724,1
CF_Wind,2022-08-26 16:00:00,461536,2.3351728896989745,1
Price,2022-08-26 16:00:00,461536,2.3351728896989745,1
CF_Solar,2022-08-26 17:00:00,461537,2.5025754727382603,1
CF_Wind,2022-08-26 17:00:00,461537,2.5025754727382603,1
Price,2022-08-26 17:00:00,461537,2.5025754727382603,1
CF_Solar,2022-08-26 18:00:00,461538,3.085023934683173,1
CF_Wind,2022-08-26 18:00:00,461538,3.085023934683173,1
Price,2022-08-26 18:00:00,461538,3.085023934683173,1
CF_Solar,2022-08-27 05:00:00,461549,3.198390624457092,1
CF_Wind,2022-08-27 05:00:00,461549,3.198390624457092,1
Price,2022-08-27 05:00:00,461549,3.198390624457092,1
CF_Solar,2022-08-27 06:00:00,461550,2.30829163460651,1
CF_Wind,2022-08-27 06:00:00,461550,2.30829163460651,1
Price,2022-08-27 06:00:00,461550,2.30829163460651,1
CF_Wind,2022-08-27 07:00:00,461551,2.281948145336558,1
Price,2022-08-27 07:00:00,461551,2.281948145336558,1
CF_Wind,2022-08-27 08:00:00,461552,2.4849699727040875,1
Price,2022-08-27 08:00:00,461552,2.4849699727040875,1
CF_Wind,2022-08-27 09:00:00,461553,2.4576582717921154,1
Price,2022-08-27 09:00:00,461553,2.4576582717921154,1
CF_Wind,2022-08-27 10:00:00,461554,2.513016313931049,1
Price,2022-08-27 10:00:00,461554,2.513016313931049,1
CF_Wind,2022-08-27 11:00:00,461555,2.732766227876405,1
Price,2022-08-27 11:00:00,461555,2.732766227876405,1
CF_Wind,2022-08-27 12:00:00,461556,2.721597586737808,1
Price,2022-08-27 12:00:00,461556,2.721597586737808,1
CF_Wind,2022-08-27 13:00:00,461557,2.7321271204005164,1
Price,2022-08-27 13:00:00,461557,2.7321271204005164,1
CF_Wind,2022-08-27 14:00:00,461558,2.7630213253580957,1
Price,2022-08-27 14:00:00,461558,2.7630213253580957,1
CF_Wind,2022-08-27 15:00:00,461559,2.5342462226439864,1
Price,2022-08-27 15:00:00,461559,2.5342462226439864,1
CF_Wind,2022-08-27 16:00:00,461560,2.085376170895364,1
Price,2022-08-27 16:00:00,461560,2.085376170895364,1
CF_Wind,2022-08-27 17:00:00,461561,2.26407247668827,1
Price,2022-08-27 17:00:00,461561,2.26407247668827,1
CF_Wind,2022-08-27 18:00:00,461562,2.6916396840786976,1
Price,2022-08-27 18:00:00,461562,2.6916396840786976,1
CF_Solar,2022-08-28 05:00:00,461573,2.703406933137523,1
CF_Wind,2022-08-28 05:00:00,461573,2.703406933137523,1
CF_Wind,2022-08-28 06:00:00,461574,2.127559350071857,1
Price,2022-08-28 06:00:00,461574,2.127559350071857,1
CF_Wind,2022-08-28 07:00:00,461575,2.441643804342448,1
Price,2022-08-28 07:00:00,461575,2.441643804342448,1
CF_Wind,2022-08-28 08:00:00,461576,2.285942537742072,1
Price,2022-08-28 08:00:00,461576,2.285942537742072,1
CF_Wind,2022-08-28 09:00:00,461577,2.158761583175556,1
Price,2022-08-28 09:00:00,461577,2.158761583175556,1
CF_Wind,2022-08-28 10:00:00,461578,1.623501486642808,1
Price,2022-08-28 10:00:00,461578,1.623501486642808,1
CF_Wind,2022-08-28 11:00:00,461579,1.8774476149350632,1
Price,2022-08-28 11:00:00,461579,1.8774476149350632,1
CF_Wind,2022-08-28 12:00:00,461580,1.5205012666604834,1
Price,2022-08-28 12:00:00,461580,1.5205012666604834,1
CF_Wind,2022-08-28 13:00:00,461581,1.6081780357860949,1
Price,2022-08-28 13:00:00,461581,1.6081780357860949,1
CF_Wind,2022-08-28 14:00:00,461582,1.688575412460288,1
Price,2022-08-28 14:00:00,461582,1.688575412460288,1
CF_Wind,2022-08-28 15:00:00,461583,2.362234223065127,1
Price,2022-08-28 15:00:00,461583,2.362234223065127,1
CF_Wind,2022-08-28 16:00:00,461584,1.3725875837367143,1
Price,2022-08-28 16:00:00,461584,1.3725875837367143,1
Price,2022-08-28 17:00:00,461585,1.4452417528063637,1
Price,2022-08-28 18:00:00,461586,1.931699562705148,1
CF_Solar,2022-08-29 05:00:00,461597,2.9376124277860267,1
Price,2022-08-29 05:00:00,461597,2.9376124277860267,1
CF_Solar,2022-08-29 06:00:00,461598,1.9024328561721349,1
CF_Wind,2022-08-29 06:00:00,461598,1.9024328561721349,1
Price,2022-08-29 06:00:00,461598,1.9024328561721349,1
CF_Wind,2022-08-29 07:00:00,461599,1.9849101819329176,1
Price,2022-08-29 07:00:00,461599,1.9849101819329176,1
CF_Wind,2022-08-29 08:00:00,461600,2.3165995279023903,1
Price,2022-08-29 08:00:00,461600,2.3165995279023903,1
CF_Wind,2022-08-29 09:00:00,461601,2.33678396358068,1
Price,2022-08-29 09:00:00,461601,2.33678396358068,1
CF_Wind,2022-08-29 10:00:00,461602,2.2076666162294014,1
Price,2022-08-29 10:00:00,461602,2.2076666162294014,1
CF_Wind,2022-08-29 11:00:00,461603,2.181215813682777,1
Price,2022-08-29 11:00:00,461603,2.181215813682777,1
CF_Wind,2022-08-29 12:00:00,461604,2.1825194657953624,1
Price,2022-08-29 12:00:00,461604,2.1825194657953624,1
CF_Wind,2022-08-29 13:00:00,461605,2.1803181272479826,1
Price,2022-08-29 13:00:00,461605,2.1803181272479826,1
CF_Wind,2022-08-29 14:00:00,461606,2.26576079362822,1
Price,2022-08-29 14:00:00,461606,2.26576079362822,1
CF_Wind,2022-08-29 15:00:00,461607,2.113692132130192,1
Price,2022-08-29 15:00:00,461607,2.113692132130192,1
CF_Wind,2022-08-29 16:00:00,461608,1.895560366307061,1
Price,2022-08-29 16:00:00,461608,1.895560366307061,1
CF_Wind,2022-08-29 17:00:00,461609,2.1214484494064125,1
Price,2022-08-29 17:00:00,461609,2.1214484494064125,1
CF_Wind,2022-08-29 18:00:00,461610,2.722284643072123,1
Price,2022-08-29 18:00:00,461610,2.722284643072123,1
CF_Solar,2022-08-30 05:00:00,461621,3.817638322695052,1
CF_Wind,2022-08-30 05:00:00,461621,3.817638322695052,1
Price,2022-08-30 05:00:00,461621,3.817638322695052,1
CF_Solar,2022-08-30 06:00:00,461622,2.995819212158937,1
CF_Wind,2022-08-30 06:00:00,461622,2.995819212158937,1
Price,2022-08-30 06:00:00,461622,2.995819212158937,1
CF_Wind,2022-08-30 07:00:00,461623,2.777422284811577,1
Price,2022-08-30 07:00:00,461623,2.777422284811577,1
CF_Wind,2022-08-30 08:00:00,461624,2.8034348211437634,1
Price,2022-08-30 08:00:00,461624,2.8034348211437634,1
CF_Wind,2022-08-30 09:00:00,461625,2.587725188128947,1
Price,2022-08-30 09:00:00,461625,2.587725188128947,1
CF_Wind,2022-08-30 10:00:00,461626,2.474799941158939,1
Price,2022-08-30 10:00:00,461626,2.474799941158939,1
CF_Wind,2022-08-30 11:00:00,461627,2.565014410735729,1
Price,2022-08-30 11:00:00,461627,2.565014410735729,1
CF_Wind,2022-08-30 12:00:00,461628,2.645297912521769,1
Price,2022-08-30 12:00:00,461628,2.645297912521769,1
CF_Wind,2022-08-30 13:00:00,461629,2.669812094058683,1
Price,2022-08-30 13:00:00,461629,2.669812094058683,1
CF_Wind,2022-08-30 14:00:00,461630,2.636359625327568,1
Price,2022-08-30 14:00:00,461630,2.636359625327568,1
CF_Wind,2022-08-30 15:00:00,461631,2.2534906144817173,1
Price,2022-08-30 15:00:00,461631,2.2534906144817173,1
CF_Wind,2022-08-30 16:00:00,461632,1.885272648355405,1
Price,2022-08-30 16:00:00,461632,1.885272648355405,1
CF_Wind,2022-08-30 17:00:00,461633,2.439391026103681,1
Price,2022-08-30 17:00:00,461633,2.439391026103681,1
CF_Wind,2022-08-30 18:00:00,461634,3.0750437320847883,1
Price,2022-08-30 18:00:00,461634,3.0750437320847883,1
CF_Solar,2022-08-31 05:00:00,461645,3.99617923105615,1
CF_Wind,2022-08-31 05:00:00,461645,3.99617923105615,1
Price,2022-08-31 05:00:00,461645,3.99617923105615,1
CF_Solar,2022-08-31 06:00:00,461646,3.2332041048768145,1
CF_Wind,2022-08-31 06:00:00,461646,3.2332041048768145,1
Price,2022-08-31 06:00:00,461646,3.2332041048768145,1
CF_Solar,2022-08-31 07:00:00,461647,2.935274545515464,1
CF_Wind,2022-08-31 07:00:00,461647,2.935274545515464,1
Price,2022-08-31 07:00:00,461647,2.935274545515464,1
CF_Wind,2022-08-31 08:00:00,461648,2.721731828226089,1
Price,2022-08-31 08:00:00,461648,2.721731828226089,1
CF_Wind,2022-08-31 09:00:00,461649,2.555341517213061,1
Price,2022-08-31 09:00:00,461649,2.555341517213061,1
CF_Wind,2022-08-31 10:00:00,461650,2.488032447107006,1
Price,2022-08-31 10:00:00,461650,2.488032447107006,1
CF_Wind,2022-08-31 11:00:00,461651,2.5467843108345694,1
Price,2022-08-31 11:00:00,461651,2.5467843108345694,1
CF_Wind,2022-08-31 12:00:00,461652,2.4666582298402737,1
Price,2022-08-31 12:00:00,461652,2.4666582298402737,1
Price,2022-08-31 13:00:00,461653,2.210061073987298,1
CF_Solar,2022-08-31 14:00:00,461654,2.181618719599859,1
Price,2022-08-31 14:00:00,461654,2.181618719599859,1
CF_Solar,2022-08-31 15:00:00,461655,1.9653833391059623,1
Price,2022-08-31 15:00:00,461655,1.9653833391059623,1
CF_Solar,2022-08-31 16:00:00,461656,1.51693968967411,1
Price,2022-08-31 16:00:00,461656,1.51693968967411,1
CF_Solar,2022-08-31 17:00:00,461657,1.5870073211524265,1
Price,2022-08-31 17:00:00,461657,1.5870073211524265,1
CF_Solar,2022-08-31 18:00:00,461658,1.9625378938120588,1
Price,2022-08-31 18:00:00,461658,1.9625378938120588,1
CF_Solar,2022-09-01 05:00:00,461669,3.1092823601540704,1
Price,2022-09-01 05:00:00,461669,3.1092823601540704,1
CF_Solar,2022-09-01 06:00:00,461670,2.5953463203486478,1
Price,2022-09-01 06:00:00,461670,2.5953463203486478,1
CF_Solar,2022-09-01 07:00:00,461671,2.362880450988208,1
Price,2022-09-01 07:00:00,461671,2.362880450988208,1
CF_Solar,2022-09-01 08:00:00,461672,2.076934725540521,1
CF_Wind,2022-09-01 08:00:00,461672,2.076934725540521,1
Price,2022-09-01 08:00:00,461672,2.076934725540521,1
CF_Wind,2022-09-01 09:00:00,461673,1.9277181038937907,1
Price,2022-09-01 09:00:00,461673,1.9277181038937907,1
CF_Wind,2022-09-01 10:00:00,461674,1.8513190363369016,1
Price,2022-09-01 10:00:00,461674,1.8513190363369016,1
CF_Wind,2022-09-01 11:00:00,461675,1.9955902662585343,1
Price,2022-09-01 11:00:00,461675,1.9955902662585343,1
CF_Wind,2022-09-01 12:00:00,461676,2.150310596199892,1
Price,2022-09-01 12:00:00,461676,2.150310596199892,1
Price,2022-09-01 13:00:00,461677,2.1387335496695163,1
Price,2022-09-01 14:00:00,461678,2.078728898515148,1
Price,2022-09-01 15:00:00,461679,1.7517955045942988,1
n_targets,2022-09-01 15:00:00,461679,1.7517955045942988,1
Price,2022-09-01 16:00:00,461680,1.3668071876656576,1
Price,2022-09-01 17:00:00,461681,1.5223403021723545,1
CF_Solar,2022-09-01 18:00:00,461682,2.01825931723099,1
Price,2022-09-01 18:00:00,461682,2.01825931723099,1
CF_Solar,2022-09-02 05:00:00,461693,3.310960144629174,1
CF_Wind,2022-09-02 05:00:00,461693,3.310960144629174,1
Price,2022-09-02 05:00:00,461693,3.310960144629174,1
CF_Solar,2022-09-02 06:00:00,461694,2.4044217367021545,1
CF_Wind,2022-09-02 06:00:00,461694,2.4044217367021545,1
Price,2022-09-02 06:00:00,461694,2.4044217367021545,1
CF_Wind,2022-09-02 07:00:00,461695,2.3775638529052223,1
Price,2022-09-02 07:00:00,461695,2.3775638529052223,1
CF_Wind,2022-09-02 08:00:00,461696,2.53122526200688,1
Price,2022-09-02 08:00:00,461696,2.53122526200688,1
CF_Wind,2022-09-02 09:00:00,461697,2.53052802898724,1
Price,2022-09-02 09:00:00,461697,2.53052802898724,1
CF_Wind,2022-09-02 10:00:00,461698,2.5651385934115187,1
Price,2022-09-02 10:00:00,461698,2.5651385934115187,1
CF_Wind,2022-09-02 11:00:00,461699,2.6560562519487303,1
Price,2022-09-02 11:00:00,461699,2.6560562519487303,1
CF_Wind,2022-09-02 12:00:00,461700,2.7010449258214573,1
Price,2022-09-02 12:00:00,461700,2.7010449258214573,1
CF_Wind,2022-09-02 13:00:00,461701,2.788057554355723,1
Price,2022-09-02 13:00:00,461701,2.788057554355723,1
CF_Wind,2022-09-02 14:00:00,461702,2.858035675689785,1
Price,2022-09-02 14:00:00,461702,2.858035675689785,1
CF_Wind,2022-09-02 15:00:00,461703,2.5983764420519653,1
Price,2022-09-02 15:00:00,461703,2.5983764420519653,1
CF_Wind,2022-09-02 16:00:00,461704,2.127143988204925,1
Price,2022-09-02 16:00:00,461704,2.127143988204925,1
CF_Wind,2022-09-02 17:00:00,461705,2.354866154537982,1
Price,2022-09-02 17:00:00,461705,2.354866154537982,1
CF_Wind,2022-09-02 18:00:00,461706,2.8205529607368898,1
Price,2022-09-02 18:00:00,461706,2.8205529607368898,1
CF_Solar,2022-09-03 05:00:00,461717,2.347462723203223,1
CF_Wind,2022-09-03 05:00:00,461717,2.347462723203223,1
Price,2022-09-03 05:00:00,461717,2.347462723203223,1
CF_Wind,2022-09-03 06:00:00,461718,2.2162173733866206,1
Price,2022-09-03 06:00:00,461718,2.2162173733866206,1
CF_Wind,2022-09-03 07:00:00,461719,2.2994957273091705,1
Price,2022-09-03 07:00:00,461719,2.2994957273091705,1
CF_Wind,2022-09-03 08:00:00,461720,2.1858044092875284,1
Price,2022-09-03 08:00:00,461720,2.1858044092875284,1
CF_Wind,2022-09-03 09:00:00,461721,1.8146837967052123,1
Price,2022-09-03 09:00:00,461721,1.8146837967052123,1
CF_Wind,2022-09-03 10:00:00,461722,1.7055399059944296,1
Price,2022-09-03 10:00:00,461722,1.7055399059944296,1
CF_Wind,2022-09-03 11:00:00,461723,1.801668186301757,1
Price,2022-09-03 11:00:00,461723,1.801668186301757,1
CF_Wind,2022-09-03 12:00:00,461724,1.692346709389233,1
Price,2022-09-03 12:00:00,461724,1.692346709389233,1
CF_Wind,2022-09-03 13:00:00,461725,1.789664692868432,1
Price,2022-09-03 13:00:00,461725,1.789664692868432,1
CF_Wind,2022-09-03 14:00:00,461726,1.7204426095623648,1
Price,2022-09-03 14:00:00,461726,1.7204426095623648,1
CF_Wind,2022-09-03 15:00:00,461727,1.6789259989883385,1
Price,2022-09-03 15:00:00,461727,1.6789259989883385,1
CF_Wind,2022-09-03 16:00:00,461728,1.447119495938964,1
Price,2022-09-03 16:00:00,461728,1.447119495938964,1
CF_Wind,2022-09-03 17:00:00,461729,1.47954698526466,1
Price,2022-09-03 17:00:00,461729,1.47954698526466,1
Price,2022-09-03 18:00:00,461730,1.9261337130486855,1
CF_Wind,2022-09-04 05:00:00,461741,2.64851087493926,1
CF_Wind,2022-09-04 06:00:00,461742,2.1557527487802366,1
Load_MW,2022-09-04 06:00:00,461742,2.1557527487802366,1
CF_Wind,2022-09-04 07:00:00,461743,2.205106774466132,1
Load_MW,2022-09-04 07:00:00,461743,2.205106774466132,1
CF_Wind,2022-09-04 08:00:00,461744,2.044910709970007,1
Price,2022-09-04 08:00:00,461744,2.044910709970007,1
CF_Wind,2022-09-04 09:00:00,461745,1.852919006092543,1
Price,2022-09-04 09:00:00,461745,1.852919006092543,1
CF_Wind,2022-09-04 10:00:00,461746,1.942497001220024,1
Price,2022-09-04 10:00:00,461746,1.942497001220024,1
CF_Wind,2022-09-04 11:00:00,461747,2.237918561693656,1
Price,2022-09-04 11:00:00,461747,2.237918561693656,1
CF_Wind,2022-09-04 12:00:00,461748,1.9093844829672015,1
Price,2022-09-04 12:00:00,461748,1.9093844829672015,1
CF_Wind,2022-09-04 13:00:00,461749,2.092928531112629,1
Price,2022-09-04 13:00:00,461749,2.092928531112629,1
CF_Wind,2022-09-04 14:00:00,461750,2.14975064795113,1
Price,2022-09-04 14:00:00,461750,2.14975064795113,1
CF_Wind,2022-09-04 15:00:00,461751,2.5033154413695984,1
Price,2022-09-04 15:00:00,461751,2.5033154413695984,1
CF_Wind,2022-09-04 16:00:00,461752,2.111858809728258,1
Price,2022-09-04 16:00:00,461752,2.111858809728258,1
CF_Wind,2022-09-04 17:00:00,461753,2.542440892271098,1
Price,2022-09-04 17:00:00,461753,2.542440892271098,1
CF_Solar,2022-09-04 18:00:00,461754,3.3257106888674484,1
CF_Wind,2022-09-04 18:00:00,461754,3.3257106888674484,1
Price,2022-09-04 18:00:00,461754,3.3257106888674484,1
CF_Solar,2022-09-05 05:00:00,461765,3.3869735641139984,1
CF_Wind,2022-09-05 05:00:00,461765,3.3869735641139984,1
Price,2022-09-05 05:00:00,461765,3.3869735641139984,1
CF_Wind,2022-09-05 06:00:00,461766,2.873809066167908,1
Price,2022-09-05 06:00:00,461766,2.873809066167908,1
CF_Wind,2022-09-05 07:00:00,461767,2.756374037719375,1
Price,2022-09-05 07:00:00,461767,2.756374037719375,1
CF_Wind,2022-09-05 08:00:00,461768,2.7584858922745346,1
Price,2022-09-05 08:00:00,461768,2.7584858922745346,1
CF_Wind,2022-09-05 09:00:00,461769,2.5968511273425325,1
Price,2022-09-05 09:00:00,461769,2.5968511273425325,1
CF_Wind,2022-09-05 10:00:00,461770,2.670583098425046,1
Price,2022-09-05 10:00:00,461770,2.670583098425046,1
CF_Wind,2022-09-05 11:00:00,461771,2.492421645931813,1
Price,2022-09-05 11:00:00,461771,2.492421645931813,1
CF_Wind,2022-09-05 12:00:00,461772,2.6400529931183234,1
Price,2022-09-05 12:00:00,461772,2.6400529931183234,1
CF_Wind,2022-09-05 13:00:00,461773,2.6512525128342253,1
Price,2022-09-05 13:00:00,461773,2.6512525128342253,1
CF_Wind,2022-09-05 14:00:00,461774,2.7794013537718243,1
Price,2022-09-05 14:00:00,461774,2.7794013537718243,1
CF_Wind,2022-09-05 15:00:00,461775,2.685168071654544,1
Price,2022-09-05 15:00:00,461775,2.685168071654544,1
CF_Wind,2022-09-05 16:00:00,461776,2.1680400517069907,1
Price,2022-09-05 16:00:00,461776,2.1680400517069907,1
CF_Wind,2022-09-05 17:00:00,461777,2.3735429283709264,1
Price,2022-09-05 17:00:00,461777,2.3735429283709264,1
CF_Wind,2022-09-05 18:00:00,461778,2.741707483734425,1
Price,2022-09-05 18:00:00,461778,2.741707483734425,1
CF_Solar,2022-09-06 05:00:00,461789,3.5453092172339336,1
CF_Wind,2022-09-06 05:00:00,461789,3.5453092172339336,1
Price,2022-09-06 05:00:00,461789,3.5453092172339336,1
CF_Wind,2022-09-06 06:00:00,461790,2.631046617989953,1
Price,2022-09-06 06:00:00,461790,2.631046617989953,1
CF_Wind,2022-09-06 07:00:00,461791,2.579728991081564,1
Price,2022-09-06 07:00:00,461791,2.579728991081564,1
CF_Wind,2022-09-06 08:00:00,461792,2.5944955330303343,1
Price,2022-09-06 08:00:00,461792,2.5944955330303343,1
CF_Wind,2022-09-06 09:00:00,461793,2.5241253671571817,1
Price,2022-09-06 09:00:00,461793,2.5241253671571817,1
CF_Wind,2022-09-06 10:00:00,461794,2.6910310442815844,1
Price,2022-09-06 10:00:00,461794,2.6910310442815844,1
CF_Wind,2022-09-06 11:00:00,461795,2.6826969151024107,1
Price,2022-09-06 11:00:00,461795,2.6826969151024107,1
CF_Wind,2022-09-06 12:00:00,461796,2.6641524974756776,1
Price,2022-09-06 12:00:00,461796,2.6641524974756776,1
CF_Wind,2022-09-06 13:00:00,461797,2.6484219873689496,1
Price,2022-09-06 13:00:00,461797,2.6484219873689496,1
CF_Wind,2022-09-06 14:00:00,461798,2.3576599274958845,1
Price,2022-09-06 14:00:00,461798,2.3576599274958845,1
CF_Wind,2022-09-06 15:00:00,461799,2.227372524109722,1
Price,2022-09-06 15:00:00,461799,2.227372524109722,1
CF_Wind,2022-09-06 16:00:00,461800,1.975107287081251,1
Price,2022-09-06 16:00:00,461800,1.975107287081251,1
CF_Solar,2022-09-06 17:00:00,461801,2.364223171950954,1
CF_Wind,2022-09-06 17:00:00,461801,2.364223171950954,1
Price,2022-09-06 17:00:00,461801,2.364223171950954,1
CF_Solar,2022-09-06 18:00:00,461802,2.877856582034207,1
CF_Wind,2022-09-06 18:00:00,461802,2.877856582034207,1
Price,2022-09-06 18:00:00,461802,2.877856582034207,1
CF_Solar,2022-09-07 05:00:00,461813,3.9113648728647608,1
CF_Wind,2022-09-07 05:00:00,461813,3.9113648728647608,1
Price,2022-09-07 05:00:00,461813,3.9113648728647608,1
CF_Solar,2022-09-07 06:00:00,461814,3.0602384786861903,1
CF_Wind,2022-09-07 06:00:00,461814,3.0602384786861903,1
Price,2022-09-07 06:00:00,461814,3.0602384786861903,1
CF_Wind,2022-09-07 07:00:00,461815,2.951427415976426,1
Price,2022-09-07 07:00:00,461815,2.951427415976426,1
CF_Wind,2022-09-07 08:00:00,461816,2.941470941396997,1
Price,2022-09-07 08:00:00,461816,2.941470941396997,1
CF_Wind,2022-09-07 09:00:00,461817,2.782358644542778,1
Price,2022-09-07 09:00:00,461817,2.782358644542778,1
CF_Wind,2022-09-07 10:00:00,461818,2.838027690421094,1
Price,2022-09-07 10:00:00,461818,2.838027690421094,1
CF_Wind,2022-09-07 11:00:00,461819,2.91063740452978,1
Price,2022-09-07 11:00:00,461819,2.91063740452978,1
CF_Wind,2022-09-07 12:00:00,461820,2.933780794860197,1
Price,2022-09-07 12:00:00,461820,2.933780794860197,1
CF_Wind,2022-09-07 13:00:00,461821,2.85129374987609,1
Price,2022-09-07 13:00:00,461821,2.85129374987609,1
CF_Wind,2022-09-07 14:00:00,461822,2.977053960691049,1
Price,2022-09-07 14:00:00,461822,2.977053960691049,1
CF_Wind,2022-09-07 15:00:00,461823,2.5282710080640274,1
Price,2022-09-07 15:00:00,461823,2.5282710080640274,1
CF_Wind,2022-09-07 16:00:00,461824,2.201031215100336,1
Price,2022-09-07 16:00:00,461824,2.201031215100336,1
CF_Solar,2022-09-07 17:00:00,461825,2.4627093019537325,1
CF_Wind,2022-09-07 17:00:00,461825,2.4627093019537325,1
Price,2022-09-07 17:00:00,461825,2.4627093019537325,1
CF_Solar,2022-09-07 18:00:00,461826,2.9913836446027875,1
CF_Wind,2022-09-07 18:00:00,461826,2.9913836446027875,1
Price,2022-09-07 18:00:00,461826,2.9913836446027875,1
CF_Solar,2022-09-08 05:00:00,461837,2.659861170561264,1
CF_Wind,2022-09-08 05:00:00,461837,2.659861170561264,1
Price,2022-09-08 05:00:00,461837,2.659861170561264,1
Price,2022-09-08 06:00:00,461838,1.7080579428563372,1
Price,2022-09-08 07:00:00,461839,1.668582784512727,1
Price,2022-09-08 08:00:00,461840,1.8483976732490728,1
n_targets,2022-09-08 08:00:00,461840,1.8483976732490728,1
Price,2022-09-08 09:00:00,461841,1.3046302943085897,1
n_targets,2022-09-08 09:00:00,461841,1.3046302943085897,1
Price,2022-09-08 10:00:00,461842,1.6758170858331618,1
n_targets,2022-09-08 10:00:00,461842,1.6758170858331618,1
Price,2022-09-08 11:00:00,461843,1.3291329005306136,1
n_targets,2022-09-08 11:00:00,461843,1.3291329005306136,1
Price,2022-09-08 12:00:00,461844,1.3084525730806056,1
n_targets,2022-09-08 12:00:00,461844,1.3084525730806056,1
Price,2022-09-08 14:00:00,461846,1.397098982063747,1
Price,2022-09-08 15:00:00,461847,1.7431384877890617,1
Price,2022-09-08 16:00:00,461848,1.4292563585855107,1
Price,2022-09-08 17:00:00,461849,1.4922482796633123,1
CF_Solar,2022-09-09 05:00:00,461861,2.837084979409746,1
CF_Wind,2022-09-09 05:00:00,461861,2.837084979409746,1
Price,2022-09-09 05:00:00,461861,2.837084979409746,1
CF_Wind,2022-09-09 06:00:00,461862,2.3447329550466405,1
Price,2022-09-09 06:00:00,461862,2.3447329550466405,1
CF_Wind,2022-09-09 07:00:00,461863,2.3317071714948314,1
Price,2022-09-09 07:00:00,461863,2.3317071714948314,1
CF_Wind,2022-09-09 08:00:00,461864,2.245743914718177,1
Price,2022-09-09 08:00:00,461864,2.245743914718177,1
CF_Wind,2022-09-09 09:00:00,461865,2.0342445733988663,1
Price,2022-09-09 09:00:00,461865,2.0342445733988663,1
CF_Wind,2022-09-09 10:00:00,461866,2.1705546964654743,1
Price,2022-09-09 10:00:00,461866,2.1705546964654743,1
CF_Wind,2022-09-09 11:00:00,461867,1.8524961936639583,1
Price,2022-09-09 11:00:00,461867,1.8524961936639583,1
CF_Wind,2022-09-09 12:00:00,461868,1.8831815061003412,1
Price,2022-09-09 12:00:00,461868,1.8831815061003412,1
CF_Wind,2022-09-09 13:00:00,461869,1.8747419730949852,1
Price,2022-09-09 13:00:00,461869,1.8747419730949852,1
CF_Wind,2022-09-09 14:00:00,461870,2.018764815246131,1
Price,2022-09-09 14:00:00,461870,2.018764815246131,1
CF_Wind,2022-09-09 15:00:00,461871,1.940665081089191,1
Price,2022-09-09 15:00:00,461871,1.940665081089191,1
CF_Wind,2022-09-09 16:00:00,461872,1.8095737327329424,1
Price,2022-09-09 16:00:00,461872,1.8095737327329424,1
CF_Solar,2022-09-09 17:00:00,461873,1.84969362063014,1
CF_Wind,2022-09-09 17:00:00,461873,1.84969362063014,1
Price,2022-09-09 17:00:00,461873,1.84969362063014,1
CF_Solar,2022-09-10 05:00:00,461885,1.5715915988788502,1
CF_Wind,2022-09-10 05:00:00,461885,1.5715915988788502,1
CF_Wind,2022-09-10 06:00:00,461886,1.2786758645360332,1
Price,2022-09-10 06:00:00,461886,1.2786758645360332,1
CF_Wind,2022-09-10 07:00:00,461887,1.0852033192342545,1
Price,2022-09-10 07:00:00,461887,1.0852033192342545,1
Price,2022-09-10 08:00:00,461888,0.9333038669963956,1
Price,2022-09-10 09:00:00,461889,0.7569405176929123,1
Price,2022-09-10 10:00:00,461890,0.6425886325853398,1
n_targets,2022-09-10 10:00:00,461890,0.6425886325853398,1
Price,2022-09-10 11:00:00,461891,0.9494447691769798,1
n_targets,2022-09-10 11:00:00,461891,0.9494447691769798,1
Price,2022-09-10 12:00:00,461892,0.810077306243357,1
n_targets,2022-09-10 12:00:00,461892,0.810077306243357,1
Price,2022-09-10 13:00:00,461893,0.8889638655322185,1
n_targets,2022-09-10 13:00:00,461893,0.8889638655322185,1
Price,2022-09-10 14:00:00,461894,1.042609046035626,1
n_targets,2022-09-10 14:00:00,461894,1.042609046035626,1
Price,2022-09-10 15:00:00,461895,1.2148569611428175,1
n_targets,2022-09-10 15:00:00,461895,1.2148569611428175,1
Price,2022-09-10 17:00:00,461897,1.1829700260515166,1
CF_Solar,2022-09-11 05:00:00,461909,1.203608096169538,1
Load_MW,2022-09-11 05:00:00,461909,1.203608096169538,1
Price,2022-09-11 06:00:00,461910,0.7278744289153745,1
Price,2022-09-11 07:00:00,461911,0.6704480826400672,1
Price,2022-09-11 08:00:00,461912,0.7433376866681058,1
n_targets,2022-09-11 08:00:00,461912,0.7433376866681058,1
Price,2022-09-11 09:00:00,461913,0.9710034257210522,1
n_targets,2022-09-11 09:00:00,461913,0.9710034257210522,1
Price,2022-09-11 10:00:00,461914,0.6681487710630203,1
n_targets,2022-09-11 10:00:00,461914,0.6681487710630203,1
Price,2022-09-11 11:00:00,461915,0.8282630981620116,1
n_targets,2022-09-11 11:00:00,461915,0.8282630981620116,1
Price,2022-09-11 12:00:00,461916,0.587513766900779,1
n_targets,2022-09-11 12:00:00,461916,0.587513766900779,1
Price,2022-09-11 13:00:00,461917,0.6535376392917793,1
n_targets,2022-09-11 13:00:00,461917,0.6535376392917793,1
Price,2022-09-11 14:00:00,461918,0.8523131420358987,1
n_targets,2022-09-11 14:00:00,461918,0.8523131420358987,1
Price,2022-09-11 15:00:00,461919,1.1773538949310702,1
n_targets,2022-09-11 15:00:00,461919,1.1773538949310702,1
Price,2022-09-11 16:00:00,461920,1.0904543700961895,1
n_targets,2022-09-11 16:00:00,461920,1.0904543700961895,1
Price,2022-09-11 17:00:00,461921,1.3731290121701742,1
Price,2022-09-11 18:00:00,461922,1.817877786808468,1
CF_Solar,2022-09-12 05:00:00,461933,2.269319363265556,1
Price,2022-09-12 05:00:00,461933,2.269319363265556,1
Price,2022-09-12 06:00:00,461934,1.7011909073411018,1
Price,2022-09-12 07:00:00,461935,1.4612129880158848,1
Price,2022-09-12 08:00:00,461936,1.6440206585370558,1
n_targets,2022-09-12 08:00:00,461936,1.6440206585370558,1
Price,2022-09-12 09:00:00,461937,1.41072621943038,1
n_targets,2022-09-12 09:00:00,461937,1.41072621943038,1
Price,2022-09-12 10:00:00,461938,1.4939967713521056,1
Price,2022-09-12 11:00:00,461939,1.6450491834364864,1
CF_Wind,2022-09-12 12:00:00,461940,1.6053907731850643,1
Price,2022-09-12 12:00:00,461940,1.6053907731850643,1
Price,2022-09-12 13:00:00,461941,1.6247403059545786,1
Price,2022-09-12 14:00:00,461942,1.9992446679878808,1
Price,2022-09-12 15:00:00,461943,1.9915957664269983,1
CF_Wind,2022-09-12 16:00:00,461944,1.812108289140956,1
Price,2022-09-12 16:00:00,461944,1.812108289140956,1
CF_Wind,2022-09-12 17:00:00,461945,2.1792092221861363,1
Price,2022-09-12 17:00:00,461945,2.1792092221861363,1
CF_Solar,2022-09-12 18:00:00,461946,2.7956925690481773,1
CF_Wind,2022-09-12 18:00:00,461946,2.7956925690481773,1
Price,2022-09-12 18:00:00,461946,2.7956925690481773,1
CF_Wind,2022-09-13 05:00:00,461957,3.1008113378895104,1
Price,2022-09-13 05:00:00,461957,3.1008113378895104,1
CF_Wind,2022-09-13 06:00:00,461958,2.6334132432827824,1
Price,2022-09-13 06:00:00,461958,2.6334132432827824,1
CF_Wind,2022-09-13 07:00:00,461959,2.4083290505734243,1
Price,2022-09-13 07:00:00,461959,2.4083290505734243,1
CF_Wind,2022-09-13 08:00:00,461960,2.0509848291129806,1
Price,2022-09-13 08:00:00,461960,2.0509848291129806,1
CF_Wind,2022-09-13 09:00:00,461961,2.4219738877064563,1
Price,2022-09-13 09:00:00,461961,2.4219738877064563,1
CF_Wind,2022-09-13 10:00:00,461962,2.3172750089341423,1
Price,2022-09-13 10:00:00,461962,2.3172750089341423,1
CF_Wind,2022-09-13 11:00:00,461963,2.5963987831957307,1
Price,2022-09-13 11:00:00,461963,2.5963987831957307,1
CF_Wind,2022-09-13 12:00:00,461964,2.5969910354574117,1
Price,2022-09-13 12:00:00,461964,2.5969910354574117,1
CF_Wind,2022-09-13 13:00:00,461965,2.6710483681812898,1
Price,2022-09-13 13:00:00,461965,2.6710483681812898,1
CF_Wind,2022-09-13 14:00:00,461966,2.7393244290375427,1
Price,2022-09-13 14:00:00,461966,2.7393244290375427,1
CF_Wind,2022-09-13 15:00:00,461967,2.6502970581594187,1
Price,2022-09-13 15:00:00,461967,2.6502970581594187,1
CF_Wind,2022-09-13 16:00:00,461968,2.3341956186232347,1
Price,2022-09-13 16:00:00,461968,2.3341956186232347,1
CF_Solar,2022-09-13 17:00:00,461969,2.4930657356488286,1
CF_Wind,2022-09-13 17:00:00,461969,2.4930657356488286,1
Price,2022-09-13 17:00:00,461969,2.4930657356488286,1
CF_Solar,2022-09-13 18:00:00,461970,3.0033263755759,1
CF_Wind,2022-09-13 18:00:00,461970,3.0033263755759,1
Price,2022-09-13 18:00:00,461970,3.0033263755759,1
CF_Wind,2022-09-14 05:00:00,461981,2.997874679421161,1
Price,2022-09-14 05:00:00,461981,2.997874679421161,1
CF_Wind,2022-09-14 06:00:00,461982,2.737472760323272,1
Price,2022-09-14 06:00:00,461982,2.737472760323272,1
CF_Wind,2022-09-14 07:00:00,461983,2.648668864224896,1
Price,2022-09-14 07:00:00,461983,2.648668864224896,1
CF_Wind,2022-09-14 08:00:00,461984,2.637083445094534,1
Price,2022-09-14 08:00:00,461984,2.637083445094534,1
CF_Wind,2022-09-14 09:00:00,461985,2.5037385813584887,1
Price,2022-09-14 09:00:00,461985,2.5037385813584887,1
CF_Wind,2022-09-14 10:00:00,461986,2.452313823176714,1
Price,2022-09-14 10:00:00,461986,2.452313823176714,1
CF_Wind,2022-09-14 11:00:00,461987,2.2809581321254866,1
Price,2022-09-14 11:00:00,461987,2.2809581321254866,1
CF_Wind,2022-09-14 12:00:00,461988,2.272485492828438,1
Price,2022-09-14 12:00:00,461988,2.272485492828438,1
CF_Wind,2022-09-14 13:00:00,461989,2.3138803846347016,1
Price,2022-09-14 13:00:00,461989,2.3138803846347016,1
CF_Wind,2022-09-14 14:00:00,461990,2.651431004933201,1
Price,2022-09-14 14:00:00,461990,2.651431004933201,1
CF_Wind,2022-09-14 15:00:00,461991,2.6009449234000077,1
Price,2022-09-14 15:00:00,461991,2.6009449234000077,1
CF_Wind,2022-09-14 16:00:00,461992,2.417724982147988,1
Price,2022-09-14 16:00:00,461992,2.417724982147988,1
CF_Solar,2022-09-14 17:00:00,461993,2.494650104336336,1
CF_Wind,2022-09-14 17:00:00,461993,2.494650104336336,1
Price,2022-09-14 17:00:00,461993,2.494650104336336,1
CF_Solar,2022-09-14 18:00:00,461994,2.9942314906624405,1
CF_Wind,2022-09-14 18:00:00,461994,2.9942314906624405,1
Price,2022-09-14 18:00:00,461994,2.9942314906624405,1
CF_Solar,2022-09-15 05:00:00,462005,2.718866702930208,1
CF_Wind,2022-09-15 05:00:00,462005,2.718866702930208,1
Price,2022-09-15 05:00:00,462005,2.718866702930208,1
CF_Wind,2022-09-15 06:00:00,462006,2.0582733125031307,1
Price,2022-09-15 06:00:00,462006,2.0582733125031307,1
CF_Wind,2022-09-15 07:00:00,462007,1.6084612230331363,1
Price,2022-09-15 07:00:00,462007,1.6084612230331363,1
Price,2022-09-15 08:00:00,462008,1.5092739614326105,1
Price,2022-09-15 09:00:00,462009,1.4783832384854851,1
Price,2022-09-15 10:00:00,462010,1.3389826146615031,1
Price,2022-09-15 11:00:00,462011,1.2066421499130762,1
Price,2022-09-15 12:00:00,462012,1.3900894961410994,1
Price,2022-09-15 14:00:00,462014,1.6668209520579338,1
Price,2022-09-15 15:00:00,462015,1.4697984929834154,1
Price,2022-09-15 16:00:00,462016,1.319239350277178,1
CF_Solar,2022-09-15 17:00:00,462017,1.592503451866553,1
Price,2022-09-15 17:00:00,462017,1.592503451866553,1
CF_Solar,2022-09-15 18:00:00,462018,2.0823153409528388,1
Price,2022-09-15 18:00:00,462018,2.0823153409528388,1
Price,2022-09-16 02:00:00,462026,1.208394042956257,1
CF_Solar,2022-09-16 06:00:00,462030,2.1967479971140875,1
CF_Wind,2022-09-16 06:00:00,462030,2.1967479971140875,1
Price,2022-09-16 06:00:00,462030,2.1967479971140875,1
CF_Solar,2022-09-16 07:00:00,462031,1.9044493020781563,1
CF_Wind,2022-09-16 07:00:00,462031,1.9044493020781563,1
Price,2022-09-16 07:00:00,462031,1.9044493020781563,1
CF_Solar,2022-09-16 08:00:00,462032,1.6453666744214903,1
CF_Wind,2022-09-16 08:00:00,462032,1.6453666744214903,1
Price,2022-09-16 08:00:00,462032,1.6453666744214903,1
CF_Solar,2022-09-16 09:00:00,462033,1.8095260010271648,1
CF_Wind,2022-09-16 09:00:00,462033,1.8095260010271648,1
Price,2022-09-16 09:00:00,462033,1.8095260010271648,1
CF_Wind,2022-09-16 10:00:00,462034,1.8156937775891315,1
Price,2022-09-16 10:00:00,462034,1.8156937775891315,1
CF_Wind,2022-09-16 11:00:00,462035,1.445311555053985,1
Price,2022-09-16 11:00:00,462035,1.445311555053985,1
CF_Wind,2022-09-16 12:00:00,462036,1.5386996182586017,1
Price,2022-09-16 12:00:00,462036,1.5386996182586017,1
CF_Wind,2022-09-16 13:00:00,462037,1.638460855323003,1
Price,2022-09-16 13:00:00,462037,1.638460855323003,1
CF_Wind,2022-09-16 14:00:00,462038,1.8804947512204648,1
CF_Wind,2022-09-16 15:00:00,462039,1.8016552293557857,1
CF_Wind,2022-09-16 16:00:00,462040,1.4299938010207454,1
Price,2022-09-16 16:00:00,462040,1.4299938010207454,1
CF_Wind,2022-09-16 17:00:00,462041,1.42149168938795,1
Price,2022-09-16 17:00:00,462041,1.42149168938795,1
Price,2022-09-17 02:00:00,462050,1.049443101160939,1
CF_Wind,2022-09-17 06:00:00,462054,0.9643326001663676,1
Price,2022-09-17 06:00:00,462054,0.9643326001663676,1
CF_Wind,2022-09-17 07:00:00,462055,0.7426560347040865,1
Price,2022-09-17 07:00:00,462055,0.7426560347040865,1
Price,2022-09-17 08:00:00,462056,0.5591379561174066,1
Price,2022-09-17 10:00:00,462058,0.4596347929062172,1
n_targets,2022-09-17 10:00:00,462058,0.4596347929062172,1
Price,2022-09-17 11:00:00,462059,0.3568459013729992,1
n_targets,2022-09-17 11:00:00,462059,0.3568459013729992,1
Price,2022-09-17 12:00:00,462060,0.1953159271170801,1
n_targets,2022-09-17 12:00:00,462060,0.1953159271170801,1
Price,2022-09-17 13:00:00,462061,0.247537841586698,1
n_targets,2022-09-17 13:00:00,462061,0.247537841586698,1
Price,2022-09-17 14:00:00,462062,0.2440156170080898,1
n_targets,2022-09-17 14:00:00,462062,0.2440156170080898,1
Price,2022-09-17 15:00:00,462063,0.3443666271292904,1
n_targets,2022-09-17 15:00:00,462063,0.3443666271292904,1
Price,2022-09-17 16:00:00,462064,0.362109743143409,1
n_targets,2022-09-17 16:00:00,462064,0.362109743143409,1
Price,2022-09-17 18:00:00,462066,0.795697374459911,1
CF_Solar,2022-09-18 06:00:00,462078,0.7284581052705124,1
Load_MW,2022-09-18 06:00:00,462078,0.7284581052705124,1
Load_MW,2022-09-18 07:00:00,462079,0.5031350848802703,1
CF_Wind,2022-09-18 10:00:00,462082,0.2487690308882388,1
CF_Wind,2022-09-18 11:00:00,462083,0.0157660124557876,1
Price,2022-09-18 17:00:00,462089,0.4932860043479705,1
Price,2022-09-19 03:00:00,462099,1.1330208331388536,1
Price,2022-09-19 04:00:00,462100,2.10951731144341,1
Price,2022-09-19 06:00:00,462102,1.6051983773581449,1
Price,2022-09-19 08:00:00,462104,1.2695665147751585,1
Price,2022-09-19 09:00:00,462105,1.3225003967927669,1
CF_Wind,2022-09-19 10:00:00,462106,1.1073469267402487,1
Price,2022-09-19 10:00:00,462106,1.1073469267402487,1
CF_Wind,2022-09-19 11:00:00,462107,1.1748723246404706,1
Price,2022-09-19 11:00:00,462107,1.1748723246404706,1
Price,2022-09-19 13:00:00,462109,1.108539943599411,1
Price,2022-09-19 14:00:00,462110,1.153011800880286,1
n_targets,2022-09-19 14:00:00,462110,1.153011800880286,1
Price,2022-09-19 15:00:00,462111,0.9768327106839712,1
n_targets,2022-09-19 15:00:00,462111,0.9768327106839712,1
Price,2022-09-19 16:00:00,462112,1.0392913697758288,1
Load_MW,2022-09-20 02:00:00,462122,1.3800716378162117,1
Load_MW,2022-09-20 04:00:00,462124,1.9054628528731423,1
Price,2022-09-20 05:00:00,462125,1.531260741282772,1
Price,2022-09-20 06:00:00,462126,1.2940800671667336,1
Price,2022-09-20 07:00:00,462127,1.144845782866513,1
n_targets,2022-09-20 07:00:00,462127,1.144845782866513,1
Price,2022-09-20 08:00:00,462128,1.2188868214107842,1
n_targets,2022-09-20 08:00:00,462128,1.2188868214107842,1
Price,2022-09-20 09:00:00,462129,1.0298337537312665,1
n_targets,2022-09-20 09:00:00,462129,1.0298337537312665,1
Price,2022-09-20 10:00:00,462130,0.8323291434638527,1
n_targets,2022-09-20 10:00:00,462130,0.8323291434638527,1
Price,2022-09-20 11:00:00,462131,0.7350712394995031,1
n_targets,2022-09-20 11:00:00,462131,0.7350712394995031,1
Price,2022-09-20 12:00:00,462132,0.9130737372042346,1
n_targets,2022-09-20 12:00:00,462132,0.9130737372042346,1
Price,2022-09-20 13:00:00,462133,1.0380844690253652,1
n_targets,2022-09-20 13:00:00,462133,1.0380844690253652,1
Price,2022-09-20 14:00:00,462134,1.1600985097270806,1
n_targets,2022-09-20 14:00:00,462134,1.1600985097270806,1
Price,2022-09-20 15:00:00,462135,1.2324613463717116,1
Price,2022-09-20 16:00:00,462136,1.2021976200743574,1
CF_Solar,2022-09-20 17:00:00,462137,1.575797725293185,1
Price,2022-09-20 17:00:00,462137,1.575797725293185,1
Load_MW,2022-09-21 05:00:00,462149,2.0093631590101926,1
Price,2022-09-21 06:00:00,462150,1.3681920066124045,1
Price,2022-09-21 07:00:00,462151,1.0306175665955766,1
Price,2022-09-21 08:00:00,462152,1.0691659189013103,1
n_targets,2022-09-21 08:00:00,462152,1.0691659189013103,1
Price,2022-09-21 09:00:00,462153,0.9539587065187144,1
n_targets,2022-09-21 09:00:00,462153,0.9539587065187144,1
Price,2022-09-21 10:00:00,462154,0.7525944080366838,1
n_targets,2022-09-21 10:00:00,462154,0.7525944080366838,1
Price,2022-09-21 11:00:00,462155,0.7758096209779461,1
Price,2022-09-21 12:00:00,462156,0.8490501025817252,1
Price,2022-09-21 13:00:00,462157,0.9840260100582974,1
Price,2022-09-21 14:00:00,462158,1.0520652924094551,1
Price,2022-09-21 15:00:00,462159,1.3225952525928966,1
Price,2022-09-21 16:00:00,462160,1.6010532074316126,1
CF_Wind,2022-09-21 17:00:00,462161,2.076810416326744,1
Price,2022-09-21 17:00:00,462161,2.076810416326744,1
CF_Solar,2022-09-22 06:00:00,462174,2.304611944424797,1
CF_Wind,2022-09-22 06:00:00,462174,2.304611944424797,1
Price,2022-09-22 06:00:00,462174,2.304611944424797,1
CF_Wind,2022-09-22 07:00:00,462175,1.723338551603956,1
Price,2022-09-22 07:00:00,462175,1.723338551603956,1
CF_Wind,2022-09-22 08:00:00,462176,1.3924480149290237,1
Price,2022-09-22 08:00:00,462176,1.3924480149290237,1
CF_Wind,2022-09-22 09:00:00,462177,1.3086042664276358,1
Price,2022-09-22 09:00:00,462177,1.3086042664276358,1
CF_Wind,2022-09-22 10:00:00,462178,1.1319441785345108,1
Price,2022-09-22 10:00:00,462178,1.1319441785345108,1
CF_Wind,2022-09-22 11:00:00,462179,1.327038053401403,1
Price,2022-09-22 11:00:00,462179,1.327038053401403,1
CF_Wind,2022-09-22 12:00:00,462180,1.2141138957719777,1
Price,2022-09-22 12:00:00,462180,1.2141138957719777,1
CF_Wind,2022-09-22 13:00:00,462181,1.403430237098663,1
Price,2022-09-22 13:00:00,462181,1.403430237098663,1
CF_Wind,2022-09-22 14:00:00,462182,1.8116157862923592,1
Price,2022-09-22 14:00:00,462182,1.8116157862923592,1
CF_Wind,2022-09-22 15:00:00,462183,2.057461557520268,1
Price,2022-09-22 15:00:00,462183,2.057461557520268,1
CF_Wind,2022-09-22 16:00:00,462184,2.027551959614308,1
Price,2022-09-22 16:00:00,462184,2.027551959614308,1
CF_Wind,2022-09-22 17:00:00,462185,2.3829034687145727,1
Price,2022-09-22 17:00:00,462185,2.3829034687145727,1
CF_Wind,2022-09-23 02:00:00,462194,2.39669684430692,1
Price,2022-09-23 02:00:00,462194,2.39669684430692,1
CF_Wind,2022-09-23 05:00:00,462197,3.1071043390228867,1
Price,2022-09-23 05:00:00,462197,3.1071043390228867,1
CF_Wind,2022-09-23 06:00:00,462198,2.4705776188284982,1
Price,2022-09-23 06:00:00,462198,2.4705776188284982,1
CF_Wind,2022-09-23 07:00:00,462199,2.091463476259293,1
Price,2022-09-23 07:00:00,462199,2.091463476259293,1
CF_Wind,2022-09-23 08:00:00,462200,1.7100565043958629,1
Price,2022-09-23 08:00:00,462200,1.7100565043958629,1
CF_Wind,2022-09-23 09:00:00,462201,1.4431588983262824,1
Price,2022-09-23 09:00:00,462201,1.4431588983262824,1
CF_Wind,2022-09-23 10:00:00,462202,1.7403896724504972,1
Price,2022-09-23 10:00:00,462202,1.7403896724504972,1
CF_Wind,2022-09-23 11:00:00,462203,1.9531446817270235,1
Price,2022-09-23 11:00:00,462203,1.9531446817270235,1
CF_Wind,2022-09-23 12:00:00,462204,1.9018118818440464,1
Price,2022-09-23 12:00:00,462204,1.9018118818440464,1
CF_Wind,2022-09-23 13:00:00,462205,1.810161394140131,1
Price,2022-09-23 13:00:00,462205,1.810161394140131,1
CF_Wind,2022-09-23 14:00:00,462206,2.003609692752855,1
Price,2022-09-23 14:00:00,462206,2.003609692752855,1
CF_Wind,2022-09-23 15:00:00,462207,2.1319114298358044,1
Price,2022-09-23 15:00:00,462207,2.1319114298358044,1
CF_Wind,2022-09-23 16:00:00,462208,2.060001673376843,1
Price,2022-09-23 16:00:00,462208,2.060001673376843,1
CF_Wind,2022-09-23 17:00:00,462209,2.478523842936182,1
Price,2022-09-23 17:00:00,462209,2.478523842936182,1
CF_Wind,2022-09-24 06:00:00,462222,2.0312565402869347,1
Price,2022-09-24 06:00:00,462222,2.0312565402869347,1
CF_Wind,2022-09-24 07:00:00,462223,1.8223835970087847,1
Price,2022-09-24 07:00:00,462223,1.8223835970087847,1
CF_Wind,2022-09-24 08:00:00,462224,1.7584599769666482,1
Price,2022-09-24 08:00:00,462224,1.7584599769666482,1
CF_Wind,2022-09-24 09:00:00,462225,1.5927175115312815,1
Price,2022-09-24 09:00:00,462225,1.5927175115312815,1
CF_Wind,2022-09-24 10:00:00,462226,1.6024563581358446,1
Price,2022-09-24 10:00:00,462226,1.6024563581358446,1
CF_Wind,2022-09-24 11:00:00,462227,1.692710258432537,1
Price,2022-09-24 11:00:00,462227,1.692710258432537,1
CF_Wind,2022-09-24 12:00:00,462228,1.4354088243746084,1
Price,2022-09-24 12:00:00,462228,1.4354088243746084,1
CF_Wind,2022-09-24 13:00:00,462229,1.4588562619361876,1
Price,2022-09-24 13:00:00,462229,1.4588562619361876,1
CF_Wind,2022-09-24 14:00:00,462230,1.4972770266983313,1
Price,2022-09-24 14:00:00,462230,1.4972770266983313,1
CF_Wind,2022-09-24 15:00:00,462231,1.6137238725861618,1
Price,2022-09-24 15:00:00,462231,1.6137238725861618,1
CF_Wind,2022-09-24 16:00:00,462232,1.335084920404296,1
Price,2022-09-24 16:00:00,462232,1.335084920404296,1
CF_Wind,2022-09-24 17:00:00,462233,1.6113200024646783,1
Price,2022-09-24 17:00:00,462233,1.6113200024646783,1
CF_Wind,2022-09-25 05:00:00,462245,1.5898708984265255,1
Price,2022-09-25 05:00:00,462245,1.5898708984265255,1
CF_Wind,2022-09-25 06:00:00,462246,1.488120534120847,1
Price,2022-09-25 06:00:00,462246,1.488120534120847,1
CF_Wind,2022-09-25 07:00:00,462247,1.4521357880558852,1
Price,2022-09-25 07:00:00,462247,1.4521357880558852,1
CF_Wind,2022-09-25 08:00:00,462248,1.382391105619253,1
Price,2022-09-25 08:00:00,462248,1.382391105619253,1
CF_Wind,2022-09-25 09:00:00,462249,1.242060238118711,1
Price,2022-09-25 09:00:00,462249,1.242060238118711,1
CF_Wind,2022-09-25 10:00:00,462250,1.0960806313387788,1
Price,2022-09-25 10:00:00,462250,1.0960806313387788,1
CF_Wind,2022-09-25 11:00:00,462251,1.1854744777927173,1
Price,2022-09-25 11:00:00,462251,1.1854744777927173,1
CF_Wind,2022-09-25 12:00:00,462252,1.0497570605700903,1
Price,2022-09-25 12:00:00,462252,1.0497570605700903,1
CF_Wind,2022-09-25 13:00:00,462253,0.98381034220004,1
Price,2022-09-25 13:00:00,462253,0.98381034220004,1
CF_Wind,2022-09-25 14:00:00,462254,0.9965309447589036,1
Price,2022-09-25 14:00:00,462254,0.9965309447589036,1
CF_Wind,2022-09-25 15:00:00,462255,1.4015124716602805,1
Price,2022-09-25 15:00:00,462255,1.4015124716602805,1
CF_Wind,2022-09-25 16:00:00,462256,0.9425210761551368,1
Price,2022-09-25 16:00:00,462256,0.9425210761551368,1
CF_Wind,2022-09-25 17:00:00,462257,1.1909253535514952,1
Price,2022-09-25 17:00:00,462257,1.1909253535514952,1
Price,2022-09-26 04:00:00,462268,1.7501217820156445,1
Price,2022-09-26 06:00:00,462270,1.5300862326085587,1
CF_Wind,2022-09-26 07:00:00,462271,1.3834507790006163,1
Price,2022-09-26 07:00:00,462271,1.3834507790006163,1
CF_Wind,2022-09-26 08:00:00,462272,1.121337769087998,1
Price,2022-09-26 08:00:00,462272,1.121337769087998,1
CF_Wind,2022-09-26 09:00:00,462273,1.022257084239526,1
Price,2022-09-26 09:00:00,462273,1.022257084239526,1
CF_Wind,2022-09-26 10:00:00,462274,0.7947927933879406,1
Price,2022-09-26 10:00:00,462274,0.7947927933879406,1
CF_Wind,2022-09-26 11:00:00,462275,0.8997572900163084,1
Price,2022-09-26 11:00:00,462275,0.8997572900163084,1
CF_Wind,2022-09-26 12:00:00,462276,0.9483341080626668,1
Price,2022-09-26 12:00:00,462276,0.9483341080626668,1
CF_Wind,2022-09-26 13:00:00,462277,0.9516586339135056,1
Price,2022-09-26 13:00:00,462277,0.9516586339135056,1
CF_Wind,2022-09-26 14:00:00,462278,1.0999102681953066,1
Price,2022-09-26 14:00:00,462278,1.0999102681953066,1
CF_Wind,2022-09-26 15:00:00,462279,1.606474606867276,1
Price,2022-09-26 15:00:00,462279,1.606474606867276,1
CF_Wind,2022-09-26 16:00:00,462280,1.2789326344258374,1
Price,2022-09-26 16:00:00,462280,1.2789326344258374,1
CF_Wind,2022-09-26 17:00:00,462281,1.6143803457499413,1
Price,2022-09-26 17:00:00,462281,1.6143803457499413,1
CF_Wind,2022-09-27 02:00:00,462290,0.6254593799982093,1
Price,2022-09-27 02:00:00,462290,0.6254593799982093,1
CF_Wind,2022-09-27 03:00:00,462291,1.3197391834307577,1
CF_Wind,2022-09-27 05:00:00,462293,2.0016467981092223,1
Price,2022-09-27 05:00:00,462293,2.0016467981092223,1
CF_Wind,2022-09-27 06:00:00,462294,1.8099533752785268,1
Price,2022-09-27 06:00:00,462294,1.8099533752785268,1
CF_Wind,2022-09-27 07:00:00,462295,1.633744732697262,1
Price,2022-09-27 07:00:00,462295,1.633744732697262,1
CF_Solar,2022-09-27 08:00:00,462296,1.3263601848480244,1
CF_Wind,2022-09-27 08:00:00,462296,1.3263601848480244,1
Price,2022-09-27 08:00:00,462296,1.3263601848480244,1
CF_Solar,2022-09-27 09:00:00,462297,1.2659111951563915,1
CF_Wind,2022-09-27 09:00:00,462297,1.2659111951563915,1
Price,2022-09-27 09:00:00,462297,1.2659111951563915,1
CF_Solar,2022-09-27 10:00:00,462298,1.0383592413042622,1
CF_Wind,2022-09-27 10:00:00,462298,1.0383592413042622,1
Price,2022-09-27 10:00:00,462298,1.0383592413042622,1
CF_Wind,2022-09-27 11:00:00,462299,1.0711624671766686,1
Price,2022-09-27 11:00:00,462299,1.0711624671766686,1
CF_Wind,2022-09-27 12:00:00,462300,0.761553660844098,1
Price,2022-09-27 12:00:00,462300,0.761553660844098,1
CF_Wind,2022-09-27 13:00:00,462301,0.6479309748046416,1
Price,2022-09-27 13:00:00,462301,0.6479309748046416,1
Price,2022-09-27 15:00:00,462303,0.9519934007401548,1
Price,2022-09-27 16:00:00,462304,0.8179046878064542,1
Price,2022-09-28 02:00:00,462314,2.00657144890696,1
CF_Solar,2022-09-28 06:00:00,462318,2.2685829108526194,1
CF_Wind,2022-09-28 06:00:00,462318,2.2685829108526194,1
Price,2022-09-28 06:00:00,462318,2.2685829108526194,1
CF_Solar,2022-09-28 07:00:00,462319,1.7305206440127847,1
CF_Wind,2022-09-28 07:00:00,462319,1.7305206440127847,1
Price,2022-09-28 07:00:00,462319,1.7305206440127847,1
Price,2022-09-28 08:00:00,462320,1.3734730788384517,1
Price,2022-09-28 11:00:00,462323,1.2067934618951406,1
Price,2022-09-28 12:00:00,462324,1.055865464657214,1
CF_Solar,2022-09-28 16:00:00,462328,1.7931240642342317,1
Price,2022-09-28 16:00:00,462328,1.7931240642342317,1
CF_Solar,2022-09-28 17:00:00,462329,2.106426525635817,1
CF_Wind,2022-09-28 17:00:00,462329,2.106426525635817,1
Price,2022-09-28 17:00:00,462329,2.106426525635817,1
CF_Solar,2022-09-29 06:00:00,462342,2.4477454530498126,1
CF_Wind,2022-09-29 06:00:00,462342,2.4477454530498126,1
Price,2022-09-29 06:00:00,462342,2.4477454530498126,1
CF_Solar,2022-09-29 07:00:00,462343,2.167483122568417,1
CF_Wind,2022-09-29 07:00:00,462343,2.167483122568417,1
Price,2022-09-29 07:00:00,462343,2.167483122568417,1
CF_Solar,2022-09-29 08:00:00,462344,2.080415248252603,1
CF_Wind,2022-09-29 08:00:00,462344,2.080415248252603,1
Price,2022-09-29 08:00:00,462344,2.080415248252603,1
CF_Solar,2022-09-29 09:00:00,462345,2.045056351438764,1
CF_Wind,2022-09-29 09:00:00,462345,2.045056351438764,1
Price,2022-09-29 09:00:00,462345,2.045056351438764,1
CF_Solar,2022-09-29 10:00:00,462346,1.7616707615688545,1
CF_Wind,2022-09-29 10:00:00,462346,1.7616707615688545,1
Price,2022-09-29 10:00:00,462346,1.7616707615688545,1
CF_Wind,2022-09-29 11:00:00,462347,1.8726441982393176,1
Price,2022-09-29 11:00:00,462347,1.8726441982393176,1
CF_Wind,2022-09-29 12:00:00,462348,1.794745999585295,1
Price,2022-09-29 12:00:00,462348,1.794745999585295,1
CF_Wind,2022-09-29 13:00:00,462349,1.7034305165991104,1
Price,2022-09-29 13:00:00,462349,1.7034305165991104,1
CF_Wind,2022-09-29 14:00:00,462350,1.9363799950705327,1
Price,2022-09-29 14:00:00,462350,1.9363799950705327,1
CF_Wind,2022-09-29 15:00:00,462351,2.256687518424744,1
Price,2022-09-29 15:00:00,462351,2.256687518424744,1
CF_Wind,2022-09-29 16:00:00,462352,2.127367611935634,1
Price,2022-09-29 16:00:00,462352,2.127367611935634,1
CF_Solar,2022-09-29 17:00:00,462353,2.2993099286136904,1
CF_Wind,2022-09-29 17:00:00,462353,2.2993099286136904,1
Price,2022-09-29 17:00:00,462353,2.2993099286136904,1
CF_Wind,2022-09-30 01:00:00,462361,2.659277938697432,1
Price,2022-09-30 01:00:00,462361,2.659277938697432,1
CF_Wind,2022-09-30 02:00:00,462362,2.5440798801639803,1
CF_Wind,2022-09-30 03:00:00,462363,2.7065781917434144,1
CF_Solar,2022-09-30 06:00:00,462366,2.5370069844979666,1
CF_Wind,2022-09-30 06:00:00,462366,2.5370069844979666,1
Price,2022-09-30 06:00:00,462366,2.5370069844979666,1
CF_Solar,2022-09-30 07:00:00,462367,1.9376408935079088,1
CF_Wind,2022-09-30 07:00:00,462367,1.9376408935079088,1
Price,2022-09-30 07:00:00,462367,1.9376408935079088,1
CF_Solar,2022-09-30 08:00:00,462368,1.7838390658513117,1
CF_Wind,2022-09-30 08:00:00,462368,1.7838390658513117,1
Price,2022-09-30 08:00:00,462368,1.7838390658513117,1
CF_Solar,2022-09-30 09:00:00,462369,1.343826920514403,1
CF_Wind,2022-09-30 09:00:00,462369,1.343826920514403,1
Price,2022-09-30 09:00:00,462369,1.343826920514403,1
CF_Wind,2022-09-30 10:00:00,462370,1.3558664714630548,1
Price,2022-09-30 10:00:00,462370,1.3558664714630548,1
CF_Wind,2022-09-30 11:00:00,462371,1.3027361769206125,1
Price,2022-09-30 11:00:00,462371,1.3027361769206125,1
CF_Wind,2022-09-30 12:00:00,462372,1.2822680852867547,1
Price,2022-09-30 12:00:00,462372,1.2822680852867547,1
CF_Wind,2022-09-30 13:00:00,462373,1.3232288519112214,1
Price,2022-09-30 13:00:00,462373,1.3232288519112214,1
CF_Wind,2022-09-30 14:00:00,462374,1.570291709893987,1
Price,2022-09-30 14:00:00,462374,1.570291709893987,1
CF_Wind,2022-09-30 15:00:00,462375,1.7139377511986746,1
Price,2022-09-30 15:00:00,462375,1.7139377511986746,1
CF_Wind,2022-09-30 16:00:00,462376,1.6504014046950353,1
Price,2022-09-30 16:00:00,462376,1.6504014046950353,1
CF_Wind,2022-09-30 17:00:00,462377,1.8785906989905248,1
Price,2022-09-30 17:00:00,462377,1.8785906989905248,1
CF_Wind,2022-09-30 18:00:00,462378,1.766167242115288,1
Price,2022-09-30 18:00:00,462378,1.766167242115288,1
CF_Wind,2022-09-30 19:00:00,462379,1.2061391764942608,1
Price,2022-09-30 19:00:00,462379,1.2061391764942608,1
CF_Wind,2022-09-30 21:00:00,462381,0.5472807201461352,1
Price,2022-09-30 21:00:00,462381,0.5472807201461352,1
CF_Wind,2022-09-30 22:00:00,462382,0.7962622104663832,1
Price,2022-09-30 22:00:00,462382,0.7962622104663832,1
CF_Wind,2022-09-30 23:00:00,462383,0.8924666809153228,1
Price,2022-09-30 23:00:00,462383,0.8924666809153228,1
CF_Wind,2022-10-01 00:00:00,462384,1.1217846848616144,1
Price,2022-10-01 00:00:00,462384,1.1217846848616144,1
CF_Wind,2022-10-01 01:00:00,462385,1.0043689967242888,1
CF_Wind,2022-10-01 02:00:00,462386,1.142335250889878,1
CF_Wind,2022-10-01 04:00:00,462388,1.3101009460467312,1
CF_Wind,2022-10-01 05:00:00,462389,1.0248923096743927,1
CF_Wind,2022-10-01 06:00:00,462390,1.3207529834985887,1
Load_MW,2022-10-01 06:00:00,462390,1.3207529834985887,1
CF_Wind,2022-10-01 07:00:00,462391,0.6525987941701494,1
CF_Wind,2022-10-01 08:00:00,462392,0.6402147027382572,1
CF_Wind,2022-10-01 09:00:00,462393,0.4358484260729607,1
n_targets,2022-10-01 09:00:00,462393,0.4358484260729607,1
CF_Wind,2022-10-01 10:00:00,462394,0.5848681179036936,1
n_targets,2022-10-01 10:00:00,462394,0.5848681179036936,1
CF_Wind,2022-10-01 11:00:00,462395,0.6529030529335986,1
n_targets,2022-10-01 11:00:00,462395,0.6529030529335986,1
CF_Wind,2022-10-01 12:00:00,462396,0.1665190719463238,1
n_targets,2022-10-01 12:00:00,462396,0.1665190719463238,1
n_targets,2022-10-01 13:00:00,462397,0.0035792687517355,1
n_targets,2022-10-01 14:00:00,462398,0.0135991853613177,1
Price,2022-10-01 15:00:00,462399,0.2312805760453824,1
n_targets,2022-10-01 15:00:00,462399,0.2312805760453824,1
Price,2022-10-01 16:00:00,462400,0.062088271495861,1
n_targets,2022-10-01 16:00:00,462400,0.062088271495861,1
Load_MW,2022-10-02 05:00:00,462413,0.7218484099120173,1
Price,2022-10-02 20:00:00,462428,0.3617252610733903,1
CF_Wind,2022-10-03 01:00:00,462433,0.8661684298094656,1
Load_MW,2022-10-03 01:00:00,462433,0.8661684298094656,1
CF_Wind,2022-10-03 02:00:00,462434,0.3129870340387479,1
Load_MW,2022-10-03 02:00:00,462434,0.3129870340387479,1
CF_Wind,2022-10-03 03:00:00,462435,0.0209376497863691,1
CF_Wind,2022-10-03 04:00:00,462436,0.5908096690567137,1
CF_Wind,2022-10-03 05:00:00,462437,1.81363779675658,1
CF_Wind,2022-10-03 06:00:00,462438,1.1365290015916565,1
Price,2022-10-03 06:00:00,462438,1.1365290015916565,1
CF_Wind,2022-10-03 07:00:00,462439,0.1299963879306362,1
CF_Wind,2022-10-03 08:00:00,462440,1.2244711944004327,1
CF_Wind,2022-10-03 09:00:00,462441,1.2817972665544712,1
CF_Wind,2022-10-03 10:00:00,462442,0.6552231542462894,1
CF_Wind,2022-10-03 11:00:00,462443,0.4598582139141614,1
CF_Wind,2022-10-03 12:00:00,462444,0.3520681470821645,1
CF_Wind,2022-10-03 13:00:00,462445,0.4217350721466344,1
CF_Wind,2022-10-03 14:00:00,462446,0.3491894876569612,1
CF_Wind,2022-10-03 15:00:00,462447,0.8865822553330618,1
CF_Wind,2022-10-03 16:00:00,462448,0.6717262702200819,1
CF_Solar,2022-10-03 17:00:00,462449,0.822784622688536,1
CF_Wind,2022-10-03 17:00:00,462449,0.822784622688536,1
Price,2022-10-03 17:00:00,462449,0.822784622688536,1
CF_Wind,2022-10-03 18:00:00,462450,1.5083193106933277,1
CF_Wind,2022-10-04 00:00:00,462456,0.4328781438988203,1
Price,2022-10-04 00:00:00,462456,0.4328781438988203,1
Price,2022-10-04 02:00:00,462458,0.6054618847159541,1
Price,2022-10-04 04:00:00,462460,1.175895461572764,1
Price,2022-10-04 05:00:00,462461,1.2630460186006491,1
Price,2022-10-04 06:00:00,462462,1.0679720693542345,1
n_targets,2022-10-04 06:00:00,462462,1.0679720693542345,1
Price,2022-10-04 07:00:00,462463,0.5512007881867771,1
n_targets,2022-10-04 07:00:00,462463,0.5512007881867771,1
Price,2022-10-04 08:00:00,462464,0.3036075096681248,1
n_targets,2022-10-04 08:00:00,462464,0.3036075096681248,1
Price,2022-10-04 14:00:00,462470,0.1809010680486622,1
n_targets,2022-10-04 14:00:00,462470,0.1809010680486622,1
Price,2022-10-04 15:00:00,462471,0.6536336577670889,1
Price,2022-10-04 16:00:00,462472,0.7871619891988806,1
CF_Wind,2022-10-04 17:00:00,462473,1.0035096718826129,1
Price,2022-10-04 17:00:00,462473,1.0035096718826129,1
CF_Wind,2022-10-04 18:00:00,462474,1.138731974826072,1
Price,2022-10-04 18:00:00,462474,1.138731974826072,1
CF_Wind,2022-10-04 19:00:00,462475,0.8930735150821008,1
Price,2022-10-04 19:00:00,462475,0.8930735150821008,1
Load_MW,2022-10-05 04:00:00,462484,0.838225010188937,1
Load_MW,2022-10-05 05:00:00,462485,0.4751128025292799,1
Load_MW,2022-10-05 06:00:00,462486,0.1402017311083205,1
CF_Wind,2022-10-06 03:00:00,462507,0.5173485478958313,1
Load_MW,2022-10-06 03:00:00,462507,0.5173485478958313,1
CF_Wind,2022-10-06 04:00:00,462508,0.3271722073144367,1
CF_Wind,2022-10-06 05:00:00,462509,0.1754450189587886,1
CF_Wind,2022-10-06 06:00:00,462510,0.2889474867338248,1
CF_Wind,2022-10-06 17:00:00,462521,0.325518069906527,1
Price,2022-10-06 22:00:00,462526,0.1973649680618865,1
CF_Wind,2022-10-07 00:00:00,462528,0.2430202886401764,1
CF_Wind,2022-10-07 01:00:00,462529,0.1393841340608386,1
CF_Wind,2022-10-07 02:00:00,462530,0.2408441807515453,1
CF_Wind,2022-10-07 03:00:00,462531,0.4593093816872133,1
CF_Wind,2022-10-07 04:00:00,462532,0.5656572012136842,1
CF_Wind,2022-10-07 06:00:00,462534,0.3635496815636876,1
CF_Wind,2022-10-07 07:00:00,462535,0.2525357135423536,1
n_targets,2022-10-07 08:00:00,462536,0.094253989811804,1
CF_Wind,2022-10-08 09:00:00,462561,0.1235991793485518,1
n_targets,2022-10-08 09:00:00,462561,0.1235991793485518,1
CF_Wind,2022-10-08 10:00:00,462562,0.095658712975811,1
n_targets,2022-10-08 10:00:00,462562,0.095658712975811,1
CF_Wind,2022-10-08 11:00:00,462563,0.2079690085857188,1
n_targets,2022-10-08 11:00:00,462563,0.2079690085857188,1
CF_Wind,2022-10-08 12:00:00,462564,0.3223715635392414,1
n_targets,2022-10-08 12:00:00,462564,0.3223715635392414,1
CF_Wind,2022-10-08 13:00:00,462565,0.3401322878428592,1
n_targets,2022-10-08 13:00:00,462565,0.3401322878428592,1
CF_Wind,2022-10-08 14:00:00,462566,0.2104450525388701,1
n_targets,2022-10-08 14:00:00,462566,0.2104450525388701,1
CF_Wind,2022-10-08 15:00:00,462567,0.1861168703887199,1
n_targets,2022-10-08 15:00:00,462567,0.1861168703887199,1
CF_Wind,2022-10-08 16:00:00,462568,0.0895985769509397,1
n_targets,2022-10-08 16:00:00,462568,0.0895985769509397,1
CF_Wind,2022-10-08 17:00:00,462569,0.3188073436705316,1
n_targets,2022-10-08 17:00:00,462569,0.3188073436705316,1
CF_Wind,2022-10-08 18:00:00,462570,0.4055844705762845,1
n_targets,2022-10-08 18:00:00,462570,0.4055844705762845,1
CF_Wind,2022-10-09 09:00:00,462585,0.0382538756899992,1
n_targets,2022-10-09 09:00:00,462585,0.0382538756899992,1
CF_Wind,2022-10-09 10:00:00,462586,0.035159990555222,1
n_targets,2022-10-09 10:00:00,462586,0.035159990555222,1
CF_Wind,2022-10-09 11:00:00,462587,0.0802042017129884,1
n_targets,2022-10-09 11:00:00,462587,0.0802042017129884,1
CF_Wind,2022-10-09 12:00:00,462588,0.2325875290322556,1
n_targets,2022-10-09 12:00:00,462588,0.2325875290322556,1
CF_Wind,2022-10-09 13:00:00,462589,0.2680661977788556,1
n_targets,2022-10-09 13:00:00,462589,0.2680661977788556,1
CF_Wind,2022-10-09 14:00:00,462590,0.2639325765663702,1
n_targets,2022-10-09 14:00:00,462590,0.2639325765663702,1
CF_Wind,2022-10-09 15:00:00,462591,0.084106592712587,1
n_targets,2022-10-09 15:00:00,462591,0.084106592712587,1
n_targets,2022-10-09 19:00:00,462595,0.4421228319615462,1
CF_Wind,2022-10-09 20:00:00,462596,0.4210060599146092,1
n_targets,2022-10-09 20:00:00,462596,0.4210060599146092,1
CF_Wind,2022-10-09 21:00:00,462597,0.300471508124047,1
n_targets,2022-10-09 21:00:00,462597,0.300471508124047,1
CF_Wind,2022-10-11 01:00:00,462625,0.3029435280570405,1
CF_Wind,2022-10-11 02:00:00,462626,0.140575628007199,1
Price,2022-10-11 02:00:00,462626,0.140575628007199,1
CF_Wind,2022-10-11 03:00:00,462627,0.5431596905433433,1
Price,2022-10-11 03:00:00,462627,0.5431596905433433,1
CF_Wind,2022-10-11 04:00:00,462628,0.6783003722733467,1
Price,2022-10-11 04:00:00,462628,0.6783003722733467,1
CF_Wind,2022-10-11 05:00:00,462629,0.4320023446453365,1
Price,2022-10-11 05:00:00,462629,0.4320023446453365,1
CF_Wind,2022-10-11 06:00:00,462630,0.4253514384249501,1
Price,2022-10-11 06:00:00,462630,0.4253514384249501,1
CF_Wind,2022-10-11 07:00:00,462631,0.4159944588273907,1
CF_Wind,2022-10-11 08:00:00,462632,0.221866524034487,1
Price,2022-10-11 08:00:00,462632,0.221866524034487,1
Price,2022-10-11 09:00:00,462633,0.0628207323991334,1
Price,2022-10-11 10:00:00,462634,0.1743999921446437,1
Price,2022-10-11 11:00:00,462635,0.2342166507279044,1
CF_Wind,2022-10-11 12:00:00,462636,0.2962225148965851,1
Price,2022-10-11 12:00:00,462636,0.2962225148965851,1
CF_Wind,2022-10-11 13:00:00,462637,0.3599287014338608,1
Price,2022-10-11 13:00:00,462637,0.3599287014338608,1
CF_Wind,2022-10-11 14:00:00,462638,0.4871482971942564,1
Price,2022-10-11 14:00:00,462638,0.4871482971942564,1
CF_Wind,2022-10-11 15:00:00,462639,0.5517364671920866,1
Price,2022-10-11 15:00:00,462639,0.5517364671920866,1
CF_Wind,2022-10-11 16:00:00,462640,0.4918681416421242,1
Price,2022-10-11 16:00:00,462640,0.4918681416421242,1
CF_Solar,2022-10-11 17:00:00,462641,0.7593516515344887,1
CF_Wind,2022-10-11 17:00:00,462641,0.7593516515344887,1
Price,2022-10-11 17:00:00,462641,0.7593516515344887,1
Price,2022-10-11 21:00:00,462645,0.2213039854188538,1
Price,2022-10-11 22:00:00,462646,0.9884218767930067,1
Price,2022-10-11 23:00:00,462647,0.5969362841276298,1
CF_Wind,2022-10-12 00:00:00,462648,0.6291468023951807,1
Price,2022-10-12 00:00:00,462648,0.6291468023951807,1
CF_Wind,2022-10-12 01:00:00,462649,0.8516142139586158,1
Price,2022-10-12 01:00:00,462649,0.8516142139586158,1
CF_Wind,2022-10-12 02:00:00,462650,1.2470996672066876,1
CF_Wind,2022-10-12 03:00:00,462651,1.454718564136199,1
CF_Wind,2022-10-12 04:00:00,462652,1.4083315782906856,1
Price,2022-10-12 04:00:00,462652,1.4083315782906856,1
CF_Wind,2022-10-12 05:00:00,462653,1.6452516968179556,1
Price,2022-10-12 05:00:00,462653,1.6452516968179556,1
CF_Wind,2022-10-12 06:00:00,462654,1.214050162126182,1
Price,2022-10-12 06:00:00,462654,1.214050162126182,1
CF_Wind,2022-10-12 07:00:00,462655,0.4046965191888403,1
Price,2022-10-12 07:00:00,462655,0.4046965191888403,1
CF_Wind,2022-10-12 08:00:00,462656,0.527074380686444,1
Price,2022-10-12 08:00:00,462656,0.527074380686444,1
Price,2022-10-12 10:00:00,462658,0.0461321609282203,1
Price,2022-10-12 11:00:00,462659,0.1247966999944991,1
CF_Wind,2022-10-12 12:00:00,462660,0.2497865939583052,1
Price,2022-10-12 12:00:00,462660,0.2497865939583052,1
CF_Wind,2022-10-12 13:00:00,462661,0.5886433321995765,1
Price,2022-10-12 13:00:00,462661,0.5886433321995765,1
CF_Wind,2022-10-12 14:00:00,462662,0.6846826426827217,1
Price,2022-10-12 14:00:00,462662,0.6846826426827217,1
CF_Wind,2022-10-12 15:00:00,462663,0.931442660939286,1
Price,2022-10-12 15:00:00,462663,0.931442660939286,1
CF_Wind,2022-10-12 16:00:00,462664,1.256706600639549,1
Price,2022-10-12 16:00:00,462664,1.256706600639549,1
CF_Wind,2022-10-12 17:00:00,462665,1.6090563609375157,1
Price,2022-10-12 17:00:00,462665,1.6090563609375157,1
CF_Wind,2022-10-12 18:00:00,462666,1.2514937603514007,1
Price,2022-10-12 18:00:00,462666,1.2514937603514007,1
CF_Wind,2022-10-12 22:00:00,462670,0.5340061705621142,1
Price,2022-10-12 22:00:00,462670,0.5340061705621142,1
CF_Wind,2022-10-12 23:00:00,462671,0.4151603691957886,1
Price,2022-10-12 23:00:00,462671,0.4151603691957886,1
CF_Wind,2022-10-13 00:00:00,462672,0.5091557715663402,1
Price,2022-10-13 00:00:00,462672,0.5091557715663402,1
CF_Wind,2022-10-13 01:00:00,462673,0.7734899921499774,1
Price,2022-10-13 01:00:00,462673,0.7734899921499774,1
CF_Wind,2022-10-13 02:00:00,462674,0.8512749278269542,1
Price,2022-10-13 02:00:00,462674,0.8512749278269542,1
CF_Wind,2022-10-13 03:00:00,462675,0.9348290045204162,1
Price,2022-10-13 03:00:00,462675,0.9348290045204162,1
CF_Wind,2022-10-13 04:00:00,462676,1.2269419084844984,1
Price,2022-10-13 04:00:00,462676,1.2269419084844984,1
CF_Wind,2022-10-13 05:00:00,462677,1.572027113825796,1
Price,2022-10-13 05:00:00,462677,1.572027113825796,1
CF_Wind,2022-10-13 06:00:00,462678,0.8673758329485635,1
Price,2022-10-13 06:00:00,462678,0.8673758329485635,1
CF_Wind,2022-10-13 07:00:00,462679,0.6725298514353228,1
Price,2022-10-13 07:00:00,462679,0.6725298514353228,1
CF_Wind,2022-10-13 08:00:00,462680,0.6582746312196963,1
Price,2022-10-13 08:00:00,462680,0.6582746312196963,1
CF_Wind,2022-10-13 09:00:00,462681,0.2047029775251831,1
Price,2022-10-13 09:00:00,462681,0.2047029775251831,1
CF_Wind,2022-10-13 10:00:00,462682,0.5111466451336433,1
CF_Wind,2022-10-13 11:00:00,462683,0.7127679712024118,1
CF_Wind,2022-10-13 12:00:00,462684,0.7698681664591049,1
CF_Wind,2022-10-13 13:00:00,462685,0.7453532649539534,1
Price,2022-10-13 13:00:00,462685,0.7453532649539534,1
CF_Wind,2022-10-13 14:00:00,462686,0.8700734620174075,1
Price,2022-10-13 14:00:00,462686,0.8700734620174075,1
CF_Wind,2022-10-13 15:00:00,462687,0.8531556123872144,1
Price,2022-10-13 15:00:00,462687,0.8531556123872144,1
CF_Wind,2022-10-13 16:00:00,462688,1.2903532831789013,1
Price,2022-10-13 16:00:00,462688,1.2903532831789013,1
CF_Wind,2022-10-13 17:00:00,462689,1.3529496549630184,1
Price,2022-10-13 17:00:00,462689,1.3529496549630184,1
CF_Wind,2022-10-13 18:00:00,462690,0.7821618584720595,1
Price,2022-10-13 18:00:00,462690,0.7821618584720595,1
CF_Wind,2022-10-13 20:00:00,462692,0.6553634134852366,1
CF_Wind,2022-10-13 22:00:00,462694,1.4492350176175286,1
Price,2022-10-13 22:00:00,462694,1.4492350176175286,1
CF_Wind,2022-10-14 00:00:00,462696,0.8741196921762968,1
Price,2022-10-14 00:00:00,462696,0.8741196921762968,1
CF_Wind,2022-10-14 02:00:00,462698,1.1101404535844577,1
Price,2022-10-14 02:00:00,462698,1.1101404535844577,1
CF_Wind,2022-10-14 03:00:00,462699,1.2503657770533865,1
Price,2022-10-14 03:00:00,462699,1.2503657770533865,1
CF_Wind,2022-10-14 04:00:00,462700,1.394344464547293,1
Price,2022-10-14 04:00:00,462700,1.394344464547293,1
CF_Wind,2022-10-14 05:00:00,462701,1.1578895964450344,1
Price,2022-10-14 05:00:00,462701,1.1578895964450344,1
CF_Wind,2022-10-14 06:00:00,462702,1.1380496905479542,1
Price,2022-10-14 06:00:00,462702,1.1380496905479542,1
CF_Wind,2022-10-14 07:00:00,462703,0.6399389073966644,1
CF_Wind,2022-10-14 08:00:00,462704,0.7441106868204999,1
Price,2022-10-14 08:00:00,462704,0.7441106868204999,1
CF_Wind,2022-10-14 09:00:00,462705,0.5286303064095592,1
Price,2022-10-14 09:00:00,462705,0.5286303064095592,1
CF_Wind,2022-10-14 10:00:00,462706,0.4323368126784062,1
Price,2022-10-14 10:00:00,462706,0.4323368126784062,1
CF_Wind,2022-10-14 11:00:00,462707,0.6093548638836015,1
Price,2022-10-14 11:00:00,462707,0.6093548638836015,1
CF_Wind,2022-10-14 12:00:00,462708,0.7182492853991769,1
Price,2022-10-14 12:00:00,462708,0.7182492853991769,1
CF_Wind,2022-10-14 13:00:00,462709,0.6779561231860689,1
Price,2022-10-14 13:00:00,462709,0.6779561231860689,1
CF_Wind,2022-10-14 14:00:00,462710,0.7236755769744785,1
Price,2022-10-14 14:00:00,462710,0.7236755769744785,1
CF_Wind,2022-10-14 15:00:00,462711,0.7057558379086752,1
Price,2022-10-14 15:00:00,462711,0.7057558379086752,1
CF_Wind,2022-10-14 16:00:00,462712,0.5998687540439185,1
Price,2022-10-14 16:00:00,462712,0.5998687540439185,1
CF_Wind,2022-10-14 17:00:00,462713,0.449170820252414,1
Price,2022-10-14 17:00:00,462713,0.449170820252414,1
CF_Wind,2022-10-14 18:00:00,462714,0.3153372611078728,1
Price,2022-10-14 18:00:00,462714,0.3153372611078728,1
Price,2022-10-14 22:00:00,462718,0.2313253234595411,1
n_targets,2022-10-14 22:00:00,462718,0.2313253234595411,1
CF_Solar,2022-10-15 06:00:00,462726,0.7120287022572869,1
CF_Solar,2022-10-15 07:00:00,462727,0.0647379629656965,1
Price,2022-10-17 06:00:00,462774,0.3127982673358012,1
Price,2022-10-17 07:00:00,462775,0.2911545463869673,1
n_targets,2022-10-17 07:00:00,462775,0.2911545463869673,1
Price,2022-10-17 08:00:00,462776,0.0497917658432773,1
n_targets,2022-10-17 08:00:00,462776,0.0497917658432773,1
Price,2022-10-18 06:00:00,462798,0.3675247432112636,1
n_targets,2022-10-18 06:00:00,462798,0.3675247432112636,1
Price,2022-10-18 07:00:00,462799,0.1979681839689389,1
CF_Wind,2022-10-18 13:00:00,462805,0.4112695221061064,1
n_targets,2022-10-18 13:00:00,462805,0.4112695221061064,1
CF_Wind,2022-10-18 14:00:00,462806,0.5146062630339263,1
n_targets,2022-10-18 14:00:00,462806,0.5146062630339263,1
CF_Wind,2022-10-18 15:00:00,462807,0.5488316964916289,1
n_targets,2022-10-18 15:00:00,462807,0.5488316964916289,1
CF_Wind,2022-10-18 16:00:00,462808,0.3629052805999302,1
CF_Wind,2022-10-18 17:00:00,462809,0.2900002029155841,1
CF_Wind,2022-10-18 18:00:00,462810,0.1139026268763081,1
Load_MW,2022-10-19 04:00:00,462820,0.3809204978828533,1
n_targets,2022-10-19 04:00:00,462820,0.3809204978828533,1
n_targets,2022-10-19 05:00:00,462821,0.1086267158199172,1
CF_Wind,2022-10-20 03:00:00,462843,0.246097494954733,1
n_targets,2022-10-20 03:00:00,462843,0.246097494954733,1
CF_Wind,2022-10-20 04:00:00,462844,0.009324587182742,1
n_targets,2022-10-20 04:00:00,462844,0.009324587182742,1
CF_Wind,2022-10-20 05:00:00,462845,0.0561064075423973,1
n_targets,2022-10-20 05:00:00,462845,0.0561064075423973,1
CF_Wind,2022-10-20 06:00:00,462846,0.1697214146571806,1
CF_Wind,2022-10-20 07:00:00,462847,0.0319888960122995,1
CF_Solar,2022-10-21 06:00:00,462870,0.5285043832762031,1
n_targets,2022-10-21 06:00:00,462870,0.5285043832762031,1
CF_Solar,2022-10-21 07:00:00,462871,0.2861667938959038,1
n_targets,2022-10-21 07:00:00,462871,0.2861667938959038,1
Load_MW,2022-10-21 12:00:00,462876,0.0298109813296818,1
n_targets,2022-10-21 12:00:00,462876,0.0298109813296818,1
CF_Wind,2022-10-23 02:00:00,462914,0.2101166035975326,1
CF_Wind,2022-10-23 03:00:00,462915,0.2803667667182739,1
n_targets,2022-10-23 03:00:00,462915,0.2803667667182739,1
CF_Wind,2022-10-23 04:00:00,462916,0.2852700722645878,1
n_targets,2022-10-23 04:00:00,462916,0.2852700722645878,1
CF_Wind,2022-10-23 05:00:00,462917,0.4459147308310389,1
n_targets,2022-10-23 05:00:00,462917,0.4459147308310389,1
CF_Wind,2022-10-23 06:00:00,462918,0.4361858017105595,1
n_targets,2022-10-23 06:00:00,462918,0.4361858017105595,1
CF_Wind,2022-10-23 07:00:00,462919,0.4814778570249218,1
n_targets,2022-10-23 07:00:00,462919,0.4814778570249218,1
CF_Wind,2022-10-23 08:00:00,462920,0.315702761139585,1
n_targets,2022-10-23 08:00:00,462920,0.315702761139585,1
CF_Wind,2022-10-23 21:00:00,462933,0.3737003123074376,1
n_targets,2022-10-23 21:00:00,462933,0.3737003123074376,1
CF_Wind,2022-10-23 22:00:00,462934,0.1803838174171244,1
n_targets,2022-10-23 22:00:00,462934,0.1803838174171244,1
CF_Wind,2022-10-23 23:00:00,462935,0.4307574597540418,1
n_targets,2022-10-23 23:00:00,462935,0.4307574597540418,1
CF_Wind,2022-10-24 00:00:00,462936,0.3379804192184776,1
n_targets,2022-10-24 00:00:00,462936,0.3379804192184776,1
CF_Wind,2022-10-24 01:00:00,462937,0.2105228703677564,1
n_targets,2022-10-24 01:00:00,462937,0.2105228703677564,1
CF_Wind,2022-10-24 02:00:00,462938,0.1669035662950977,1
n_targets,2022-10-24 02:00:00,462938,0.1669035662950977,1
CF_Wind,2022-10-24 03:00:00,462939,0.055021983386591,1
n_targets,2022-10-24 03:00:00,462939,0.055021983386591,1
CF_Wind,2022-10-24 08:00:00,462944,0.324178933988283,1
n_targets,2022-10-24 08:00:00,462944,0.324178933988283,1
CF_Wind,2022-10-24 09:00:00,462945,0.1749715021802438,1
n_targets,2022-10-24 09:00:00,462945,0.1749715021802438,1
CF_Wind,2022-10-24 10:00:00,462946,0.2150239699495428,1
n_targets,2022-10-24 10:00:00,462946,0.2150239699495428,1
CF_Wind,2022-10-24 11:00:00,462947,0.2958744645063631,1
n_targets,2022-10-24 11:00:00,462947,0.2958744645063631,1
CF_Wind,2022-10-24 12:00:00,462948,0.1704519267595599,1
n_targets,2022-10-24 12:00:00,462948,0.1704519267595599,1
CF_Wind,2022-10-24 13:00:00,462949,0.0208042399061765,1
n_targets,2022-10-24 13:00:00,462949,0.0208042399061765,1
CF_Wind,2022-10-24 14:00:00,462950,0.0508071995514614,1
CF_Wind,2022-10-24 15:00:00,462951,0.2531601707243112,1
CF_Wind,2022-10-24 16:00:00,462952,0.2296382984756093,1
CF_Wind,2022-10-24 17:00:00,462953,0.0708916293652814,1
n_targets,2022-10-24 17:00:00,462953,0.0708916293652814,1
n_targets,2022-10-25 00:00:00,462960,0.0477727257383526,1
CF_Wind,2022-10-30 21:00:00,463101,0.3312797912966247,1
n_targets,2022-10-30 21:00:00,463101,0.3312797912966247,1
CF_Wind,2022-10-30 22:00:00,463102,0.0963731504529497,1
n_targets,2022-10-30 22:00:00,463102,0.0963731504529497,1
CF_Wind,2022-10-30 23:00:00,463103,0.1430250102528145,1
n_targets,2022-10-30 23:00:00,463103,0.1430250102528145,1
CF_Wind,2022-10-31 16:00:00,463120,0.0679192100491461,1
n_targets,2022-10-31 16:00:00,463120,0.0679192100491461,1
CF_Wind,2022-11-04 21:00:00,463221,0.4251136945917451,1
CF_Wind,2022-11-04 22:00:00,463222,0.0192925441320919,1
n_targets,2022-11-06 01:00:00,463249,0.0562567135091707,1
n_targets,2022-11-06 02:00:00,463250,0.2520714019536467,1
Load_MW,2022-11-06 03:00:00,463251,0.3347791061383551,1
n_targets,2022-11-06 03:00:00,463251,0.3347791061383551,1
Load_MW,2022-11-06 04:00:00,463252,0.1649986191168,1
n_targets,2022-11-06 04:00:00,463252,0.1649986191168,1
Load_MW,2022-11-07 03:00:00,463275,0.728069068988046,1
CF_Wind,2022-11-07 04:00:00,463276,0.1450144643748459,1
CF_Wind,2022-11-08 01:00:00,463297,0.4593130574256543,1
n_targets,2022-11-08 01:00:00,463297,0.4593130574256543,1
CF_Wind,2022-11-08 02:00:00,463298,0.5595022294345897,1
n_targets,2022-11-08 02:00:00,463298,0.5595022294345897,1
CF_Wind,2022-11-08 03:00:00,463299,0.5892925571504017,1
n_targets,2022-11-08 03:00:00,463299,0.5892925571504017,1
CF_Wind,2022-11-08 04:00:00,463300,0.7048699386509587,1
n_targets,2022-11-08 04:00:00,463300,0.7048699386509587,1
CF_Wind,2022-11-08 05:00:00,463301,0.6126672819689079,1
n_targets,2022-11-08 05:00:00,463301,0.6126672819689079,1
CF_Wind,2022-11-08 06:00:00,463302,0.4344752957914761,1
n_targets,2022-11-08 06:00:00,463302,0.4344752957914761,1
CF_Wind,2022-11-08 07:00:00,463303,0.3165220337054188,1
n_targets,2022-11-08 07:00:00,463303,0.3165220337054188,1
CF_Wind,2022-11-08 08:00:00,463304,0.3209939661787713,1
n_targets,2022-11-08 08:00:00,463304,0.3209939661787713,1
CF_Wind,2022-11-08 09:00:00,463305,0.2502352414456923,1
n_targets,2022-11-08 09:00:00,463305,0.2502352414456923,1
CF_Wind,2022-11-08 10:00:00,463306,0.1312178047407093,1
n_targets,2022-11-08 10:00:00,463306,0.1312178047407093,1
CF_Wind,2022-11-08 11:00:00,463307,0.0831608174388416,1
n_targets,2022-11-08 11:00:00,463307,0.0831608174388416,1
CF_Wind,2022-11-09 12:00:00,463332,0.2049176564968071,1
n_targets,2022-11-09 12:00:00,463332,0.2049176564968071,1
CF_Wind,2022-11-09 13:00:00,463333,0.1230085235021822,1
n_targets,2022-11-09 13:00:00,463333,0.1230085235021822,1
CF_Wind,2022-11-09 14:00:00,463334,0.2371560509312766,1
n_targets,2022-11-09 14:00:00,463334,0.2371560509312766,1
CF_Wind,2022-11-09 15:00:00,463335,0.029143850313833,1
n_targets,2022-11-09 15:00:00,463335,0.029143850313833,1
CF_Wind,2022-11-09 23:00:00,463343,0.4001886955302647,1
CF_Wind,2022-11-10 00:00:00,463344,0.2308212270316296,1
CF_Wind,2022-11-10 01:00:00,463345,0.0718343987819363,1
n_targets,2022-11-10 04:00:00,463348,0.0830231446345781,1
Load_MW,2022-11-10 18:00:00,463362,0.0213848145731285,1
n_targets,2022-11-10 18:00:00,463362,0.0213848145731285,1
CF_Wind,2022-11-11 13:00:00,463381,0.1749389869657081,1
n_targets,2022-11-11 13:00:00,463381,0.1749389869657081,1
CF_Wind,2022-11-11 14:00:00,463382,0.1502463507771678,1
n_targets,2022-11-11 14:00:00,463382,0.1502463507771678,1
CF_Wind,2022-11-11 15:00:00,463383,0.2296782633748091,1
n_targets,2022-11-11 15:00:00,463383,0.2296782633748091,1
CF_Wind,2022-11-11 16:00:00,463384,0.1098040453671522,1
CF_Wind,2022-11-12 15:00:00,463407,0.1757218350104759,1
n_targets,2022-11-12 15:00:00,463407,0.1757218350104759,1
CF_Wind,2022-11-12 16:00:00,463408,0.1197556659091081,1
n_targets,2022-11-12 16:00:00,463408,0.1197556659091081,1
CF_Wind,2022-11-12 17:00:00,463409,0.0466333509598224,1
n_targets,2022-11-12 17:00:00,463409,0.0466333509598224,1
CF_Wind,2022-11-12 21:00:00,463413,0.3265850361525559,1
n_targets,2022-11-12 21:00:00,463413,0.3265850361525559,1
CF_Wind,2022-11-12 22:00:00,463414,0.2653750076923156,1
n_targets,2022-11-12 22:00:00,463414,0.2653750076923156,1
CF_Wind,2022-11-12 23:00:00,463415,0.2199954223596705,1
n_targets,2022-11-12 23:00:00,463415,0.2199954223596705,1
CF_Wind,2022-11-13 00:00:00,463416,0.2493973581531625,1
n_targets,2022-11-13 00:00:00,463416,0.2493973581531625,1
CF_Wind,2022-11-13 01:00:00,463417,0.0272423406263266,1
n_targets,2022-11-13 01:00:00,463417,0.0272423406263266,1
CF_Wind,2022-11-13 02:00:00,463418,0.0513700138253616,1
n_targets,2022-11-13 02:00:00,463418,0.0513700138253616,1
CF_Wind,2022-11-13 03:00:00,463419,0.2600679283539193,1
n_targets,2022-11-13 03:00:00,463419,0.2600679283539193,1
CF_Wind,2022-11-13 04:00:00,463420,0.4289768754132084,1
n_targets,2022-11-13 04:00:00,463420,0.4289768754132084,1
CF_Wind,2022-11-13 05:00:00,463421,0.2950313967507658,1
n_targets,2022-11-13 05:00:00,463421,0.2950313967507658,1
CF_Wind,2022-11-13 06:00:00,463422,0.4257553949481731,1
n_targets,2022-11-13 06:00:00,463422,0.4257553949481731,1
CF_Wind,2022-11-13 07:00:00,463423,0.5773409045341589,1
n_targets,2022-11-13 07:00:00,463423,0.5773409045341589,1
CF_Wind,2022-11-13 08:00:00,463424,0.2078933739339383,1
n_targets,2022-11-13 08:00:00,463424,0.2078933739339383,1
CF_Wind,2022-11-13 09:00:00,463425,0.3136022885071619,1
n_targets,2022-11-13 09:00:00,463425,0.3136022885071619,1
CF_Wind,2022-11-13 10:00:00,463426,0.2049202965511618,1
n_targets,2022-11-13 10:00:00,463426,0.2049202965511618,1
CF_Wind,2022-11-13 11:00:00,463427,0.1384642826005209,1
n_targets,2022-11-13 11:00:00,463427,0.1384642826005209,1
Price,2022-11-15 07:00:00,463471,0.5543775064046972,1
CF_Wind,2022-11-15 08:00:00,463472,0.5376301924675004,1
Price,2022-11-15 08:00:00,463472,0.5376301924675004,1
CF_Wind,2022-11-15 09:00:00,463473,0.0401876445770736,1
Price,2022-11-15 16:00:00,463480,0.333256545752534,1
CF_Wind,2022-11-15 22:00:00,463486,0.4363576798342623,1
CF_Wind,2022-11-15 23:00:00,463487,0.6498503087168845,1
Price,2022-11-15 23:00:00,463487,0.6498503087168845,1
CF_Wind,2022-11-16 00:00:00,463488,0.5166628637242456,1
Price,2022-11-16 00:00:00,463488,0.5166628637242456,1
CF_Wind,2022-11-16 01:00:00,463489,0.9812737552287324,1
Price,2022-11-16 01:00:00,463489,0.9812737552287324,1
CF_Wind,2022-11-16 02:00:00,463490,0.9710097673609528,1
Price,2022-11-16 02:00:00,463490,0.9710097673609528,1
CF_Wind,2022-11-16 03:00:00,463491,1.0242340484562074,1
Price,2022-11-16 03:00:00,463491,1.0242340484562074,1
CF_Wind,2022-11-16 04:00:00,463492,1.0384817808799234,1
Price,2022-11-16 04:00:00,463492,1.0384817808799234,1
CF_Wind,2022-11-16 05:00:00,463493,0.7891226897474275,1
Price,2022-11-16 05:00:00,463493,0.7891226897474275,1
CF_Wind,2022-11-16 06:00:00,463494,0.5304683349366279,1
Price,2022-11-16 06:00:00,463494,0.5304683349366279,1
CF_Wind,2022-11-16 07:00:00,463495,0.5282178784452713,1
Price,2022-11-16 07:00:00,463495,0.5282178784452713,1
CF_Wind,2022-11-16 08:00:00,463496,0.338807380492357,1
Price,2022-11-16 08:00:00,463496,0.338807380492357,1
CF_Wind,2022-11-16 09:00:00,463497,0.1849428703398952,1
Price,2022-11-16 09:00:00,463497,0.1849428703398952,1
Price,2022-11-16 10:00:00,463498,0.1005544926638357,1
Price,2022-11-16 11:00:00,463499,0.1190815774051456,1
Price,2022-11-16 12:00:00,463500,0.15916061418602,1
n_targets,2022-11-16 12:00:00,463500,0.15916061418602,1
Price,2022-11-16 13:00:00,463501,0.2615744692734465,1
n_targets,2022-11-16 13:00:00,463501,0.2615744692734465,1
Price,2022-11-16 14:00:00,463502,0.367214895718114,1
n_targets,2022-11-16 14:00:00,463502,0.367214895718114,1
Price,2022-11-16 15:00:00,463503,0.2976078831588766,1
Price,2022-11-16 16:00:00,463504,0.1540662670180164,1
Price,2022-11-16 17:00:00,463505,0.0743227327884885,1
Price,2022-11-16 18:00:00,463506,0.2243066477826873,1
Price,2022-11-16 19:00:00,463507,0.2599466200043379,1
n_targets,2022-11-16 19:00:00,463507,0.2599466200043379,1
Price,2022-11-16 20:00:00,463508,0.3062782873394432,1
Price,2022-11-16 21:00:00,463509,0.3985283161293762,1
CF_Wind,2022-11-16 22:00:00,463510,0.5129328634520798,1
Price,2022-11-16 22:00:00,463510,0.5129328634520798,1
CF_Wind,2022-11-16 23:00:00,463511,0.5701328811607349,1
Price,2022-11-16 23:00:00,463511,0.5701328811607349,1
CF_Wind,2022-11-17 00:00:00,463512,0.2946529121868539,1
Price,2022-11-17 00:00:00,463512,0.2946529121868539,1
CF_Wind,2022-11-17 01:00:00,463513,0.572967497510996,1
Price,2022-11-17 01:00:00,463513,0.572967497510996,1
CF_Wind,2022-11-17 02:00:00,463514,0.7223424859621608,1
Price,2022-11-17 02:00:00,463514,0.7223424859621608,1
CF_Wind,2022-11-17 03:00:00,463515,0.6532345117797569,1
Price,2022-11-17 03:00:00,463515,0.6532345117797569,1
CF_Wind,2022-11-17 04:00:00,463516,0.6743681595143773,1
Price,2022-11-17 04:00:00,463516,0.6743681595143773,1
CF_Wind,2022-11-17 05:00:00,463517,0.4850401268651434,1
Price,2022-11-17 05:00:00,463517,0.4850401268651434,1
CF_Wind,2022-11-17 06:00:00,463518,0.4014539962024068,1
Price,2022-11-17 06:00:00,463518,0.4014539962024068,1
CF_Wind,2022-11-17 07:00:00,463519,0.334491667795963,1
Price,2022-11-17 07:00:00,463519,0.334491667795963,1
CF_Wind,2022-11-17 08:00:00,463520,0.3202903561650363,1
Price,2022-11-17 08:00:00,463520,0.3202903561650363,1
CF_Wind,2022-11-17 09:00:00,463521,0.2039185899345708,1
Price,2022-11-17 09:00:00,463521,0.2039185899345708,1
CF_Wind,2022-11-17 10:00:00,463522,0.389132937304776,1
Price,2022-11-17 10:00:00,463522,0.389132937304776,1
CF_Wind,2022-11-17 11:00:00,463523,0.2993716350248012,1
Price,2022-11-17 11:00:00,463523,0.2993716350248012,1
CF_Wind,2022-11-17 12:00:00,463524,0.1364939537506277,1
Price,2022-11-17 12:00:00,463524,0.1364939537506277,1
CF_Wind,2022-11-17 13:00:00,463525,0.2587463379469692,1
CF_Wind,2022-11-17 14:00:00,463526,0.6268252504909577,1
CF_Wind,2022-11-17 15:00:00,463527,0.6620338039612863,1
CF_Wind,2022-11-17 16:00:00,463528,0.3113369031022908,1
Price,2022-11-17 16:00:00,463528,0.3113369031022908,1
CF_Wind,2022-11-17 17:00:00,463529,0.2690860297740265,1
Price,2022-11-17 17:00:00,463529,0.2690860297740265,1
CF_Wind,2022-11-17 18:00:00,463530,0.3264685993888918,1
Price,2022-11-17 18:00:00,463530,0.3264685993888918,1
CF_Wind,2022-11-17 19:00:00,463531,0.1468646978804013,1
Price,2022-11-17 19:00:00,463531,0.1468646978804013,1
CF_Wind,2022-11-17 20:00:00,463532,0.5256826336121039,1
Price,2022-11-17 20:00:00,463532,0.5256826336121039,1
CF_Wind,2022-11-17 21:00:00,463533,0.5527967104470763,1
CF_Wind,2022-11-17 22:00:00,463534,0.7613349295291796,1
Price,2022-11-17 22:00:00,463534,0.7613349295291796,1
CF_Wind,2022-11-17 23:00:00,463535,1.112354742850925,1
Price,2022-11-17 23:00:00,463535,1.112354742850925,1
CF_Wind,2022-11-18 00:00:00,463536,1.0181488673947767,1
Price,2022-11-18 00:00:00,463536,1.0181488673947767,1
CF_Wind,2022-11-18 01:00:00,463537,0.8546141278927073,1
Price,2022-11-18 01:00:00,463537,0.8546141278927073,1
CF_Wind,2022-11-18 02:00:00,463538,0.5708369395083608,1
Price,2022-11-18 02:00:00,463538,0.5708369395083608,1
CF_Wind,2022-11-18 03:00:00,463539,0.6468401728159332,1
Price,2022-11-18 03:00:00,463539,0.6468401728159332,1
CF_Wind,2022-11-18 04:00:00,463540,0.6135183711574026,1
Price,2022-11-18 04:00:00,463540,0.6135183711574026,1
CF_Wind,2022-11-18 05:00:00,463541,0.5522348186411612,1
Price,2022-11-18 05:00:00,463541,0.5522348186411612,1
CF_Wind,2022-11-18 06:00:00,463542,0.4330221111804495,1
Price,2022-11-18 06:00:00,463542,0.4330221111804495,1
CF_Wind,2022-11-18 07:00:00,463543,0.2724888564117669,1
CF_Wind,2022-11-18 08:00:00,463544,0.3007965604190155,1
Price,2022-11-18 08:00:00,463544,0.3007965604190155,1
Price,2022-11-18 09:00:00,463545,0.2121114151218761,1
Price,2022-11-18 10:00:00,463546,0.1972022077885595,1
Price,2022-11-18 11:00:00,463547,0.1983320715370555,1
Price,2022-11-18 12:00:00,463548,0.2247649265847751,1
Price,2022-11-18 13:00:00,463549,0.2663206655243655,1
Price,2022-11-18 14:00:00,463550,0.2309627271091225,1
n_targets,2022-11-18 14:00:00,463550,0.2309627271091225,1
Price,2022-11-18 15:00:00,463551,0.2660704208874709,1
Price,2022-11-18 16:00:00,463552,0.0814569323343721,1
Price,2022-11-18 22:00:00,463558,0.3551204404409269,1
Price,2022-11-18 23:00:00,463559,0.4790717447061379,1
Price,2022-11-19 00:00:00,463560,0.2148241667260002,1
n_targets,2022-11-19 00:00:00,463560,0.2148241667260002,1
Price,2022-11-19 01:00:00,463561,0.4270680989027866,1
n_targets,2022-11-19 01:00:00,463561,0.4270680989027866,1
Price,2022-11-19 02:00:00,463562,0.3765739414112867,1
n_targets,2022-11-19 02:00:00,463562,0.3765739414112867,1
Price,2022-11-19 03:00:00,463563,0.2386426931693945,1
n_targets,2022-11-19 03:00:00,463563,0.2386426931693945,1
Price,2022-11-19 08:00:00,463568,0.0797510033338573,1
n_targets,2022-11-19 08:00:00,463568,0.0797510033338573,1
Price,2022-11-19 09:00:00,463569,0.1963840461359018,1
Price,2022-11-19 10:00:00,463570,0.1580262109859844,1
CF_Wind,2022-11-19 11:00:00,463571,0.3426645986268812,1
Price,2022-11-19 11:00:00,463571,0.3426645986268812,1
CF_Wind,2022-11-19 12:00:00,463572,0.1231859114609636,1
Price,2022-11-19 12:00:00,463572,0.1231859114609636,1
CF_Wind,2022-11-19 13:00:00,463573,0.1556490137348081,1
Price,2022-11-19 13:00:00,463573,0.1556490137348081,1
CF_Wind,2022-11-19 14:00:00,463574,0.2327843636258295,1
Price,2022-11-19 14:00:00,463574,0.2327843636258295,1
CF_Wind,2022-11-19 15:00:00,463575,0.3864419945478992,1
Price,2022-11-19 15:00:00,463575,0.3864419945478992,1
Price,2022-11-19 16:00:00,463576,0.1620910691887276,1
Price,2022-11-19 17:00:00,463577,0.3575753551459351,1
Price,2022-11-19 18:00:00,463578,0.3885200123782761,1
CF_Wind,2022-11-19 19:00:00,463579,0.5017732990847126,1
Price,2022-11-19 19:00:00,463579,0.5017732990847126,1
CF_Wind,2022-11-19 21:00:00,463581,0.8342455592934899,1
Price,2022-11-19 21:00:00,463581,0.8342455592934899,1
CF_Wind,2022-11-19 22:00:00,463582,0.9083158316782324,1
Price,2022-11-19 22:00:00,463582,0.9083158316782324,1
CF_Wind,2022-11-19 23:00:00,463583,0.9839118480560316,1
Price,2022-11-19 23:00:00,463583,0.9839118480560316,1
CF_Wind,2022-11-20 00:00:00,463584,0.8441444410008616,1
Price,2022-11-20 00:00:00,463584,0.8441444410008616,1
CF_Wind,2022-11-20 01:00:00,463585,0.7864862527963403,1
Price,2022-11-20 01:00:00,463585,0.7864862527963403,1
CF_Wind,2022-11-20 02:00:00,463586,0.511979220842762,1
Price,2022-11-20 02:00:00,463586,0.511979220842762,1
CF_Wind,2022-11-20 03:00:00,463587,0.4193273305772178,1
Price,2022-11-20 03:00:00,463587,0.4193273305772178,1
CF_Wind,2022-11-20 04:00:00,463588,0.4629112580875716,1
CF_Wind,2022-11-20 05:00:00,463589,0.5070714886439085,1
CF_Wind,2022-11-20 06:00:00,463590,0.399182165400151,1
n_targets,2022-11-20 06:00:00,463590,0.399182165400151,1
CF_Wind,2022-11-20 07:00:00,463591,0.3795936812175822,1
n_targets,2022-11-20 07:00:00,463591,0.3795936812175822,1
CF_Wind,2022-11-20 08:00:00,463592,0.4964851117082924,1
n_targets,2022-11-20 08:00:00,463592,0.4964851117082924,1
CF_Wind,2022-11-20 09:00:00,463593,0.4822514282807226,1
n_targets,2022-11-20 09:00:00,463593,0.4822514282807226,1
CF_Wind,2022-11-20 10:00:00,463594,0.2201464522126315,1
n_targets,2022-11-20 10:00:00,463594,0.2201464522126315,1
CF_Wind,2022-11-20 11:00:00,463595,0.1027720980789501,1
CF_Wind,2022-11-20 12:00:00,463596,0.1562536516162509,1
CF_Wind,2022-11-20 13:00:00,463597,0.3308258562143227,1
CF_Wind,2022-11-20 14:00:00,463598,0.2870111761890204,1
n_targets,2022-11-20 14:00:00,463598,0.2870111761890204,1
CF_Wind,2022-11-20 15:00:00,463599,0.3529161134522798,1
CF_Wind,2022-11-20 21:00:00,463605,0.5111638287409535,1
Price,2022-11-20 21:00:00,463605,0.5111638287409535,1
CF_Wind,2022-11-20 22:00:00,463606,0.6390453102651874,1
Price,2022-11-20 22:00:00,463606,0.6390453102651874,1
CF_Wind,2022-11-20 23:00:00,463607,0.5398961721777062,1
CF_Wind,2022-11-21 00:00:00,463608,0.5096388015133779,1
CF_Wind,2022-11-21 01:00:00,463609,0.752378014626919,1
CF_Wind,2022-11-21 02:00:00,463610,0.9002022772279563,1
Price,2022-11-21 02:00:00,463610,0.9002022772279563,1
CF_Wind,2022-11-21 03:00:00,463611,0.7133199980512586,1
Price,2022-11-21 03:00:00,463611,0.7133199980512586,1
CF_Wind,2022-11-21 04:00:00,463612,0.2932073991859183,1
Price,2022-11-21 04:00:00,463612,0.2932073991859183,1
Price,2022-11-21 05:00:00,463613,0.3238525654391742,1
Price,2022-11-21 07:00:00,463615,0.8200424505173367,1
Price,2022-11-21 08:00:00,463616,0.5072043071123793,1
CF_Wind,2022-11-21 09:00:00,463617,0.4483815711402708,1
Price,2022-11-21 09:00:00,463617,0.4483815711402708,1
CF_Wind,2022-11-21 10:00:00,463618,0.4253936697008753,1
Price,2022-11-21 10:00:00,463618,0.4253936697008753,1
Price,2022-11-21 12:00:00,463620,0.2829232396308363,1
Price,2022-11-21 13:00:00,463621,0.4142065467054221,1
Price,2022-11-21 14:00:00,463622,0.6142963864055926,1
Price,2022-11-21 15:00:00,463623,0.4256308786360605,1
CF_Solar,2022-11-21 16:00:00,463624,0.5020005532097092,1
CF_Wind,2022-11-21 16:00:00,463624,0.5020005532097092,1
CF_Wind,2022-11-21 17:00:00,463625,0.629014170309262,1
CF_Wind,2022-11-21 18:00:00,463626,0.5837188152689903,1
Load_MW,2022-11-21 18:00:00,463626,0.5837188152689903,1
CF_Wind,2022-11-21 19:00:00,463627,0.6899169119989623,1
Load_MW,2022-11-21 19:00:00,463627,0.6899169119989623,1
CF_Wind,2022-11-21 20:00:00,463628,0.4904692877562955,1
Load_MW,2022-11-21 20:00:00,463628,0.4904692877562955,1
Price,2022-11-21 21:00:00,463629,0.2554620244926306,1
Price,2022-11-21 22:00:00,463630,0.3224569769753058,1
n_targets,2022-11-21 23:00:00,463631,0.1103886737422354,1
Price,2022-11-22 08:00:00,463640,0.3023515128857994,1
Price,2022-11-22 09:00:00,463641,0.2565922114317442,1
Price,2022-11-22 10:00:00,463642,0.3099508732449734,1
CF_Solar,2022-11-22 12:00:00,463644,0.4942866484662107,1
CF_Solar,2022-11-22 13:00:00,463645,0.7079977098369086,1
Load_MW,2022-11-22 13:00:00,463645,0.7079977098369086,1
CF_Solar,2022-11-22 14:00:00,463646,0.6544224240536061,1
Load_MW,2022-11-22 14:00:00,463646,0.6544224240536061,1
CF_Solar,2022-11-22 15:00:00,463647,0.5733107797892563,1
Load_MW,2022-11-22 15:00:00,463647,0.5733107797892563,1
CF_Solar,2022-11-22 16:00:00,463648,0.3189035581960804,1
Load_MW,2022-11-22 16:00:00,463648,0.3189035581960804,1
Load_MW,2022-11-22 19:00:00,463651,0.1637390138952741,1
Load_MW,2022-11-22 20:00:00,463652,0.2224674737551963,1
Price,2022-11-22 21:00:00,463653,0.1318979727355398,1
Load_MW,2022-11-23 00:00:00,463656,0.3509041057963105,1
Load_MW,2022-11-23 01:00:00,463657,0.0265423794872992,1
n_targets,2022-11-23 01:00:00,463657,0.0265423794872992,1
Price,2022-11-23 08:00:00,463664,0.14887713908754,1
Price,2022-11-23 09:00:00,463665,0.0624435113247936,1
Price,2022-11-23 10:00:00,463666,0.1454348587182552,1
n_targets,2022-11-23 10:00:00,463666,0.1454348587182552,1
Price,2022-11-23 12:00:00,463668,0.0166417741767235,1
Price,2022-11-23 13:00:00,463669,0.1462965071766604,1
Load_MW,2022-11-23 16:00:00,463672,0.3201366691739398,1
Load_MW,2022-11-23 19:00:00,463675,0.5168951650977343,1
Load_MW,2022-11-23 20:00:00,463676,0.3720232291957186,1
Load_MW,2022-11-23 21:00:00,463677,0.5358202360310715,1
Load_MW,2022-11-23 22:00:00,463678,0.3757815861031355,1
Price,2022-11-23 23:00:00,463679,0.3288697204861972,1
Price,2022-11-24 01:00:00,463681,0.7237616964464453,1
Price,2022-11-24 02:00:00,463682,0.0039669713801162,1
Price,2022-11-24 03:00:00,463683,0.5822472149344966,1
n_targets,2022-11-24 03:00:00,463683,0.5822472149344966,1
Price,2022-11-24 04:00:00,463684,0.2270456698151117,1
n_targets,2022-11-24 04:00:00,463684,0.2270456698151117,1
Price,2022-11-24 05:00:00,463685,0.3851038938730833,1
n_targets,2022-11-24 05:00:00,463685,0.3851038938730833,1
Price,2022-11-24 07:00:00,463687,0.6637090576447864,1
CF_Solar,2022-11-24 08:00:00,463688,0.4229106511639018,1
Price,2022-11-24 08:00:00,463688,0.4229106511639018,1
Price,2022-11-24 09:00:00,463689,0.3174025344513562,1
Price,2022-11-24 10:00:00,463690,0.3455809055692471,1
Price,2022-11-24 12:00:00,463692,0.3456305013703102,1
Price,2022-11-24 13:00:00,463693,0.4262385777073918,1
CF_Solar,2022-11-24 16:00:00,463696,0.832410372053715,1
Load_MW,2022-11-24 16:00:00,463696,0.832410372053715,1
Load_MW,2022-11-24 19:00:00,463699,0.9001412735125995,1
Load_MW,2022-11-24 20:00:00,463700,0.7393721967097184,1
Load_MW,2022-11-24 21:00:00,463701,0.6191125311426291,1
Price,2022-11-24 22:00:00,463702,0.2738566876125796,1
Price,2022-11-24 23:00:00,463703,0.3651229818474584,1
Price,2022-11-25 00:00:00,463704,0.3115075222490189,1
n_targets,2022-11-25 00:00:00,463704,0.3115075222490189,1
Price,2022-11-25 01:00:00,463705,0.6028929251310022,1
n_targets,2022-11-25 01:00:00,463705,0.6028929251310022,1
Price,2022-11-25 02:00:00,463706,0.3975440608757337,1
n_targets,2022-11-25 02:00:00,463706,0.3975440608757337,1
Price,2022-11-25 03:00:00,463707,0.3855384897704335,1
Price,2022-11-25 04:00:00,463708,0.5387721192359307,1
CF_Wind,2022-11-25 05:00:00,463709,0.4817066433709556,1
Price,2022-11-25 05:00:00,463709,0.4817066433709556,1
CF_Wind,2022-11-25 06:00:00,463710,0.591020955922303,1
CF_Wind,2022-11-25 07:00:00,463711,0.6481289470404212,1
CF_Wind,2022-11-25 08:00:00,463712,0.6124641588437532,1
Price,2022-11-25 08:00:00,463712,0.6124641588437532,1
CF_Wind,2022-11-25 09:00:00,463713,0.5046719484368998,1
Price,2022-11-25 09:00:00,463713,0.5046719484368998,1
CF_Wind,2022-11-25 10:00:00,463714,0.6280824427053504,1
Price,2022-11-25 10:00:00,463714,0.6280824427053504,1
CF_Wind,2022-11-25 11:00:00,463715,0.7222328887161384,1
Price,2022-11-25 11:00:00,463715,0.7222328887161384,1
CF_Wind,2022-11-25 12:00:00,463716,0.7290966260164615,1
Price,2022-11-25 12:00:00,463716,0.7290966260164615,1
CF_Wind,2022-11-25 13:00:00,463717,0.8002344461848716,1
Price,2022-11-25 13:00:00,463717,0.8002344461848716,1
CF_Wind,2022-11-25 14:00:00,463718,1.1085969149971402,1
Price,2022-11-25 14:00:00,463718,1.1085969149971402,1
CF_Wind,2022-11-25 15:00:00,463719,0.9881484379791504,1
Price,2022-11-25 15:00:00,463719,0.9881484379791504,1
CF_Solar,2022-11-25 16:00:00,463720,0.6705776241056427,1
CF_Wind,2022-11-25 16:00:00,463720,0.6705776241056427,1
CF_Wind,2022-11-25 17:00:00,463721,0.5262745714360555,1
CF_Wind,2022-11-25 18:00:00,463722,0.4950947271622954,1
Load_MW,2022-11-25 18:00:00,463722,0.4950947271622954,1
Load_MW,2022-11-25 19:00:00,463723,0.5507473680592696,1
Price,2022-11-25 20:00:00,463724,0.5120423417443063,1
Price,2022-11-25 21:00:00,463725,0.6482208920956529,1
CF_Wind,2022-11-25 22:00:00,463726,0.5577099896274107,1
Price,2022-11-25 22:00:00,463726,0.5577099896274107,1
CF_Wind,2022-11-25 23:00:00,463727,0.951702272031116,1
Price,2022-11-25 23:00:00,463727,0.951702272031116,1
Price,2022-11-26 01:00:00,463729,0.6690741553828268,1
Price,2022-11-26 02:00:00,463730,0.1879199162014424,1
Price,2022-11-26 04:00:00,463732,0.1688649365738272,1
Price,2022-11-26 09:00:00,463737,0.127217396360411,1
n_targets,2022-11-26 09:00:00,463737,0.127217396360411,1
Price,2022-11-26 10:00:00,463738,0.0638125499033412,1
n_targets,2022-11-26 10:00:00,463738,0.0638125499033412,1
Price,2022-11-26 11:00:00,463739,0.0211039724355164,1
n_targets,2022-11-26 11:00:00,463739,0.0211039724355164,1
Price,2022-11-26 12:00:00,463740,0.0805136470726326,1
n_targets,2022-11-26 12:00:00,463740,0.0805136470726326,1
Price,2022-11-26 13:00:00,463741,0.1189140189113351,1
n_targets,2022-11-26 13:00:00,463741,0.1189140189113351,1
Price,2022-11-26 14:00:00,463742,0.1724296171959913,1
n_targets,2022-11-26 14:00:00,463742,0.1724296171959913,1
Price,2022-11-26 15:00:00,463743,0.3399218424735251,1
Price,2022-11-26 16:00:00,463744,0.2224160240181449,1
Price,2022-11-26 23:00:00,463751,0.4768014480489591,1
CF_Wind,2022-11-27 05:00:00,463757,0.2825956837448993,1
CF_Wind,2022-11-27 06:00:00,463758,0.3071104654157615,1
n_targets,2022-11-27 06:00:00,463758,0.3071104654157615,1
CF_Wind,2022-11-27 07:00:00,463759,0.0582646070913546,1
n_targets,2022-11-27 07:00:00,463759,0.0582646070913546,1
CF_Wind,2022-11-27 08:00:00,463760,0.2269645104846267,1
n_targets,2022-11-27 08:00:00,463760,0.2269645104846267,1
CF_Wind,2022-11-27 09:00:00,463761,0.3850369493151138,1
n_targets,2022-11-27 09:00:00,463761,0.3850369493151138,1
CF_Wind,2022-11-27 10:00:00,463762,0.4148492383459699,1
n_targets,2022-11-27 10:00:00,463762,0.4148492383459699,1
CF_Wind,2022-11-27 11:00:00,463763,0.5890432659674816,1
n_targets,2022-11-27 11:00:00,463763,0.5890432659674816,1
CF_Wind,2022-11-27 12:00:00,463764,0.0975560951869352,1
n_targets,2022-11-27 12:00:00,463764,0.0975560951869352,1
CF_Wind,2022-11-27 13:00:00,463765,0.0612639604311995,1
n_targets,2022-11-27 13:00:00,463765,0.0612639604311995,1
CF_Solar,2022-11-28 07:00:00,463783,0.7517202869824542,1
Price,2022-11-28 07:00:00,463783,0.7517202869824542,1
CF_Solar,2022-11-28 08:00:00,463784,0.597697407324379,1
Price,2022-11-28 08:00:00,463784,0.597697407324379,1
CF_Solar,2022-11-28 09:00:00,463785,0.5408478720656931,1
Price,2022-11-28 09:00:00,463785,0.5408478720656931,1
Price,2022-11-28 10:00:00,463786,0.5686336784200645,1
CF_Wind,2022-11-28 11:00:00,463787,0.73064866688094,1
Price,2022-11-28 11:00:00,463787,0.73064866688094,1
CF_Wind,2022-11-28 12:00:00,463788,0.7480527223895161,1
Price,2022-11-28 12:00:00,463788,0.7480527223895161,1
CF_Solar,2022-11-28 13:00:00,463789,0.8537326688346716,1
CF_Wind,2022-11-28 13:00:00,463789,0.8537326688346716,1
Price,2022-11-28 13:00:00,463789,0.8537326688346716,1
CF_Solar,2022-11-28 14:00:00,463790,1.3289146897539827,1
CF_Wind,2022-11-28 14:00:00,463790,1.3289146897539827,1
CF_Solar,2022-11-28 15:00:00,463791,1.176484638781184,1
Price,2022-11-28 15:00:00,463791,1.176484638781184,1
CF_Solar,2022-11-28 16:00:00,463792,0.8501243319044864,1
Price,2022-11-28 16:00:00,463792,0.8501243319044864,1
Price,2022-11-29 01:00:00,463801,1.1330346551085682,1
Price,2022-11-29 02:00:00,463802,0.8517733709184048,1
Price,2022-11-29 03:00:00,463803,0.8584042284870956,1
n_targets,2022-11-29 03:00:00,463803,0.8584042284870956,1
Price,2022-11-29 04:00:00,463804,0.8386236611898099,1
n_targets,2022-11-29 04:00:00,463804,0.8386236611898099,1
Price,2022-11-29 05:00:00,463805,0.8339829573176498,1
n_targets,2022-11-29 05:00:00,463805,0.8339829573176498,1
Price,2022-11-29 07:00:00,463807,1.916796391557464,1
CF_Solar,2022-11-29 08:00:00,463808,1.8165370132092316,1
Price,2022-11-29 08:00:00,463808,1.8165370132092316,1
CF_Solar,2022-11-29 09:00:00,463809,1.3156033835365804,1
Price,2022-11-29 09:00:00,463809,1.3156033835365804,1
CF_Solar,2022-11-29 10:00:00,463810,1.5558241566319335,1
CF_Solar,2022-11-29 11:00:00,463811,1.5893579015593096,1
CF_Solar,2022-11-29 12:00:00,463812,1.4527619579883395,1
Load_MW,2022-11-29 12:00:00,463812,1.4527619579883395,1
CF_Solar,2022-11-29 13:00:00,463813,1.555523718005018,1
Load_MW,2022-11-29 13:00:00,463813,1.555523718005018,1
CF_Solar,2022-11-29 14:00:00,463814,1.7757377553590876,1
Price,2022-11-29 14:00:00,463814,1.7757377553590876,1
CF_Solar,2022-11-29 15:00:00,463815,2.1742055183006146,1
CF_Solar,2022-11-29 16:00:00,463816,1.7861918201697995,1
Load_MW,2022-11-29 19:00:00,463819,1.6601385167702116,1
Load_MW,2022-11-29 20:00:00,463820,1.299807887003082,1
Load_MW,2022-11-29 21:00:00,463821,1.550643618459528,1
Price,2022-11-29 22:00:00,463822,1.2046270484164343,1
Price,2022-11-29 23:00:00,463823,1.6457579256626698,1
Price,2022-11-30 00:00:00,463824,1.5320774326986122,1
Price,2022-11-30 01:00:00,463825,2.059322318249241,1
Price,2022-11-30 02:00:00,463826,1.7780004400434946,1
CF_Wind,2022-11-30 03:00:00,463827,1.814106663089051,1
Price,2022-11-30 03:00:00,463827,1.814106663089051,1
CF_Wind,2022-11-30 04:00:00,463828,2.009579954835183,1
Price,2022-11-30 04:00:00,463828,2.009579954835183,1
CF_Wind,2022-11-30 05:00:00,463829,1.930667181710331,1
Price,2022-11-30 05:00:00,463829,1.930667181710331,1
CF_Wind,2022-11-30 06:00:00,463830,2.216542308486384,1
Price,2022-11-30 06:00:00,463830,2.216542308486384,1
CF_Wind,2022-11-30 07:00:00,463831,2.1586380730300085,1
Price,2022-11-30 07:00:00,463831,2.1586380730300085,1
CF_Wind,2022-11-30 08:00:00,463832,1.930714345491065,1
Price,2022-11-30 08:00:00,463832,1.930714345491065,1
CF_Wind,2022-11-30 09:00:00,463833,1.8950893950335317,1
Price,2022-11-30 09:00:00,463833,1.8950893950335317,1
CF_Wind,2022-11-30 10:00:00,463834,1.780862258384788,1
Price,2022-11-30 10:00:00,463834,1.780862258384788,1
CF_Wind,2022-11-30 11:00:00,463835,1.885126183592094,1
Price,2022-11-30 11:00:00,463835,1.885126183592094,1
CF_Wind,2022-11-30 12:00:00,463836,1.9590341957806097,1
Price,2022-11-30 12:00:00,463836,1.9590341957806097,1
CF_Wind,2022-11-30 13:00:00,463837,2.013459883678599,1
Price,2022-11-30 13:00:00,463837,2.013459883678599,1
CF_Solar,2022-11-30 14:00:00,463838,2.3570632778717675,1
CF_Wind,2022-11-30 14:00:00,463838,2.3570632778717675,1
Price,2022-11-30 14:00:00,463838,2.3570632778717675,1
CF_Solar,2022-11-30 15:00:00,463839,2.352225675408354,1
CF_Wind,2022-11-30 15:00:00,463839,2.352225675408354,1
Price,2022-11-30 15:00:00,463839,2.352225675408354,1
CF_Solar,2022-11-30 16:00:00,463840,1.8750824032590452,1
CF_Wind,2022-11-30 16:00:00,463840,1.8750824032590452,1
Load_MW,2022-11-30 19:00:00,463843,1.409793630376059,1
Price,2022-11-30 20:00:00,463844,1.1211455433208024,1
Price,2022-11-30 21:00:00,463845,1.159117420294035,1
Price,2022-11-30 22:00:00,463846,1.2062603973014214,1
CF_Wind,2022-11-30 23:00:00,463847,1.462485697242472,1
Price,2022-11-30 23:00:00,463847,1.462485697242472,1
CF_Wind,2022-12-01 00:00:00,463848,1.5781378683855067,1
Price,2022-12-01 00:00:00,463848,1.5781378683855067,1
CF_Wind,2022-12-01 01:00:00,463849,2.1778994924391446,1
Price,2022-12-01 01:00:00,463849,2.1778994924391446,1
CF_Wind,2022-12-01 02:00:00,463850,2.0141205995352767,1
CF_Wind,2022-12-01 03:00:00,463851,2.321358162906368,1
CF_Wind,2022-12-01 04:00:00,463852,2.229099589251051,1
Price,2022-12-01 04:00:00,463852,2.229099589251051,1
CF_Wind,2022-12-01 05:00:00,463853,2.0166963890841663,1
Price,2022-12-01 05:00:00,463853,2.0166963890841663,1
CF_Wind,2022-12-01 06:00:00,463854,2.0173249572968768,1
Price,2022-12-01 06:00:00,463854,2.0173249572968768,1
CF_Wind,2022-12-01 07:00:00,463855,1.9770729844316304,1
Price,2022-12-01 07:00:00,463855,1.9770729844316304,1
CF_Wind,2022-12-01 08:00:00,463856,1.75478936501774,1
Price,2022-12-01 08:00:00,463856,1.75478936501774,1
CF_Wind,2022-12-01 09:00:00,463857,1.9687575954679404,1
Price,2022-12-01 09:00:00,463857,1.9687575954679404,1
CF_Wind,2022-12-01 10:00:00,463858,2.052949184307086,1
Price,2022-12-01 10:00:00,463858,2.052949184307086,1
CF_Solar,2022-12-01 11:00:00,463859,2.079899676898508,1
CF_Wind,2022-12-01 11:00:00,463859,2.079899676898508,1
Price,2022-12-01 11:00:00,463859,2.079899676898508,1
CF_Solar,2022-12-01 12:00:00,463860,2.326836578093036,1
CF_Wind,2022-12-01 12:00:00,463860,2.326836578093036,1
Price,2022-12-01 12:00:00,463860,2.326836578093036,1
CF_Solar,2022-12-01 13:00:00,463861,2.434311754895649,1
CF_Wind,2022-12-01 13:00:00,463861,2.434311754895649,1
Price,2022-12-01 13:00:00,463861,2.434311754895649,1
CF_Solar,2022-12-01 14:00:00,463862,2.4524774064538333,1
CF_Wind,2022-12-01 14:00:00,463862,2.4524774064538333,1
Price,2022-12-01 14:00:00,463862,2.4524774064538333,1
CF_Solar,2022-12-01 15:00:00,463863,2.3639129043568445,1
CF_Wind,2022-12-01 15:00:00,463863,2.3639129043568445,1
Price,2022-12-01 21:00:00,463869,1.2339272080513584,1
CF_Wind,2022-12-01 22:00:00,463870,1.269945311978163,1
Price,2022-12-01 22:00:00,463870,1.269945311978163,1
CF_Wind,2022-12-01 23:00:00,463871,1.9210833120057436,1
Price,2022-12-01 23:00:00,463871,1.9210833120057436,1
CF_Wind,2022-12-02 00:00:00,463872,2.4050790058462885,1
Price,2022-12-02 00:00:00,463872,2.4050790058462885,1
CF_Wind,2022-12-02 01:00:00,463873,2.698498113733905,1
Price,2022-12-02 01:00:00,463873,2.698498113733905,1
CF_Wind,2022-12-02 02:00:00,463874,2.5146104669417264,1
Price,2022-12-02 02:00:00,463874,2.5146104669417264,1
CF_Wind,2022-12-02 05:00:00,463877,1.7928816058115244,1
Price,2022-12-02 05:00:00,463877,1.7928816058115244,1
CF_Wind,2022-12-02 07:00:00,463879,2.5490583826329924,1
CF_Solar,2022-12-02 08:00:00,463880,1.8102547175538464,1
CF_Wind,2022-12-02 08:00:00,463880,1.8102547175538464,1
Load_MW,2022-12-02 08:00:00,463880,1.8102547175538464,1
CF_Solar,2022-12-02 09:00:00,463881,2.045831619493807,1
CF_Wind,2022-12-02 09:00:00,463881,2.045831619493807,1
Price,2022-12-02 09:00:00,463881,2.045831619493807,1
CF_Solar,2022-12-02 10:00:00,463882,1.889072015569794,1
CF_Wind,2022-12-02 10:00:00,463882,1.889072015569794,1
Price,2022-12-02 10:00:00,463882,1.889072015569794,1
CF_Solar,2022-12-02 11:00:00,463883,1.9473988711228425,1
CF_Wind,2022-12-02 11:00:00,463883,1.9473988711228425,1
Price,2022-12-02 11:00:00,463883,1.9473988711228425,1
CF_Solar,2022-12-02 12:00:00,463884,2.1817920413767613,1
CF_Wind,2022-12-02 12:00:00,463884,2.1817920413767613,1
Price,2022-12-02 12:00:00,463884,2.1817920413767613,1
CF_Solar,2022-12-02 13:00:00,463885,2.1873443626803875,1
CF_Wind,2022-12-02 13:00:00,463885,2.1873443626803875,1
Price,2022-12-02 13:00:00,463885,2.1873443626803875,1
CF_Solar,2022-12-02 14:00:00,463886,2.012414479185124,1
CF_Wind,2022-12-02 14:00:00,463886,2.012414479185124,1
Price,2022-12-02 14:00:00,463886,2.012414479185124,1
CF_Solar,2022-12-02 15:00:00,463887,1.9618699733313527,1
CF_Wind,2022-12-02 15:00:00,463887,1.9618699733313527,1
CF_Solar,2022-12-02 16:00:00,463888,1.6705044356079417,1
CF_Wind,2022-12-02 16:00:00,463888,1.6705044356079417,1
Price,2022-12-03 03:00:00,463899,0.597078067798994,1
CF_Solar,2022-12-03 07:00:00,463903,0.4366822033244906,1
Price,2022-12-03 07:00:00,463903,0.4366822033244906,1
Price,2022-12-03 08:00:00,463904,0.5165032113120069,1
Price,2022-12-03 09:00:00,463905,0.5485800067560178,1
Price,2022-12-03 10:00:00,463906,0.4993379474457713,1
n_targets,2022-12-03 10:00:00,463906,0.4993379474457713,1
Price,2022-12-03 11:00:00,463907,0.4756683385358566,1
n_targets,2022-12-03 11:00:00,463907,0.4756683385358566,1
Price,2022-12-03 12:00:00,463908,0.5810663785899657,1
n_targets,2022-12-03 12:00:00,463908,0.5810663785899657,1
Price,2022-12-03 13:00:00,463909,0.6907884675606553,1
Price,2022-12-03 14:00:00,463910,0.674214836848535,1
Price,2022-12-03 15:00:00,463911,0.5018785524013003,1
Price,2022-12-03 16:00:00,463912,0.3852317962811098,1
Price,2022-12-03 17:00:00,463913,0.3645061433789276,1
n_targets,2022-12-03 17:00:00,463913,0.3645061433789276,1
Price,2022-12-04 02:00:00,463922,0.1360045180693649,1
Price,2022-12-04 09:00:00,463929,0.3491704451808675,1
n_targets,2022-12-04 09:00:00,463929,0.3491704451808675,1
Price,2022-12-04 10:00:00,463930,0.3301174094595238,1
n_targets,2022-12-04 10:00:00,463930,0.3301174094595238,1
Price,2022-12-04 11:00:00,463931,0.3447181191522019,1
n_targets,2022-12-04 11:00:00,463931,0.3447181191522019,1
Price,2022-12-04 12:00:00,463932,0.297136459635442,1
n_targets,2022-12-04 12:00:00,463932,0.297136459635442,1
Price,2022-12-04 13:00:00,463933,0.3525152342607793,1
n_targets,2022-12-04 13:00:00,463933,0.3525152342607793,1
Price,2022-12-04 14:00:00,463934,0.4153417420743306,1
n_targets,2022-12-04 14:00:00,463934,0.4153417420743306,1
Price,2022-12-04 15:00:00,463935,0.3406732841601851,1
n_targets,2022-12-04 15:00:00,463935,0.3406732841601851,1
Price,2022-12-04 16:00:00,463936,0.2075117520092546,1
n_targets,2022-12-04 16:00:00,463936,0.2075117520092546,1
Price,2022-12-04 17:00:00,463937,0.290334368311721,1
n_targets,2022-12-04 17:00:00,463937,0.290334368311721,1
Price,2022-12-04 18:00:00,463938,0.3613409953040083,1
n_targets,2022-12-04 18:00:00,463938,0.3613409953040083,1
Price,2022-12-04 19:00:00,463939,0.5375683113793555,1
n_targets,2022-12-04 19:00:00,463939,0.5375683113793555,1
Price,2022-12-05 05:00:00,463949,0.6175082104072602,1
CF_Solar,2022-12-05 08:00:00,463952,1.467083839518848,1
Price,2022-12-05 08:00:00,463952,1.467083839518848,1
CF_Solar,2022-12-05 09:00:00,463953,1.3384385651302546,1
Price,2022-12-05 09:00:00,463953,1.3384385651302546,1
CF_Solar,2022-12-05 10:00:00,463954,1.338829094554475,1
CF_Solar,2022-12-05 11:00:00,463955,1.4763572603477388,1
CF_Solar,2022-12-05 12:00:00,463956,1.6714898203119302,1
Price,2022-12-05 12:00:00,463956,1.6714898203119302,1
CF_Solar,2022-12-05 13:00:00,463957,1.742064404095138,1
Price,2022-12-05 13:00:00,463957,1.742064404095138,1
CF_Solar,2022-12-05 14:00:00,463958,1.7065281786780957,1
CF_Solar,2022-12-05 15:00:00,463959,1.6399396513586382,1
CF_Wind,2022-12-05 21:00:00,463965,1.694664562221148,1
Load_MW,2022-12-05 21:00:00,463965,1.694664562221148,1
CF_Wind,2022-12-05 22:00:00,463966,1.7030039080895167,1
Price,2022-12-05 22:00:00,463966,1.7030039080895167,1
Price,2022-12-06 00:00:00,463968,1.5591628276177536,1
Price,2022-12-06 01:00:00,463969,1.6722237262928128,1
Price,2022-12-06 02:00:00,463970,1.750273514529047,1
n_targets,2022-12-06 02:00:00,463970,1.750273514529047,1
Price,2022-12-06 03:00:00,463971,1.5597444064492194,1
n_targets,2022-12-06 03:00:00,463971,1.5597444064492194,1
Price,2022-12-06 04:00:00,463972,1.5134274624253434,1
Price,2022-12-06 05:00:00,463973,1.2951147180911278,1
Price,2022-12-06 06:00:00,463974,1.3263796673685722,1
Price,2022-12-06 07:00:00,463975,1.977066339556602,1
Price,2022-12-06 08:00:00,463976,1.8705824313845685,1
CF_Solar,2022-12-06 09:00:00,463977,1.582721518009694,1
Price,2022-12-06 09:00:00,463977,1.582721518009694,1
CF_Solar,2022-12-06 10:00:00,463978,1.423447969879461,1
Price,2022-12-06 10:00:00,463978,1.423447969879461,1
CF_Solar,2022-12-06 11:00:00,463979,1.4262800616756706,1
Price,2022-12-06 11:00:00,463979,1.4262800616756706,1
CF_Solar,2022-12-06 12:00:00,463980,1.736445669288032,1
Price,2022-12-06 12:00:00,463980,1.736445669288032,1
CF_Solar,2022-12-06 13:00:00,463981,2.0182000401321503,1
Price,2022-12-06 13:00:00,463981,2.0182000401321503,1
CF_Solar,2022-12-06 14:00:00,463982,2.1502263808944573,1
Price,2022-12-06 14:00:00,463982,2.1502263808944573,1
CF_Solar,2022-12-06 15:00:00,463983,2.1007240269191234,1
Price,2022-12-06 15:00:00,463983,2.1007240269191234,1
CF_Solar,2022-12-06 16:00:00,463984,1.5908670780398495,1
Price,2022-12-06 20:00:00,463988,1.1673777151902986,1
CF_Wind,2022-12-06 21:00:00,463989,1.4810603151421866,1
Price,2022-12-06 21:00:00,463989,1.4810603151421866,1
CF_Wind,2022-12-06 22:00:00,463990,1.5957560818416583,1
Price,2022-12-06 22:00:00,463990,1.5957560818416583,1
Price,2022-12-06 23:00:00,463991,1.1662811145867966,1
Price,2022-12-07 00:00:00,463992,1.264353069729299,1
Price,2022-12-07 01:00:00,463993,1.2948965765364535,1
n_targets,2022-12-07 01:00:00,463993,1.2948965765364535,1
Price,2022-12-07 02:00:00,463994,1.22314098366336,1
CF_Wind,2022-12-07 04:00:00,463996,1.3950469190887989,1
Price,2022-12-07 04:00:00,463996,1.3950469190887989,1
CF_Wind,2022-12-07 05:00:00,463997,1.5428480707949712,1
Price,2022-12-07 05:00:00,463997,1.5428480707949712,1
CF_Wind,2022-12-07 06:00:00,463998,1.5531996859771535,1
Price,2022-12-07 06:00:00,463998,1.5531996859771535,1
CF_Wind,2022-12-07 07:00:00,463999,1.1968119320970174,1
Price,2022-12-07 07:00:00,463999,1.1968119320970174,1
Price,2022-12-07 08:00:00,464000,1.0654589359254696,1
Price,2022-12-07 09:00:00,464001,0.9676757308359248,1
CF_Solar,2022-12-07 11:00:00,464003,1.0135889423321076,1
Price,2022-12-07 11:00:00,464003,1.0135889423321076,1
CF_Solar,2022-12-07 12:00:00,464004,1.111275325101737,1
Price,2022-12-07 12:00:00,464004,1.111275325101737,1
CF_Solar,2022-12-07 14:00:00,464006,1.4062402792132147,1
Price,2022-12-07 14:00:00,464006,1.4062402792132147,1
CF_Solar,2022-12-07 15:00:00,464007,1.6421417375070722,1
Price,2022-12-07 15:00:00,464007,1.6421417375070722,1
CF_Solar,2022-12-07 16:00:00,464008,1.375350612433584,1
CF_Solar,2022-12-09 07:00:00,464047,2.0795350870907487,1
CF_Wind,2022-12-09 07:00:00,464047,2.0795350870907487,1
Price,2022-12-09 07:00:00,464047,2.0795350870907487,1
CF_Solar,2022-12-09 08:00:00,464048,1.9728936144980345,1
Price,2022-12-09 08:00:00,464048,1.9728936144980345,1
CF_Solar,2022-12-09 09:00:00,464049,1.9957964508551889,1
Price,2022-12-09 09:00:00,464049,1.9957964508551889,1
CF_Solar,2022-12-09 10:00:00,464050,1.8690343432181191,1
Price,2022-12-09 10:00:00,464050,1.8690343432181191,1
CF_Solar,2022-12-09 11:00:00,464051,1.98839828880218,1
Price,2022-12-09 11:00:00,464051,1.98839828880218,1
CF_Solar,2022-12-09 12:00:00,464052,2.395630040429201,1
Price,2022-12-09 12:00:00,464052,2.395630040429201,1
CF_Solar,2022-12-09 13:00:00,464053,2.309356121697076,1
CF_Wind,2022-12-09 13:00:00,464053,2.309356121697076,1
Price,2022-12-09 13:00:00,464053,2.309356121697076,1
CF_Solar,2022-12-09 14:00:00,464054,2.242284368039787,1
Price,2022-12-09 14:00:00,464054,2.242284368039787,1
CF_Solar,2022-12-09 15:00:00,464055,2.176308395633304,1
Price,2022-12-09 15:00:00,464055,2.176308395633304,1
CF_Wind,2022-12-09 21:00:00,464061,1.8789514964603984,1
Price,2022-12-09 21:00:00,464061,1.8789514964603984,1
Price,2022-12-10 01:00:00,464065,1.729707825647533,1
Price,2022-12-10 02:00:00,464066,1.727561852977062,1
Price,2022-12-10 03:00:00,464067,1.5282258975678475,1
n_targets,2022-12-10 03:00:00,464067,1.5282258975678475,1
Price,2022-12-10 04:00:00,464068,1.152526768296907,1
n_targets,2022-12-10 04:00:00,464068,1.152526768296907,1
Price,2022-12-10 06:00:00,464070,0.6517580980455258,1
Price,2022-12-10 08:00:00,464072,1.0630216671905663,1
Price,2022-12-10 09:00:00,464073,1.0829913936310542,1
Price,2022-12-10 10:00:00,464074,1.019870626312355,1
n_targets,2022-12-10 10:00:00,464074,1.019870626312355,1
Price,2022-12-10 11:00:00,464075,1.1480009873358563,1
Price,2022-12-10 12:00:00,464076,1.398282837277239,1
CF_Solar,2022-12-10 13:00:00,464077,1.6085935972915428,1
Price,2022-12-10 13:00:00,464077,1.6085935972915428,1
CF_Solar,2022-12-10 14:00:00,464078,1.5647670995082228,1
Price,2022-12-10 14:00:00,464078,1.5647670995082228,1
CF_Solar,2022-12-10 15:00:00,464079,1.5599232983972957,1
Price,2022-12-10 15:00:00,464079,1.5599232983972957,1
CF_Solar,2022-12-11 07:00:00,464095,0.9907427613555776,1
Price,2022-12-11 07:00:00,464095,0.9907427613555776,1
CF_Wind,2022-12-11 08:00:00,464096,1.378214501743036,1
Price,2022-12-11 08:00:00,464096,1.378214501743036,1
CF_Wind,2022-12-11 09:00:00,464097,1.4031876286919325,1
Price,2022-12-11 09:00:00,464097,1.4031876286919325,1
CF_Wind,2022-12-11 10:00:00,464098,1.4448031594004895,1
Price,2022-12-11 10:00:00,464098,1.4448031594004895,1
CF_Wind,2022-12-11 11:00:00,464099,1.6568802289804163,1
Price,2022-12-11 11:00:00,464099,1.6568802289804163,1
CF_Wind,2022-12-11 12:00:00,464100,1.6309976100051011,1
Price,2022-12-11 12:00:00,464100,1.6309976100051011,1
CF_Wind,2022-12-11 13:00:00,464101,1.70517740724304,1
Price,2022-12-11 13:00:00,464101,1.70517740724304,1
CF_Wind,2022-12-11 14:00:00,464102,1.7452493906787545,1
Price,2022-12-11 14:00:00,464102,1.7452493906787545,1
CF_Wind,2022-12-11 15:00:00,464103,1.4550109582709452,1
Price,2022-12-11 15:00:00,464103,1.4550109582709452,1
CF_Solar,2022-12-12 07:00:00,464119,2.411330430334633,1
CF_Solar,2022-12-12 08:00:00,464120,2.1420597340900067,1
Load_MW,2022-12-12 08:00:00,464120,2.1420597340900067,1
CF_Solar,2022-12-12 09:00:00,464121,1.9013275658923536,1
Load_MW,2022-12-12 09:00:00,464121,1.9013275658923536,1
CF_Solar,2022-12-12 10:00:00,464122,1.6500321778184404,1
Load_MW,2022-12-12 10:00:00,464122,1.6500321778184404,1
CF_Solar,2022-12-12 11:00:00,464123,1.7053444069278407,1
Load_MW,2022-12-12 11:00:00,464123,1.7053444069278407,1
CF_Solar,2022-12-12 12:00:00,464124,2.031090642506736,1
Price,2022-12-12 12:00:00,464124,2.031090642506736,1
CF_Solar,2022-12-12 13:00:00,464125,2.3118953887313785,1
CF_Solar,2022-12-12 14:00:00,464126,2.559585419930346,1
CF_Solar,2022-12-12 15:00:00,464127,2.4774161060509825,1
Load_MW,2022-12-12 15:00:00,464127,2.4774161060509825,1
CF_Solar,2022-12-12 16:00:00,464128,2.0647479568249607,1
Load_MW,2022-12-12 16:00:00,464128,2.0647479568249607,1
Price,2022-12-13 01:00:00,464137,1.9683980321486925,1
CF_Wind,2022-12-13 03:00:00,464139,2.434173644925261,1
Price,2022-12-13 03:00:00,464139,2.434173644925261,1
CF_Wind,2022-12-13 04:00:00,464140,2.5390590699978293,1
Price,2022-12-13 04:00:00,464140,2.5390590699978293,1
CF_Wind,2022-12-13 05:00:00,464141,2.6199518858604183,1
Price,2022-12-13 05:00:00,464141,2.6199518858604183,1
CF_Wind,2022-12-13 06:00:00,464142,2.949412271873721,1
Price,2022-12-13 06:00:00,464142,2.949412271873721,1
CF_Wind,2022-12-13 07:00:00,464143,2.8738419584664245,1
Price,2022-12-13 07:00:00,464143,2.8738419584664245,1
CF_Wind,2022-12-13 08:00:00,464144,2.723937584078276,1
Price,2022-12-13 08:00:00,464144,2.723937584078276,1
CF_Wind,2022-12-13 09:00:00,464145,2.348036859303821,1
Price,2022-12-13 09:00:00,464145,2.348036859303821,1
CF_Wind,2022-12-13 10:00:00,464146,2.179087668439392,1
Price,2022-12-13 10:00:00,464146,2.179087668439392,1
CF_Wind,2022-12-13 11:00:00,464147,2.0736909597268864,1
Price,2022-12-13 11:00:00,464147,2.0736909597268864,1
CF_Wind,2022-12-13 12:00:00,464148,2.2622651157260867,1
Price,2022-12-13 12:00:00,464148,2.2622651157260867,1
CF_Solar,2022-12-13 13:00:00,464149,2.49594847239014,1
CF_Wind,2022-12-13 13:00:00,464149,2.49594847239014,1
Price,2022-12-13 13:00:00,464149,2.49594847239014,1
CF_Solar,2022-12-13 14:00:00,464150,2.669556581167754,1
CF_Wind,2022-12-13 14:00:00,464150,2.669556581167754,1
Price,2022-12-13 14:00:00,464150,2.669556581167754,1
CF_Solar,2022-12-13 15:00:00,464151,2.509031461588714,1
CF_Wind,2022-12-13 15:00:00,464151,2.509031461588714,1
CF_Solar,2022-12-13 16:00:00,464152,2.025898204862997,1
CF_Wind,2022-12-13 16:00:00,464152,2.025898204862997,1
Price,2022-12-14 07:00:00,464167,1.602090533394279,1
Price,2022-12-14 08:00:00,464168,1.8423217537947345,1
Price,2022-12-14 09:00:00,464169,1.9095286816688648,1
CF_Solar,2022-12-14 10:00:00,464170,1.776617525278216,1
Price,2022-12-14 10:00:00,464170,1.776617525278216,1
CF_Solar,2022-12-14 11:00:00,464171,1.918987458021035,1
Price,2022-12-14 11:00:00,464171,1.918987458021035,1
CF_Solar,2022-12-14 12:00:00,464172,2.20503526400789,1
Price,2022-12-14 12:00:00,464172,2.20503526400789,1
CF_Solar,2022-12-14 13:00:00,464173,2.484904740124938,1
Price,2022-12-14 13:00:00,464173,2.484904740124938,1
CF_Solar,2022-12-14 14:00:00,464174,2.4961641027022905,1
Price,2022-12-14 14:00:00,464174,2.4961641027022905,1
CF_Solar,2022-12-14 15:00:00,464175,2.24140049321728,1
CF_Solar,2022-12-14 16:00:00,464176,1.8693168279182484,1
CF_Wind,2022-12-15 00:00:00,464184,1.994514022714296,1
Price,2022-12-15 00:00:00,464184,1.994514022714296,1
CF_Wind,2022-12-15 01:00:00,464185,2.2696269262250093,1
Price,2022-12-15 01:00:00,464185,2.2696269262250093,1
CF_Wind,2022-12-15 02:00:00,464186,2.1844890147393854,1
Price,2022-12-15 02:00:00,464186,2.1844890147393854,1
CF_Wind,2022-12-15 03:00:00,464187,2.0997597769497838,1
Price,2022-12-15 03:00:00,464187,2.0997597769497838,1
CF_Wind,2022-12-15 04:00:00,464188,1.8573419978172332,1
Price,2022-12-15 04:00:00,464188,1.8573419978172332,1
CF_Solar,2022-12-15 08:00:00,464192,2.2808222695596068,1
CF_Wind,2022-12-15 08:00:00,464192,2.2808222695596068,1
CF_Solar,2022-12-15 09:00:00,464193,2.389773974683039,1
CF_Wind,2022-12-15 09:00:00,464193,2.389773974683039,1
Load_MW,2022-12-15 09:00:00,464193,2.389773974683039,1
CF_Solar,2022-12-15 10:00:00,464194,2.363325137753047,1
CF_Wind,2022-12-15 10:00:00,464194,2.363325137753047,1
Price,2022-12-15 10:00:00,464194,2.363325137753047,1
CF_Solar,2022-12-15 11:00:00,464195,2.6367415415387416,1
CF_Wind,2022-12-15 11:00:00,464195,2.6367415415387416,1
Price,2022-12-15 11:00:00,464195,2.6367415415387416,1
CF_Solar,2022-12-15 12:00:00,464196,3.0239591216372146,1
CF_Wind,2022-12-15 12:00:00,464196,3.0239591216372146,1
Price,2022-12-15 12:00:00,464196,3.0239591216372146,1
CF_Solar,2022-12-15 13:00:00,464197,3.158928513824214,1
CF_Wind,2022-12-15 13:00:00,464197,3.158928513824214,1
CF_Solar,2022-12-15 14:00:00,464198,3.3379216767803976,1
CF_Wind,2022-12-15 14:00:00,464198,3.3379216767803976,1
CF_Solar,2022-12-15 15:00:00,464199,3.0643152021341797,1
CF_Wind,2022-12-15 15:00:00,464199,3.0643152021341797,1
Load_MW,2022-12-15 15:00:00,464199,3.0643152021341797,1
CF_Wind,2022-12-15 20:00:00,464204,2.1688608548938784,1
Load_MW,2022-12-15 20:00:00,464204,2.1688608548938784,1
CF_Wind,2022-12-15 21:00:00,464205,2.202213875103218,1
Load_MW,2022-12-15 21:00:00,464205,2.202213875103218,1
CF_Wind,2022-12-15 22:00:00,464206,2.428561103871223,1
Load_MW,2022-12-15 22:00:00,464206,2.428561103871223,1
CF_Wind,2022-12-15 23:00:00,464207,2.1048294447644222,1
Price,2022-12-15 23:00:00,464207,2.1048294447644222,1
CF_Wind,2022-12-16 01:00:00,464209,1.8548559823401851,1
Price,2022-12-16 01:00:00,464209,1.8548559823401851,1
CF_Wind,2022-12-16 05:00:00,464213,1.646614757248518,1
Price,2022-12-16 05:00:00,464213,1.646614757248518,1
CF_Wind,2022-12-16 06:00:00,464214,2.345759938583896,1
Price,2022-12-16 06:00:00,464214,2.345759938583896,1
CF_Wind,2022-12-16 07:00:00,464215,2.0886442530635048,1
Load_MW,2022-12-16 09:00:00,464217,1.9603319520305416,1
Price,2022-12-16 10:00:00,464218,1.8724902323746817,1
CF_Solar,2022-12-16 11:00:00,464219,1.9730180395144257,1
Price,2022-12-16 11:00:00,464219,1.9730180395144257,1
CF_Solar,2022-12-16 12:00:00,464220,2.3358605447978924,1
Price,2022-12-16 12:00:00,464220,2.3358605447978924,1
CF_Solar,2022-12-16 13:00:00,464221,2.561194184328087,1
Price,2022-12-16 13:00:00,464221,2.561194184328087,1
CF_Solar,2022-12-16 14:00:00,464222,2.5089879131778017,1
CF_Solar,2022-12-16 15:00:00,464223,2.303591913244591,1
Price,2022-12-16 23:00:00,464231,1.1114630098848677,1
Price,2022-12-17 00:00:00,464232,1.0334678477834909,1
Price,2022-12-17 01:00:00,464233,1.392710872164472,1
n_targets,2022-12-17 01:00:00,464233,1.392710872164472,1
Price,2022-12-17 02:00:00,464234,0.8761465033340814,1
n_targets,2022-12-17 02:00:00,464234,0.8761465033340814,1
Price,2022-12-17 04:00:00,464236,0.5043409341577558,1
CF_Solar,2022-12-17 08:00:00,464240,0.6584587399473909,1
Price,2022-12-17 08:00:00,464240,0.6584587399473909,1
Price,2022-12-17 09:00:00,464241,0.5601420724841408,1
Price,2022-12-17 10:00:00,464242,0.4940705286442703,1
Price,2022-12-17 11:00:00,464243,0.559526697517629,1
n_targets,2022-12-17 11:00:00,464243,0.559526697517629,1
Price,2022-12-17 12:00:00,464244,0.6249921635098321,1
n_targets,2022-12-17 12:00:00,464244,0.6249921635098321,1
Price,2022-12-17 13:00:00,464245,0.7646400522571986,1
Price,2022-12-17 14:00:00,464246,1.0095330284682793,1
CF_Solar,2022-12-17 15:00:00,464247,0.9897629186985476,1
Price,2022-12-17 15:00:00,464247,0.9897629186985476,1
CF_Solar,2022-12-17 16:00:00,464248,0.8991807772940374,1
Load_MW,2022-12-18 01:00:00,464257,0.6660280060994688,1
Price,2022-12-18 02:00:00,464258,0.2790151130808174,1
Price,2022-12-18 03:00:00,464259,0.2157449517194256,1
Price,2022-12-18 04:00:00,464260,0.3749479845434418,1
CF_Wind,2022-12-18 05:00:00,464261,0.2054973269460818,1
Price,2022-12-18 09:00:00,464265,0.3539164982734746,1
Price,2022-12-18 10:00:00,464266,0.4011985189698048,1
CF_Wind,2022-12-18 11:00:00,464267,0.297124209013885,1
Load_MW,2022-12-18 15:00:00,464271,0.6234820679828952,1
Load_MW,2022-12-18 16:00:00,464272,0.8482342491575672,1
Load_MW,2022-12-18 17:00:00,464273,0.8037453441064113,1
Load_MW,2022-12-18 18:00:00,464274,0.6478436800789851,1
Price,2022-12-18 19:00:00,464275,0.1553029778615846,1
Price,2022-12-19 07:00:00,464287,1.4223809706218689,1
CF_Wind,2022-12-19 08:00:00,464288,1.1661182504834788,1
Price,2022-12-19 08:00:00,464288,1.1661182504834788,1
CF_Wind,2022-12-19 09:00:00,464289,1.4929199619193585,1
Price,2022-12-19 09:00:00,464289,1.4929199619193585,1
CF_Wind,2022-12-19 10:00:00,464290,1.366690201638617,1
Price,2022-12-19 10:00:00,464290,1.366690201638617,1
CF_Wind,2022-12-19 11:00:00,464291,1.1566570400610832,1
CF_Wind,2022-12-19 12:00:00,464292,1.4515962188073563,1
Price,2022-12-19 12:00:00,464292,1.4515962188073563,1
CF_Wind,2022-12-19 13:00:00,464293,1.2852894663618355,1
Price,2022-12-19 13:00:00,464293,1.2852894663618355,1
CF_Solar,2022-12-19 14:00:00,464294,1.020159989086958,1
Price,2022-12-19 14:00:00,464294,1.020159989086958,1
CF_Solar,2022-12-19 15:00:00,464295,1.1309571027217762,1
Price,2022-12-19 15:00:00,464295,1.1309571027217762,1
CF_Solar,2022-12-19 16:00:00,464296,0.830803943022522,1
CF_Wind,2022-12-20 00:00:00,464304,0.3026416693806244,1
Load_MW,2022-12-20 10:00:00,464314,0.4695785037836582,1
Load_MW,2022-12-20 11:00:00,464315,0.4467998250465499,1
Load_MW,2022-12-20 12:00:00,464316,0.5108729830372656,1
Load_MW,2022-12-20 13:00:00,464317,0.6512186831270708,1
CF_Solar,2022-12-20 14:00:00,464318,0.7969874062802822,1
Load_MW,2022-12-20 14:00:00,464318,0.7969874062802822,1
CF_Solar,2022-12-20 15:00:00,464319,0.920343391020508,1
Load_MW,2022-12-20 15:00:00,464319,0.920343391020508,1
CF_Solar,2022-12-20 16:00:00,464320,0.607243453031187,1
Load_MW,2022-12-20 16:00:00,464320,0.607243453031187,1
Load_MW,2022-12-20 18:00:00,464322,0.870056059160041,1
Load_MW,2022-12-20 19:00:00,464323,0.7646279307403456,1
Load_MW,2022-12-20 20:00:00,464324,0.5597307119777977,1
Load_MW,2022-12-20 21:00:00,464325,0.5903819331069717,1
Load_MW,2022-12-20 22:00:00,464326,0.6958043917902783,1
Load_MW,2022-12-20 23:00:00,464327,0.3363966298553082,1
Load_MW,2022-12-21 00:00:00,464328,0.6958399931188015,1
Load_MW,2022-12-21 01:00:00,464329,0.7579673434545708,1
Price,2022-12-21 02:00:00,464330,0.2847789379075296,1
Price,2022-12-21 03:00:00,464331,0.3883386112686273,1
CF_Wind,2022-12-21 04:00:00,464332,0.7092692912696963,1
Price,2022-12-21 04:00:00,464332,0.7092692912696963,1
CF_Wind,2022-12-21 05:00:00,464333,0.5255296138339112,1
Price,2022-12-21 05:00:00,464333,0.5255296138339112,1
CF_Wind,2022-12-21 06:00:00,464334,0.6113146552871616,1
Price,2022-12-21 06:00:00,464334,0.6113146552871616,1
CF_Wind,2022-12-21 07:00:00,464335,0.4326766731576994,1
Price,2022-12-21 07:00:00,464335,0.4326766731576994,1
Price,2022-12-21 10:00:00,464338,0.247116550841647,1
Price,2022-12-21 11:00:00,464339,0.1893613654317245,1
Price,2022-12-21 12:00:00,464340,0.2779725312401455,1
Price,2022-12-21 13:00:00,464341,0.440622437162028,1
Load_MW,2022-12-21 16:00:00,464344,0.5262851877449555,1
Load_MW,2022-12-21 17:00:00,464345,0.4673099321350522,1
Load_MW,2022-12-21 18:00:00,464346,0.5306586748945268,1
Price,2022-12-21 19:00:00,464347,0.4376061990867808,1
CF_Wind,2022-12-21 20:00:00,464348,0.4886545196862744,1
Price,2022-12-21 20:00:00,464348,0.4886545196862744,1
CF_Wind,2022-12-21 21:00:00,464349,0.4296853708577191,1
Price,2022-12-21 21:00:00,464349,0.4296853708577191,1
CF_Wind,2022-12-21 22:00:00,464350,0.3187718585187147,1
CF_Wind,2022-12-21 23:00:00,464351,0.5073365011442721,1
CF_Wind,2022-12-22 00:00:00,464352,0.2001577952013236,1
n_targets,2022-12-22 00:00:00,464352,0.2001577952013236,1
CF_Wind,2022-12-22 01:00:00,464353,0.3604305147125384,1
n_targets,2022-12-22 01:00:00,464353,0.3604305147125384,1
CF_Wind,2022-12-22 02:00:00,464354,0.4825646631894509,1
n_targets,2022-12-22 02:00:00,464354,0.4825646631894509,1
CF_Wind,2022-12-22 03:00:00,464355,0.5946200828222561,1
n_targets,2022-12-22 03:00:00,464355,0.5946200828222561,1
CF_Wind,2022-12-22 04:00:00,464356,0.5973886693483306,1
n_targets,2022-12-22 04:00:00,464356,0.5973886693483306,1
CF_Wind,2022-12-22 05:00:00,464357,0.2516677633490174,1
n_targets,2022-12-22 05:00:00,464357,0.2516677633490174,1
Load_MW,2022-12-22 08:00:00,464360,0.1544645057211289,1
Load_MW,2022-12-22 09:00:00,464361,0.0952560832748847,1
Price,2022-12-22 10:00:00,464362,0.2124851249717425,1
Price,2022-12-22 11:00:00,464363,0.0500692372756126,1
Price,2022-12-22 12:00:00,464364,0.4875707464787755,1
Price,2022-12-22 13:00:00,464365,0.3912593794877157,1
CF_Solar,2022-12-22 14:00:00,464366,0.4134892728451222,1
Price,2022-12-22 14:00:00,464366,0.4134892728451222,1
CF_Solar,2022-12-22 15:00:00,464367,0.539132267181335,1
Price,2022-12-22 15:00:00,464367,0.539132267181335,1
CF_Solar,2022-12-22 16:00:00,464368,0.2280272464892756,1
n_targets,2022-12-22 18:00:00,464370,0.0405509212081909,1
CF_Wind,2022-12-23 02:00:00,464378,0.5116515762580587,1
n_targets,2022-12-23 02:00:00,464378,0.5116515762580587,1
CF_Wind,2022-12-23 03:00:00,464379,0.4536765220654446,1
n_targets,2022-12-23 03:00:00,464379,0.4536765220654446,1
CF_Wind,2022-12-23 04:00:00,464380,0.6333678469190822,1
n_targets,2022-12-23 04:00:00,464380,0.6333678469190822,1
CF_Wind,2022-12-23 05:00:00,464381,0.1974061248468812,1
n_targets,2022-12-23 05:00:00,464381,0.1974061248468812,1
CF_Wind,2022-12-23 14:00:00,464390,0.032967120200178,1
n_targets,2022-12-23 14:00:00,464390,0.032967120200178,1
Load_MW,2022-12-31 23:00:00,464591,0.1398859542834662,1
n_targets,2022-12-31 23:00:00,464591,0.1398859542834662,1
