{
  "meta": {
    "method": "conformal",
    "alpha": 0.9,
    "bucket_by": "none"
  },
  "targets": {
    "CF_Solar": {
      "default": 0.1354685430450916
    },
    "CF_Wind": {
      "default": 0.22942692268133277
    },
    "Load_MW": {
      "default": 2830.1728742173214
    },
    "Price": {
      "default": 132.79504203573086
    }
  }
}