{
  "meta": {
    "method": "conformal",
    "alpha": 0.9,
    "bucket_by": "none"
  },
  "targets": {
    "CF_Solar": {
      "default": 0.16459342270791694
    },
    "CF_Wind": {
      "default": 0.3641005421035211
    },
    "Load_MW": {
      "default": 7876.800518798828
    },
    "Price": {
      "default": 140.11365930175785
    }
  }
}