{
  "meta": {
    "method": "conformal",
    "alpha": 0.9,
    "bucket_by": "none"
  },
  "targets": {
    "CF_Solar": {
      "default": 0.18532800613577985
    },
    "CF_Wind": {
      "default": 0.46726149147268087
    },
    "Load_MW": {
      "default": 11748.016357421877
    },
    "Price": {
      "default": 161.70663455963148
    }
  }
}